ReleaseID,stai_y1_state_total,stai_y1_trait_total,bdi_total,mbi_ineff,mbi_cyn,mbi_exhaus,pcl_total,dsm_5_psychoticism,pss_total,tics_total_score,dhs_score,neo_neuro,neo_extra,neo_open,neo_agree,neo_cons,ssq_s,ssq_n,ctq_ea,ctq_pa,ctq_sa,ctq_en,ctq_pn,ctq_md,leq_positive_events_score,leq_negative_events_score,leq_total_events_score,srh_score,mcc_score,dsm_5_cross_cutting_imputed,dsm_5_neg_aff_imputed,dsm_5_detachment_imputed,dsm_5_antagonism_imputed,dsm_5_disinhibition_imputed,l_cat,scor_abp1_psqi_global,mfis_phy_sub,mfis_cog_sub,mfis_psy_sub,compass_orth_int,compass_vasomotor,compass_secretomotor,compass_gastrointest,compass_bladded,compass_pupillomotor,compass_total,pfs_phys,pfs_mental,dcf_sit_stand_time,dcf_bodyfat_avg,fat_free_mass,hip_waist_circum_ratio,dcg_adj_wgt,fev1_average,fev1_predicted_average,fvc_average,fvc_predicted_average,fev1fvc_average,pi_geneticdiagnosistype,met_ree_d1,met_ree_d2,met_vo2_d2,respiratory_rate_rr_breaths_min,met_feo2_d2,met_tidal_d2,met_ve_d2,met_vo2_kg_d2,nmdas_i_ii_iii_score,cns_score_total,karnofsky_100,hr_avg_p5_300s,hr_avg_p10_300s,hr_avg_p5_60s_1,hr_avg_p5_60s_2,respr_count_p5_60s_1,respr_count_p5_60s_2,hr_avg_p10_60s_1,hr_avg_p10_60s_2,respr_count_p10_60s_1,respr_count_p10_60s_2,ln_nd1_copies_ul_saliva_m5,ln_b2m_copies_ul_saliva_m5,ln_nd1_copies_ul_saliva_5,ln_b2m_copies_ul_saliva_5,ln_nd1_copies_ul_saliva_10,ln_b2m_copies_ul_saliva_10,ln_nd1_copies_ul_saliva_20,ln_b2m_copies_ul_saliva_20,ln_nd1_copies_ul_saliva_30,ln_b2m_copies_ul_saliva_30,ln_nd1_copies_ul_saliva_60,ln_b2m_copies_ul_saliva_60,ln_nd1_copies_ul_saliva_90,ln_b2m_copies_ul_saliva_90,ln_nd1_copies_ul_saliva_120,ln_b2m_copies_ul_saliva_120,ln_nd1_copies_ul_serum_m5,ln_b2m_copies_ul_serum_m5,ln_nd1_copies_ul_serum_5,ln_b2m_copies_ul_serum_5,ln_nd1_copies_ul_serum_10,ln_b2m_copies_ul_serum_10,ln_nd1_copies_ul_serum_20,ln_b2m_copies_ul_serum_20,ln_nd1_copies_ul_serum_30,ln_b2m_copies_ul_serum_30,ln_nd1_copies_ul_serum_60,ln_b2m_copies_ul_serum_60,ln_nd1_copies_ul_serum_90,ln_b2m_copies_ul_serum_90,ln_b2m_copies_ul_serum_120,ln_nd1_copies_ul_serum_120,ln_nd1_copies_ul_plasma_m5,ln_b2m_copies_ul_plasma_m5,ln_nd1_copies_ul_plasma_5,ln_b2m_copies_ul_plasma_5,ln_nd1_copies_ul_plasma_10,ln_b2m_copies_ul_plasma_10,ln_nd1_copies_ul_plasma_20,ln_b2m_copies_ul_plasma_20,ln_nd1_copies_ul_plasma_30,ln_b2m_copies_ul_plasma_30,ln_nd1_copies_ul_plasma_60,ln_b2m_copies_ul_plasma_60,ln_nd1_copies_ul_plasma_90,ln_b2m_copies_ul_plasma_90,ln_nd1_copies_ul_plasma_120,ln_b2m_copies_ul_plasma_120,hgba1c_edta1,glucose_serum,cholesterol_serum,insulin_serum,sodium_serum,potassium_serum,chloride_serum,co2_serum,bun_serum,creatinine_serum,albumin_serum,calcium_serum,triglycerides_serum,hdl_serum,cpeptide_serum,wbc_edta1,neutroabsolute_edta1,lymphabsolute_edta1,monoabsolute_edta1,eosabsolute_edta1,basoabsolute_edta1,fibrinogen_blue,crp_serum,scr_max_sc_5_min,scr_max_sc_10_min,fgf21_fasting_pgml,fgf21_s1_pgml,fgf21_s2_pgml,fgf21_s3_pgml,fgf21_s4_pgml,fgf21_s5_pgml,fgf21_s6_pgml,fgf21_s7_pgml,fgf21_s8_pgml,gdf15_t_fasting1,gdf15_t_minus5,gdf15_t_5,gdf15_t_10,gdf15_t_20,gdf15_t_30,gdf15_t_60,gdf15_t_90,gdf15_t_120,lactate_nmolul__t_m5,lactate_nmolul__t_5,lactate_nmolul__t_10,lactate_nmolul__t_20,lactate_nmolul__t_30,lactate_nmolul__t_60,lactate_nmolul__t_90,lactate_nmolul__t_120,ipaq_total_met,ipaq_intensity,vf_c1_lf_cor_scaled,vf_c1_cf_cor_scaled,vf_c1_cs_cor_scaled,vf_c1_cs_tsa_scaled,nab_shl_irg_perc,nab_shl_drg_perc,rbans_cd_scaled,rbans_ll_scaled,nab_snl_spd_perc,tm_ns_scaled,tm_ls_scaled,tm_nls_scaled,nab_sdgf_perc,nab_sdgb_perc,cwi_cn_scaled,cwi_wr_scaled,cwi_inhib_scaled,cwi_inh_cn_scaled,st_free_corsort_scaled,topf_standrd_score,wasi_full_sum_c
PC4E828883B,31,46,15,1.4,2.6,3.5,27,2,17,50,92,37,32,23,42,39,34,25,8,5,5,15,5,3e-06,0,0,5,3,88,4,5,0,0,0,3,8,13,20,0,16,2.49999,4.2857142,6.2499997,2.222,3.996,35.2537039,23,15,8,39.5,65.5305,1,164.2,3.03,101.33333333333,3.93,105.33333333333,77,2,,,,,,,,,24,52,,73.45117253,71.71466332,79.50582192,74.34743784,14.499493,15.21204,77.0773423,72.7289875,19.813199,19.519243,5.77,1.78,5.83,2.78,,,6.62,2.83,4.91,1.91,4.55,1.3,5.9,1.3,5.36,1.99,,,,,8.12,2.97,7.41,2.35,,,,,,,,,,,,,,,,,,,,,,,,,4.9,73,207,2,138,4.4,101,26,12,0.61,4.2,9.1,153,58,1.3,7.26,4.9,1.57,0.44,0.27,0.06,434,0.42,9.909,11.452,216.2290175,,,158.5617913,106.6446901,,,,,924.9422756,,,822.5905792,,,,,,,,,,,,,,3366,3,3,5,3,6,38,2,3,4,1,1,1,1,1,10,1,6,1,10,,104,89
PD8FB1975A8,41,49,10,4.4,4.4,3.8333333333333,34,1,22,53,77,43,40,38,43,37,31,35,8,10,21,9,5,1.3e-05,,0,16,5,133,11,6,3,2,1,2,10,19,20,4,16,0,8.5714284,10.7142852,2.222,3.33,40.8377136,36,24,12,28.75,49.82375,1.1351351351351,171.6,3.76,112.33333333333,4.6,109,82,2,,,,,,,,,28,67,,70.34914844,67.64363319,76.9502463,68.50253953,,,67.89045531,65.48171527,14.851999,15.866083,,,,,,,,,,,,,,,,,7.73,2.65,7.48,,7.63,2.39,7.99,2.27,7.61,1.71,7.78,2.49,8.61,2.73,2.59,7.72,7.33,1.86,7.43,1.75,7.24,1.17,7.53,1.34,6.88,1.75,7.13,1.66,7.63,1.48,7.14,1.36,5.2,93,215,9,143,4.3,102,27,14,0.74,4.2,9.2,104,53,1.8,6.12,3.66,1.64,0.45,0.31,0.04,,1.82,,,600.7317489,446.7244407,461.1067505,534.6122759,489.9369161,513.5564907,518.8301667,535.3432957,526.4231875,4543.456978,2441.693069,2565.383076,2058.112406,2346.897514,2043.621114,2373.458969,2484.746357,2403.715414,0.670615414,0.749983162,0.758198188,0.730903103,0.71102804,0.695127991,0.664255394,0.644380332,1138.5,2,10,12,9,9,88,66,9,8,38,10,11,11,18,54,11,11,10,9,12,95,105
P95423AA6E8,63,63,24,3.2,1.8,0.8,50,8,31,79,104,50,26,45,42,25,33,13,15,9,5,13,9,6e-06,,,1,3,135,19,13,10,4,12,2,13,4,4,0,12,0,4.2857142,4.4642855,0,0,20.7499997,18,16,17,35.55,56.13345,1.0769230769231,156.2,2.6,110,2.95,103,88.333333333333,0,,,,,,,,,0,75,,76.12063123,73.56495775,92.65883167,76.90174877,,,73.16284169,70.85696716,,,6.43,2.46,,,6.79,2.15,6.13,1.94,6.69,2.97,6.24,1.47,6.52,2.15,7.27,3.72,6.95,2.99,6.91,2.75,6.66,2.23,6.71,2.83,6.54,3.02,7.24,3.07,6.66,2.99,2.63,6.44,6.49,1.9,6.63,1.53,6.11,1.36,6.74,1.13,6.25,1.34,6.99,1.19,6.56,1.95,5.67,1.14,5.2,95,115,14,142,4.4,109,19,12,1.05,4,9.2,64,46,2,5.94,4.09,1.43,0.34,0.05,0.02,,5.12,6.685,7.762,229.1187199,273.0146549,283.6071236,294.8902306,289.8362915,295.8514667,265.1894785,235.1548267,228.9887118,604.4950704,573.6672198,556.5396754,583.7376956,611.1509622,304.9420962,504.6306699,526.4497138,479.8900838,0.58965766,0.955358805,0.981991389,0.846840966,0.664652895,0.505917398,0.271391664,0.257081619,864,2,11,14,9,10,58,31,10,10,27,8,11,7,75,3,6,9,7,11,4,110,83
P78E15D77A5,44,47,12,,,,21,0,21,20,71,40,31,41,42,39,36,14,5,5,5,5,5,2e-05,0,0,21,1,50,3,4,0,0,0,1,4,30,10,6,0,0,4.2857142,5.3571426,0,3.996,13.6388568,41,34,9,31.55,27.4485,1.1,85.3,1.23,55.333333333333,1.52,56.333333333333,81,2,,,,,,,,,36,53,,83.67809754,84.42387188,87.14649567,82.00552469,,,85.30335137,82.48422515,,,,,7.3,3.05,7.93,3.8,5.9,1.88,7.23,2.69,,,,,,,8.58,4.11,8.45,4.57,8.63,3.95,8.42,3.72,8.49,3.48,,,,,,,7.95,1.63,8.18,1.65,8.59,1.51,8.61,1.08,7.15,1.45,,,,,,,,,,,,,,,,,,,,,,,,,,,,,,3.612,,,767.8688549,767.1258718,847.5892473,962.8247909,944.8880013,,,,,2230.153793,2552.585492,2630.293639,2771.053129,2947.475384,,,,1.098856755,1.204989587,1.144966899,1.026909029,0.867908532,-0.218727371,-0.21514986,-0.235422423,,1,5,10,10,11,,,,7,,1,2,8,,,3,5,6,13,,,91
P7C07C91863,36,38,2,4.8,2.6,3.3333333333333,21,3,18,53,56,24,38,49,46,50,33,29,21,8,5,18,7,1.6e-05,5,8,13,1,182,6,1,3,1,0,3,8,31,24,5,24,0,8.5714284,12.4999994,0,3.996,49.0674278,37,13,7,34.9,46.8358,1.0263157894737,132.5,2.7033333333333,83.666666666667,3.1166666666667,82.333333333333,87,2,,,,,,,,,39,61,,62.87562283,62.63109181,69.4560626,64.91099112,19.168069,18.901614,62.60690743,67.22252079,19.792229,20.971892,7.86,3.3,9.2,5,9.73,5.44,8.49,4.59,9.24,4.71,8.4,3.78,8.16,3.52,7.59,3.39,7.95,3.82,7.32,3.38,7.13,3.44,7.32,3.47,7.23,3.27,8,3.18,7.66,3.34,3.59,7.04,7.8,1.31,7.31,1.42,7.1,1.41,7.36,1.59,6.83,2.13,7.12,1.41,7.37,1.4,7.54,1.48,5.1,88,168,2,143,4.2,101,28,16,0.58,4.4,9.6,105,47,0.8,5.3,2.52,2.15,0.4,0.17,0.03,309,1.16,6.331,5.095,3051.204491,1703.2896,1605.857403,1896.320468,2032.447166,1907.391782,2206.609186,2430.890839,2470.413428,,2937.376521,2788.773391,3472.10457,3012.775265,3060.48384,3323.720817,3132.936702,3213.612604,1.060696635,1.184717024,1.098989255,1.128006846,1.095941746,1.042014077,1.136089371,0.862741015,499,1,6,12,13,13,4,4,1,7,1,7,3,8,8,18,3,4,9,16,9,109,109
PB556C6DE6A,41,53,7,2.4,4.6,1.6666666666667,32,0,24,39,66,37,30,49,45,29,34,19,6,5,5,10,6,2e-05,29,12,41,3,61,14,3,3,1,0,3,5,1,4,2,12,0,0,2.6785713,0,0,14.6785713,25,20,19,34.5,51.9225,1.1515151515152,148.8,2.95,99,3.7766666666667,108.66666666667,77.666666666667,0,,,,,,,,,0,75,,67.27599769,70.06299353,77.44132035,63.94299422,17.227555,15.205399,69.24332276,68.91164562,14.205962,18.699778,7.03,2.41,8.55,4.56,7.57,3.72,7.08,2.2,5.21,2.03,5.44,1.91,4.91,1.61,4.65,1.62,8.05,3.47,,,7.9,3.58,,,,,,,,,3.04,8.08,7.68,1.58,,,7.39,1.79,,,,,,,,,7.57,2.14,5.1,79,151,6,140,4.2,102,26,13,0.72,4.7,9.4,40,70,1.1,3.88,2.25,1.2,0.34,0.07,0.01,290,0.89,4.897,3.787,28.49453596,,5.685713043,1.575514584,,,,,0.829356348,290.3146455,305.5122699,,346.1224438,,,,,280.9591557,0.541295009,-0.207597336,0.657365372,-0.220714877,-0.218594871,-0.215812362,-0.221244879,0.417672122,792,1,16,14,17,16,86,90,9,14,38,11,12,15,34,34,10,11,12,12,14,115,142
P4E1EE318EF,24,27,2,5,2,1.8,24,3,9,22,48,25,31,24,48,40,33,24,8,5,5,5,7,2.00002,7,1,9,4,60,5,3,0,0,2,2,4,2,0,0,0,0,2.1428571,3.5714284,0,0.333,6.0472855,10,0,26,16.7,23.7641,1.0625,139.7,3.2633333333333,80.333333333333,4.4066666666667,92,74,1,,,,,,,,,0,75,,77.44185952,81.03401239,80.80646589,74.94706271,20.877929,19.488556,82.42790371,78.56343054,20.502679,21.648525,7.68,2.54,7.48,3.19,8.31,3.68,7.67,4.11,,,7.81,3.3,,,5.84,2.44,8.49,3.51,8.37,3.58,8.03,2.69,8.51,3.52,8.57,3.3,8.53,3.17,8.32,3.72,3.86,8.24,7.04,1.84,6.91,1.22,6.73,1.63,7.2,0.83,6.8,0.31,6.84,1.19,7.4,1.25,7.07,1.05,4.8,85,173,5,141,4.4,101,26,20,1.06,4.9,9.8,103,42,1.3,5.45,2.69,1.93,0.48,0.33,0.01,201,0.45,17.16,16.778,394.3109481,51.48394311,65.4370005,67.59770033,43.46939681,42.35039396,53.99350848,57.28133945,50.13721576,289.5306921,189.3069673,210.4466358,178.7921537,177.4834344,172.4935749,200.7619799,191.8890807,193.9802641,0.747465654,0.676842933,0.683732955,0.719640567,0.635237803,0.566337587,0.56713259,0.571240103,719,2,8,12,5,6,84,54,15,13,76,10,9,10,73,46,10,11,13,13,5,110,82
PB74328369A,29,41,12,3.8,2.8,1.5,55,15,14,54,60,28,40,51,35,40,32,14,13,8,5,11,9,1.3e-05,17,12,29,3,119,44,3,7,3,12,2,7,5,4,2,24,0,0,2.6785713,0,0,26.6785713,6,12,10,28.0499999999999,65.88945,1.0454545454545,232.3,4.4166666666667,103.66666666667,5.3066666666667,106,83.333333333333,0,,,,,,,,,0,75,,79.97757185,82.8030459,80.29370694,79.33686275,21.929491,22.632923,84.24835544,78.94822376,24.433427,22.120844,6.81,2.66,6.53,2.94,6.83,2.73,,,8.4,4.21,7.18,3.25,7.44,1.36,6.19,1.88,7.77,3.79,7.68,3.64,7.81,3.98,7.59,3.87,8.59,4.7,7.59,4.07,7.67,4.17,3.76,8.37,7.65,1.61,7.65,1.78,7.13,1.89,7.51,1.7,7.73,1.81,7.31,2.01,7.16,1.94,6.82,1.62,5,92,181,18,140,4.7,101,27,14,0.84,4.6,9.3,76,44,2.3,7.15,4.03,2.55,0.47,0.06,0.02,310,1.35,3.176,3.291,84.18594367,56.18712068,46.2569623,31.01545076,15.7211487,11.42458534,12.04539661,12.66365127,30.44076464,200.4024474,185.2279973,167.9644443,194.9868011,157.4630011,170.0563009,160.8453754,167.1350964,148.6879814,0.837433436,0.695657992,0.715798055,0.695392991,0.713943049,0.939061254,0.634707801,0.574155112,2286,2,9,12,8,9,90,92,8,9,31,10,6,10,46,46,5,9,6,12,12,107,104
P759B18AE3E,33,37,12,3.4,5.4,3,25,1,16,48,58,32,35,33,44,45,30,15,5,5,5,5,5,2.00002,21,8,29,3,55,7,2,0,2,1,2,3,19,7,6,12,0,0,2.6785713,0,0.999,15.6775713,13,8,20,9.2,14.3704,1.03125,153.6,,,,,,0,,,,,,,,,0,71,,,52.55513779,67.3434387,53.77985298,12.639113,7.047689,55.64539619,46.74534614,13.305415,11.314662,7.06,3.22,,,8.15,4.26,,,,,,,7.36,4.12,7.68,3.79,7.3,3.35,7.5,2.54,,,7.4,2.69,7.59,3.1,7.87,3.45,7.54,2.99,3.08,7.62,7.95,1.63,6.94,1.22,,,6.75,1.06,7.18,1.14,7.25,1.35,6.91,1.3,7.24,1.68,5.2,102,157,5,143,4.1,101,29,13,0.79,4.8,10,72,41,1.4,6.04,3.51,1.55,0.51,0.38,0.07,256,0.57,9.05,6.951,388.8240209,85.1511823,57.20526803,,27.02783788,24.0180535,41.79000596,20.18584023,33.91586449,450.1189009,508.7056661,523.7089801,,483.6861869,513.5302692,490.8592744,490.2023455,521.4396586,0.872148545,0.886326089,-0.204682327,0.504062392,0.502869889,0.463517265,0.35645693,0.405482084,1737,2,10,8,6,6,84,59,9,8,95,,4,12,31,21,9,13,9,10,11,91,93
P28EE3ED9DC,32,38,3,6,0.8,1.6666666666667,18,0,13,50,52,29,43,37,43,56,36,34,5,5,5,6,5,1.00004,,0,2,4,63,2,2,0,1,0,5,4,0,0,0,0,0,4.2857142,5.3571426,0,0,9.6428568,7,3,28,25.75,38.728,1.0151515151515,148.7,,,,,,1,,,,,,,,,1,70,,57.14143399,56.87472107,59.70729646,57.87590829,14.672019,18.025101,62.05308272,56.00050878,18.760978,18.513591,5.59,2.03,5.9,2.04,5.26,2.07,5.47,1.82,5.57,1.99,5.79,1.85,4.75,2.37,4.41,1.66,7.87,2.91,7.95,3.73,8.39,3.11,7.57,3.02,7.83,2.55,8.55,4.49,8.56,2.92,4.25,8.11,6.36,1.36,6.62,,6.35,1.28,6.47,1.6,6.41,1.7,6,1.03,6.55,1.11,6.24,1.4,4.9,87,153,3,142,4.8,105,22,15,0.71,4.9,9.7,42,62,0.8,4.98,2.69,1.69,0.48,0.08,0.03,205,0.35,14.745,11.032,142.6034558,44.58609407,31.01545076,25.22683531,21.11150796,21.70309647,35.58366417,42.35039396,48.47731152,168.303032,154.3980704,137.3465704,138.6034527,130.6782201,142.3911845,145.3684948,157.5946018,156.227985,0.491872354,0.562627576,0.486307337,0.486439837,0.467624778,0.435029676,0.480079817,0.343471889,5024.5,3,16,18,19,19,54,58,15,12,69,13,15,13,24,18,13,12,13,10,11,107,84
P440D861F57,36,31,3,5.4,0.2,0.83333333333333,29,0,10,40,50,22,43,50,48,52,26,11,6,5,8,13,5,4.3e-05,13,4,17,4,117,5,0,0,0,0,3,6,9,14,3,16,0,6.4285713,7.1428568,0,2.997,32.5684281,18,19,22,19.15,28.5335,1.1724137931034,147.3,,,,,,1,,,,,,,,,11,71,,93.89177231,91.13900437,111.7369452,95.56210114,20.338535,21.116114,95.99054768,86.37502836,20.453199,19.706407,5.96,2.98,8.75,3.87,7.44,2.61,6.19,1.95,7.21,2.56,5.63,,6.4,2.25,4.04,,8.98,3.84,9.08,4.24,8.71,4.65,8.87,4.13,8.88,4.16,8.9,3.78,9.04,3.47,4.7,8.88,7.64,1.17,7.3,1.77,6.33,1.46,6.95,1.85,7.24,2.04,7.58,1.5,7.42,1.44,6.91,1.44,6.5,163,144,19,139,4,99,24,8,0.76,4.6,9.5,33,76,,6.31,3.48,2.08,0.65,0.05,0.04,236,1.23,9.628,3.11,307.077456,85.22914157,51.63474523,101.5266822,64.17031358,60.69049041,114.6194682,175.3531664,185.2563923,353.9940038,318.2848189,290.9269044,274.5503195,293.6741937,267.8424538,303.2333702,323.22865,342.7856568,1.294029866,1.635615935,1.466677906,1.013791488,0.946348777,0.681082947,0.613640235,0.5704451,1203,2,11,10,11,10,76,46,6,5,18,9,11,10,46,18,9,11,12,13,14,129,134
P8FFD60074F,66,60,14,2.8,3.8,3.2,36,5,23,79,109,51,32,50,34,39,26,17,9,5,5,14,8,1.3e-05,6,,16,4,72,34,10,2,8,8,3,6,3,8,0,0,0,4.2857142,1.7857142,0,2.331,8.4024284,19,19,18,14.8,26.566,1.0746268656716,176.9,4.2966666666667,91.333333333333,5.5166666666667,95.333333333333,78,0,,,,,,,,,0,70,,,69.18695618,,,13.974046,16.469898,68.62760431,66.4771412,17.253856,18.234582,8.74,4.01,9.91,4.5,9.6,4.37,9.03,4.56,8.6,4.08,9.43,4.42,9.98,5.01,10.05,4.76,8.56,3.13,8.2,3.11,7.86,3,7.94,3.7,8.43,3.85,6.62,2.34,8.11,3.9,4.07,8.36,7.75,1.15,7.58,0.82,7.69,1.58,8,1.23,6.98,1.63,7.62,1.39,7.79,1.71,7.58,1.69,4.8,96,156,5,142,4.6,102,30,10,0.85,4.8,9.5,45,67,1,4.17,2.24,1.5,0.35,0.05,0.02,225,0.68,9.127,7.678,226.1696272,55.03739293,58.22393658,48.33966256,45.65023126,40.49331969,33.07557322,24.3867151,27.50199017,297.8187607,284.0326627,306.9915206,300.6976163,250.6624315,281.6381995,282.9159094,259.8793798,291.420694,0.706390526,0.73328811,0.706125525,0.714870552,0.67260292,0.665315397,0.533477484,0.457289746,6552,3,13,9,10,11,27,8,8,7,82,9,10,6,82,79,10,13,11,11,8,120,109
PDF56CCDE33,30,38,7,4.2,2.8,1.6666666666667,33,4,13,55,61,32,31,37,37,48,20,17,10,5,5,8,5,2e-05,,0,6,3,51,17,3,2,1,0,5,15,17,18,4,0,0,0,6.2499997,0,0,6.2499997,17,13,16,24.2999999999999,43.254,1,175.4,3.79,86.666666666667,4.92,89,77,1,,,,,,,,,8,69,,101.2856945,100.9713183,100.2616762,101.3853646,16.910384,20.669858,101.476273,101.492739,21.891613,21.79866,,,8.28,3.63,7.58,3.06,,,,,,,,,,,6.8,4.31,6.87,4.38,6.72,4.03,6.87,4.24,5.27,1.27,6.41,2.94,6.43,2.84,3.63,6.89,8.45,2.77,8.93,2.52,8.4,2.48,8.88,2.66,8.7,2.77,8.51,2.36,8.92,3.06,8.66,2.58,6.9,180,155,6,144,4.3,102,24,25,1,4.6,9.5,144,47,1.9,9.13,5.44,2.18,0.63,0.62,0.09,373,1.86,3.096,3.834,230.7081244,150.5333206,201.4910463,211.3587264,211.8452993,211.6065337,183.5748121,177.734567,152.9982971,749.7748513,1253.817191,1170.522517,1468.061528,1260.192682,1100.523033,1298.06972,1313.265366,1435.623869,3.104648035,2.90814992,3.005935226,3.061055399,2.921134961,3.0615854,3.012030245,3.10623804,1807.5,2,9,7,9,10,58,8,5,11,5,8,8,9,54,86,11,8,11,10,13,122,117
P322C8C89BD,38,45,6,4.8,2,3.6666666666667,28,0,18,65,75,35,41,43,42,46,31,26,9,5,7,11,5,0,26,9,35,3,78,9,8,4,3,1,4,9,19,13,6,16,0,4.2857142,9.8214281,0,0.999,31.1061423,26,10,21,29.15,35.2715,1.1785714285714,119.3,2.5466666666667,80.333333333333,2.79,76,91.333333333333,1,,,,,,,,,4,65,,86.85661835,,,,,,,,,,3.21,,,,,,,,,,,,,,,,6.25,2.73,6.01,2.16,6.02,1.94,6.04,2.32,6.14,1.78,6.18,2.41,,,,,7.87,2.49,8.35,1.97,8.19,1.46,8.2,2.22,8,2.32,,,5.27,,,,4.8,82,220,4,140,4.9,101,21,13,0.4,4.9,9.5,81,65,0.6,5.51,2.34,2.36,0.68,0.09,0.04,303,0.74,16.848,18.159,580.0237258,825.4684686,912.4610677,809.8848195,888.565672,953.2585257,962.9047007,,,1526.255571,1413.543183,1351.482304,1486.882718,1421.15368,1527.770219,,1451.398194,,1.468532912,1.533193115,1.584470775,1.527628097,1.461642891,1.438455318,-0.21528236,-0.232109913,7496,3,13,17,15,15,54,27,10,14,18,12,12,12,50,76,12,13,13,11,13,118,118
PD3EB9FEFEC,36,43,4,5.4,2.2,4.3333333333333,23,0,20,50,76,29,36,37,44,55,33,39,13,10,5,11,5,6e-06,0,11,12,1,51,9,4,2,2,1,2,5,28,21,7,16,3.33332,0,4.4642855,0,3.996,27.7936055,34,24,10,44.85,103.155,0.83333333333333,228.3,3.35,87.333333333333,4.03,88.333333333333,83.333333333333,1,,,,,,,,,11,66,,,76.06289079,79.8975224,,20.645944,14.795353,76.82644384,77.17175133,16.061006,20.611735,,,6.64,2.05,4.06,2.19,3.99,1.82,3.18,,3.62,,3.88,,,,,,,,,,,,,,,,,,,,,,,,,,,,,,,,,,,,,,,,,,,,,,,,,,,,,,,,,,,8.754,8.105,,,,,,,,,,,,,,,,,,,,,,,,,,,666,1,6,8,7,8,82,82,6,9,16,8,9,9,27,90,7,7,9,12,14,112,123
P8E82C8CE51,38,34,0,0,0,0,17,0,14,2,39,29,38,41,44,43,30,7,5,7,5,25,13,6e-06,0,0,0,4,41,0,0,0,0,0,1,,4,4,2,0,0,0,0,0,0,0,30,35,9,29.35,56.6455,1.025,190.4,2.8566666666667,78,4.2633333333333,94.666666666667,70.333333333333,0,,,,,,,,,3,69.5,,,,,,15.56613,19.341611,77.54958872,,20.130402,18.794322,3.8,1.34,7.1,3.39,6.12,2.64,6.51,2.08,3.37,,4.89,,5.28,,7.07,2.3,4.78,1.98,4.86,1.93,4.85,1.26,4.58,0.92,5.31,1.49,5.07,1.86,5.95,1.05,1.87,5.37,8.8,2.63,7.9,1.96,8.79,2.44,8.39,2.41,8.03,2.91,7.98,2.6,8.3,2.29,7.93,2.23,5.4,87,108,22,139,4.5,103,22,19,1.01,4.4,9.4,62,35,1.7,5.26,2.88,1.57,0.59,0.16,0.04,389,1.32,,,203.010364,123.9479182,118.4266517,121.9412111,110.362488,118.4240503,109.6089656,107.8406678,85.85989813,275.625931,286.2093442,244.8995896,279.346292,270.3509376,232.7625353,243.5008489,241.4611749,268.5121679,-0.084769451,0.683467954,0.625432772,0.558917564,0.546330025,0.52579246,0.472527294,0.568722595,,1,14,13,9,10,69,,3,3,3,11,11,3,14,10,2,6,5,13,2,98,79
P8D98AF1DEF,31,49,7,5.2,3,4.8,53,6,19,68,76,36,34,49,45,36,23,14,10,6,5,13,9,1e-05,,,20,3,75,17,9,10,3,3,4,9,10,16,3,12,0,2.1428571,1.7857142,0,3.996,19.9245713,26,27,13,20.8,39.9776,1,189.6,3.66,88,4.52,84,81,2,,,,,,,,,9,63,,65.6621782,63.11850184,66.8506454,66.19474083,20.450976,20.235871,64.08261009,62.95762464,24.720499,22.867183,,,,,,,,,6.06,2.8,3.79,,4.34,1.49,4.31,2.22,5.53,1.15,6.21,1.59,5.68,0.89,5.86,0.77,6.4,0.99,6.22,0.56,5.94,1.33,1.09,6.61,8.87,1.42,8.35,1.96,8.34,2.34,8.53,2.39,7.83,2.24,8.02,2.98,8.01,1.79,8.61,2.54,5.3,112,181,15,142,4.4,105,26,15,0.7,4.6,9.1,55,57,2.3,5,2.96,1.53,0.38,0.06,0.05,280,0.53,12.138,11.278,490.8276419,513.5437361,536.4145746,492.3950371,518.2559932,551.3978161,560.5567711,580.8290171,571.2565746,1534.104448,1169.572591,1176.68355,1116.782647,1067.341348,1006.525865,1024.275265,1170.363502,1010.132728,1.011671482,1.141256887,0.975101367,0.958406315,0.99510893,0.813848362,0.672205419,0.618807752,5096,3,9,11,12,12,66,66,5,5,31,10,10,10,58,12,12,11,12,10,12,121,133
PCA5AB9BB66,42,39,4,4.2,1,1.5,30,3,17,42,51,30,45,39,49,44,35,47,7,5,5,7,7,6e-05,10,5,15,5,79,16,4,0,0,3,5,5,8,17,4,0,0,0,5.3571426,1.111,1.665,8.1331426,10,15,25,23.9,29.397,1.2407407407407,121.3,3.2966666666667,103.66666666667,3.98,105.33333333333,82.666666666667,1,,,,,,,,,1,72,,83.35123451,80.30666549,88.19779961,83.3619928,19.930545,15.473367,81.65740724,78.10700668,17.825672,15.427152,3.85,2.72,4.48,1.9,,2.39,,2.3,3.45,,,1.5,3.22,2.37,4.25,1.86,6.27,0.27,6.43,0.75,6.29,0.99,6.99,1.42,6.54,0.74,6.64,1.71,7.09,1.26,1.24,6.73,7.93,2.66,8.65,1.88,7.99,2.52,8.06,2,7.49,2.04,8.47,2.22,7.93,1.32,7.81,,5.1,87,202,5,140,4.5,105,26,17,0.82,4.6,9.2,40,112,1.4,4.61,2.89,1.16,0.26,0.22,0.03,263,0.21,6.815,7.348,89.25668205,83.27158133,83.79718597,86.35086548,83.24393038,71.86627517,56.3277727,40.12383663,33.4817752,762.766194,733.2526207,672.6888299,717.1153625,674.4889823,727.65299,820.5555438,1052.746138,1006.442332,0.996433934,1.115154306,1.081101699,1.023066517,1.076861686,0.684660458,0.542620013,0.417407121,18342,3,9,15,11,12,69,92,7,12,12,12,11,11,5,38,11,9,8,7,,81,99
P8AE7F0B778,32,38,5,2.6,4.4,4.5,23,2,27,50,49,39,39,34,48,30,34,38,5,5,5,5,5,2.00002,,0,9,3,52,12,8,3,1,5,3,4,19,13,3,0,0,2.1428571,6.2499997,5.555,1.998,15.9458568,11,3,17,27.4,31.51,1.0645161290323,113.3,2.0766666666667,69.666666666667,2.82,75.666666666667,74,1,,,,,,,,,32,60,,64.91495185,65.49715757,66.52647606,64.09197147,23.134537,22.177608,66.85124271,65.53477718,24.430922,22.133639,3.41,,7.05,3.27,5.85,2.7,5.54,2.41,5.5,2.64,6.52,2.69,7.57,3.65,5.82,2.14,5.4,0.81,4.93,0.94,5.3,0.77,4.88,0.51,5.03,1.24,6.93,0.66,5.17,0.66,2.16,5.26,8.45,2.38,7.5,2.07,7.23,1.26,7.66,2.04,6.86,,7.33,2.43,7.51,1.26,7.26,2.01,6,102,141,84,136,4.5,101,24,18,0.65,4,8.2,85,41,1,7.7,4.96,2.11,0.5,0.05,0.02,350,1.69,,,952.7443863,840.8633461,945.1191701,964.1909338,988.559579,1058.279738,1205.508223,1258.661299,1095.216229,2763.916881,1935.764243,1806.215924,1718.863904,1893.137334,1584.265595,1748.583656,1865.24678,1766.728511,1.409305227,1.300257385,1.271239794,1.197437063,1.196774561,1.193992053,1.219034631,0.903948644,2784,2,9,12,9,10,84,31,8,13,5,8,8,9,21,42,10,9,10,10,,120,113
PCB135CD0CE,47,60,23,3,2.6,3.8333333333333,36,5,27,55,96,49,39,49,46,38,26,24,6,5,5,8,8,1e-05,24,33,49,4,65,25,10,5,2,3,5,9,17,17,6,16,0,6.4285713,6.2499997,0,0.999,29.677571,24,24,15,38.5,63.91,1.1428571428571,164.3,3.0533333333333,91.666666666667,3.6233333333333,93,84,0,,,,,,,,,4,71,,85.76867808,80.64914681,92.78714008,84.28934886,25.648175,25.01787,83.97431251,75.48359029,21.186208,24.939327,,,,,9.17,4.34,9.24,4.6,8.28,3.46,9.78,5.22,9.17,5.1,8.23,4.11,5.55,1.85,7.25,2.35,7.18,3.14,6.86,2.48,6.45,2.29,7.52,3.74,7.22,4.17,2.96,6.85,8.71,3.05,7.82,2.74,8.24,2.55,8.57,2.88,8.23,2.7,8.55,2.11,7.67,2.8,7.38,3.03,5.1,87,199,10,139,4,105,23,10,0.73,4.8,9.5,62,83,1.3,4.43,2.17,1.47,0.43,0.29,0.06,317,1,,,154.121736,38.38418295,47.35254052,43.90820031,36.11984875,39.03905211,38.78926656,31.58165916,55.17432072,299.777881,308.8905104,316.6692785,319.0691334,275.3398566,307.4677699,289.9063256,324.9220211,350.2244174,0.804043332,0.794768303,0.674060425,0.735540617,0.50975991,0.462059761,0.604232706,0.502472387,1412,2,12,12,19,18,86,58,10,10,10,12,13,12,24,18,7,9,11,14,12,125,113
PEB3741D03E,31,38,8,5.6,2.4,1,36,5,17,53,61,46,37,55,45,41,19,11,20,6,5,20,10,9e-06,16,23,40,3,67,22,5,9,3,1,5,,6,8,2,8,0,0,3.5714284,1.111,1.665,14.3474284,7,12,13,28.8,44.064,1.1875,151.3,3.7266666666667,101.33333333333,4.8333333333333,112.66666666667,77,0,,,,,,,,,1,75,,81.15040941,80.20890903,87.4943961,78.3600351,16.021474,18.071981,82.89103443,79.49197617,14.340762,16.950177,,,,,,,,,,,,,,,,,,,,,,,,,,,,,,,,,,,,,,,,,,,,,,,,,5.1,88,126,4,139,4.3,106,23,10,0.71,4.2,9,104,61,0.8,5.27,3.2,1.73,0.23,0.06,0.02,270,1.05,5.427,5.066,83.63063152,,,,,,,,,358.2119396,,,,,,,,,,,,,,,,,2011.2,2,15,14,15,11,76,86,11,8,18,10,11,11,4,82,9,9,11,12,14,131,121
PB062E16659,34,59,17,0.6,2.2,0.2,36,3,23,51,78,37,38,47,37,32,6,0,18,8,12,25,8,1.000006,,,8,4,38,27,5,11,3,5,3,7,12,19,4,16,0,0,0.8928571,0,0,16.8928571,3,2,11,32.2,74.382,1,228.4,3.32,86,4.16,83,80,0,,,,,,,,,0,71,,78.6908301,77.73058746,79.74358792,79.88069084,23.089689,22.010987,76.78831685,76.95567093,20.020361,21.762937,,,,,,,6.46,2.04,6.81,2.99,4.26,1.65,4.29,1.85,,,6.68,1.84,7.85,1.75,6.74,1.72,7.55,1.45,7.64,1.52,8.29,1.57,7.53,1.23,3.37,8.25,8.09,2.03,8.15,2.31,8.11,2.26,8.48,2.73,8.21,1.59,8.27,2.57,7.9,2.81,8.06,2.5,6.4,122,200,12,143,4.2,105,27,15,0.98,4.5,9.1,98,48,2.4,4.37,2.48,1.09,0.53,0.18,0.07,271,1.28,4.779,4.513,519.2075916,155.6808916,182.8385368,185.4635732,181.5983325,189.8610055,222.3727479,257.5870293,225.2652506,802.6323969,499.3558993,496.1795175,523.7160248,545.3403297,481.3139145,540.7378243,574.2549242,538.0497998,1.039231568,0.946746278,0.856380995,0.895601118,0.898251127,1.067056655,0.970861354,0.922498703,2457,2,8,10,18,7,38,14,7,6,86,7,10,11,31,27,7,8,8,11,13,114,117
P3273E7300D,31,26,9,5.4,1.4,2.8333333333333,36,1,14,56,81,22,37,43,39,42,18,1,15,10,6,25,14,9e-06,19,10,29,2,76,10,0,6,2,1,1,6,24,24,7,0,0,0,6.2499997,2.222,2.664,11.1359997,28,28,13,45.35,104.44105,0.74509803921569,228.6,2.9966666666667,89.666666666667,3.74,90.333333333333,80,2,,,,,,,,,9,69,,69.15801838,69.6046977,69.04480235,69.0875425,12.540798,9.618973,71.66510263,68.57731074,12.691779,11.29076,,,,,,,,,7.42,2.35,7.94,2.71,8.14,2.3,,,5.71,1.67,5.35,2.07,6.02,1.37,,,,,,,,,1.53,5.6,7.97,2.51,8.3,2.85,7.52,2.59,,,,,,,,,7.88,2.77,7.4,91,217,20,141,3.6,104,26,7,0.74,4.1,9.4,70,67,,4.91,2.36,2.07,0.29,0.14,0.04,366,1.4,7.914,9.035,2555.793247,2339.892914,2207.356547,2277.761048,,,,,1254.34535,696.3462344,595.2882828,613.5824011,597.3219927,,,,,583.3351946,0.884206083,1.099519257,1.136221872,-0.214222357,-0.214089856,-0.217137366,-0.22164238,1.076994186,30,1,12,10,10,11,86,86,15,15,90,13,14,13,38,82,6,8,12,7,,115,134
P3082946B17,33,38,9,4.8,1.4,1.8,25,0,13,41,47,27,45,48,45,44,28,24,8,5,5,10,7,2e-05,6,4,10,4,49,5,4,2,1,1,3,9,7,10,4,16,3.33332,0,4.4642855,0,0.999,24.7966055,16,7,19,30.7,50.8085,1.1351351351351,163.8,3.32,91.333333333333,4.4133333333333,100.66666666667,75.333333333333,1,,,,,,,,,2,75,,76.96903241,76.66908593,73.02930348,73.44494994,11.30634,13.267192,76.3587951,76.28580707,29.679638,30.703837,4.67,,6.78,3.02,6.29,2.5,4.32,1.97,4.85,1.76,4.94,2.22,5.26,2.05,6.62,2.27,,,,,,,,,,,,,,,,,,,,,,,,,,,,,,,,,5.1,87,229,7,140,4.3,106,26,14,0.91,4.6,9.7,100,72,1.8,4.6,2.06,2.06,0.3,0.12,0.05,246,0.51,2.243,,,,,,,,,,,,,,,,,,,,,,,,,,,,1734.5,2,16,16,14,14,27,62,9,7,14,10,11,11,14,21,10,11,9,9,14,112,105
P8D063DAD85,44,49,7,4.4,3.4,4.2,44,5,18,61,92,36,40,36,31,40,30,30,7,5,5,10,8,0,10,2,12,4,152,17,7,4,5,5,3,4,13,18,4,20,0,0,6.2499997,1.111,1.665,29.0259997,24,21,13,6,8.64,1.1333333333333,141.4,3.58,73.666666666667,4.7766666666667,78.333333333333,75,0,,,,,,,,,1,73,,,,59.25638475,59.51612324,11.21996,16.316115,61.428975,59.05605503,17.34147,16.112251,7.84,3.05,8.73,4.57,6.54,2.68,8.01,3.96,7.89,4.18,7.9,3.79,6.47,2.53,6.38,2.52,7.54,2.36,8.83,2.51,8.49,2.49,8.08,2.75,8.03,2.95,8.33,2.95,8.57,2.63,2.93,8.82,8.23,2.41,7.8,2.6,8.44,1.35,7.95,1.57,7.93,2.85,7.97,1.89,8.33,1.84,8.42,2.48,5.3,88,173,3,142,4.2,103,28,13,1.01,5.1,9.7,64,72,0.9,4.12,2.07,1.39,0.36,0.23,0.05,242,,,,139.3037079,102.9854323,94.52425975,87.24089359,81.11958715,85.0826268,87.52082906,78.95000794,72.73819338,365.1468377,382.0613981,358.9696294,370.4178751,331.0867169,283.8372661,354.9054024,352.6564868,327.5305336,0.749948197,0.743323176,0.74451568,0.717220594,0.513567457,0.535695026,0.68396299,0.65176539,5852,3,15,12,15,14,58,58,5,9,27,12,13,12,69,82,8,6,13,15,11,119,112
P8C2F8F93A3,42,45,8,4.2,2,1,30,0,22,50,60,38,43,50,48,56,28,21,7,5,5,12,5,1e-05,9,0,9,4,48,11,6,4,2,0,6,8,7,5,2,0,0,0,1.7857142,0,0,1.7857142,18,13,28,,,1.1428571428571,122.3,2.2733333333333,82,3.22,92.333333333333,70.666666666667,0,,,,,,,,,0,73,,59.28309084,58.75409432,62.49089369,56.81510191,20.844505,20.973284,59.72354582,55.89959515,21.609614,20.71819,,2.19,7.47,2.47,7.32,1.14,4.32,1.69,5.14,1.78,5.18,1.64,6.35,2.49,5.98,,7.88,3.27,7.67,4.25,7.87,3.99,7.62,3.14,8.15,2.91,7.68,4.07,7.93,3.4,3.97,7.7,7.54,1.94,7.77,1.15,7.22,1.66,6.79,2.41,7.25,2.02,7.11,1.59,7.34,2.22,7.03,2.4,5.5,105,207,2,139,4.4,102,27,10,1.06,4.4,9.4,74,66,0.9,8.76,7.15,0.79,0.68,0.05,0.03,374,2.02,1.147,,296.2586029,145.0481661,121.2044309,109.8799694,94.83927643,92.71790473,92.4100883,96.33746151,99.06542491,930.1890379,809.9865936,773.8573953,806.4861402,818.0866997,681.4940053,789.8451725,836.864577,682.5989255,0.791553327,0.773930772,0.691515514,0.766245748,0.646200372,0.621422794,0.478984848,0.455134774,3705,3,16,13,15,11,12,14,11,12,42,12,13,13,79,62,13,14,13,10,14,120,123
P63BE83F931,35,38,3,2.8,1.4,1.6666666666667,21,0,17,43,52,30,45,39,42,48,36,30,5,5,5,5,5,2.00002,7,0,7,4,72,9,1,0,0,0,6,6,8,10,2,12,0,0,2.6785713,0,0.333,15.0115713,21,23,26,22.7,27.013,1.2252252252252,117.3,2.4766666666667,80,2.98,84,83.666666666667,0,,,,,,,,,0,70,,67.10184059,65.51484491,67.92706705,68.49939477,17.296084,18.578727,66.7862192,66.20178305,18.572751,18.692168,4.12,1.84,6.95,3.89,,,,,,,4.57,1.84,,,3.38,2.38,7.97,1.66,7.7,2.1,8.17,2.4,8.11,1.86,8.57,2.21,8.96,3.59,8.54,2.46,2.16,9.08,7.31,1.45,7.54,1.59,7.68,1.49,7.51,1.93,7.14,0.83,6.87,1.71,7.39,2.86,7.54,2.92,4.7,94,178,4,138,4.7,101,26,17,0.65,4.7,9.4,64,71,0.8,4.56,2,1.73,0.46,0.33,0.03,241,1.09,2.582,2.114,6.093699149,44.72935217,23.59337436,16.69789088,12.38315621,10.51629403,12.00946325,12.35906615,25.53884289,184.4605972,309.41263,310.3443909,355.5292346,340.1172133,292.3258318,286.1704248,322.4593697,330.9729746,0.57531265,0.571867639,0.506942436,0.4636148,0.456857279,0.663557926,0.493294893,0.391667075,3540,3,14,14,14,14,18,46,9,7,12,10,12,13,8,66,9,11,11,12,15,112,103
P3699A8EB5A,31,27,0,6,1.6,1.5,20,0,13,61,48,35,41,37,41,51,36,16,5,5,5,6,5,6e-05,21,10,31,5,41,1,5,3,1,2,4,0,10,4,4,0,0,0,0.8928571,0,0.666,1.5588571,11,11,29,19.85,24.217,1.1153846153846,120.3,3.2233333333333,102.66666666667,3.9066666666667,103.66666666667,82.333333333333,0,,,,,,,,,0,70,,76.17342796,75.15353633,77.12375391,75.70291452,20.98207,19.699516,75.45775941,71.92660072,22.886806,20.335618,,,4.69,1.84,5.92,1.59,5.06,1.83,3.59,1.19,3.89,1.98,4.09,,3.43,,8.79,2.32,8.93,2.58,9.06,3.4,8.55,2.89,8.77,1.9,8.67,3.26,8.9,2.85,2.94,8.82,7.76,1.56,7.61,2.38,7.5,1.66,7.49,2.14,7.51,2.18,7.58,1.97,7.85,1.03,7.67,1.75,5.3,85,166,4,142,4.6,104,27,10,0.92,4.4,9.2,85,70,0.6,3.99,1.61,1.88,0.34,0.12,0.03,241,0.9,10.095,7.09,194.6544076,119.7143415,107.1739864,101.7662016,90.8761084,90.8761084,107.4651516,104.7208985,100.8291363,190.8014018,199.4266575,175.9872299,220.5162694,191.2055299,186.2740112,201.4220638,223.5506265,240.64864,0.920741232,0.92352374,0.96168386,0.98089642,1.177527036,0.915971217,0.705428058,0.804670868,3255,3,12,9,9,10,62,62,15,8,79,9,11,12,1,21,10,13,12,12,6,110,89
P0A6CFFC2DA,27,31,2,5.2,0.8,1.1666666666667,25,0,10,21,53,20,42,34,52,50,36,43,5,5,5,5,5,3,3,1,4,5,73,4,2,0,0,1,3,5,4,5,3,12,0,2.1428571,0.8928571,1.111,0.999,17.1457142,9,5,30,20.25,26.5275,1.2592592592593,129.3,3.7766666666667,103,4.76,111,79.666666666667,0,,,,,,,,,0,71,,72.73202142,69.58284269,83.16692435,70.24387554,20.332497,20.676128,70.02838113,65.66953032,20.583129,18.048303,4.68,,7.33,2.31,4.97,,4.35,,3.4,,5.33,1.81,3.89,1.91,4.78,1.86,8.11,2.49,8.45,2.95,8.2,1.73,8.51,2.73,8.4,3.05,8.64,2.05,8.34,2.84,2.97,8.24,8.08,1.53,7.62,1.14,7.62,1.88,7.89,1.81,7.35,1.41,7.82,2.24,7.81,0.9,7.91,1.98,5.1,88,154,6,138,4,102,25,11,0.95,4.9,9.5,66,68,1.1,6.67,3.26,2.37,0.48,0.49,0.06,218,0.44,8.738,9.513,57.70939009,60.48270211,65.59883038,47.26998719,48.58020099,46.25219169,50.49085914,44.36677977,41.64139082,485.8339536,387.7763494,429.8855002,384.0792216,394.0449497,368.0662824,368.624962,399.533601,399.08401,1.08318674,1.31930248,1.170239513,0.970031386,0.885363621,0.671640452,0.56259261,0.450099758,1416,2,9,11,17,11,79,82,,11,69,11,11,12,46,34,13,12,14,11,11,125,121
P8ED4882A10,49,52,20,4.8,4.4,5.8,43,8,21,94,122,48,50,47,37,40,35,29,17,15,5,8,9,1.000023,7,21,28,5,91,25,9,0,4,11,6,4,11,19,1,16,0,4.2857142,6.2499997,1.111,0.999,28.6457139,14,12,38,17.3,29.064,1.125,165.4,4.11,94.333333333333,5.85,112,71,1,,,,,,,,,1,71,,81.60376558,78.48686252,88.45313946,76.11173039,,18.722466,79.79566883,80.09124662,17.163947,16.243685,7.67,3.7,7.99,3.82,7.08,3.88,7.59,4.16,7.81,4.05,8.26,4.47,7.96,4.2,7.57,3.73,7.35,2.53,7.28,2.01,7.7,2.57,8.56,2.22,8.85,3.22,8.38,3.38,8.26,3.35,3.66,8.08,8.17,2.37,7.77,2.07,8.01,2.46,7.62,2.3,7.83,1.12,7.95,1.81,7.51,1.49,7.77,2.06,5.3,101,157,5,141,4.3,102,29,23,0.97,5.4,9.8,53,72,0.7,4.72,2.61,1.57,0.35,0.13,0.04,231,0.36,18.529,15.928,13.56015317,29.74676949,25.5550616,23.09833829,13.97526547,19.93603485,19.99802556,19.71332246,21.05360008,173.081601,188.3750301,171.6098811,176.4604039,175.7402861,169.0046413,186.2052921,192.1371502,176.9393969,0.945386309,0.930148761,0.933461272,0.854491024,0.830375949,0.793275833,0.77022076,1.007926505,10098,3,13,10,12,12,54,27,8,10,34,1,13,14,31,50,10,9,13,13,11,121,135
PE442FE0D59,23,27,1,6,0,0,23,0,8,21,56,19,50,56,48,57,36,54,5,5,5,5,5,3,0,0,18,5,37,10,0,0,0,0,6,4,0,0,0,0,0,0,0.8928571,0,0.666,1.5588571,7,11,25,8.65,13.7535,1.0967741935484,156.4,4.4333333333333,94,5.0333333333333,88.333333333333,88,0,,,,,,,,,1,70,,,,41.37369588,40.83618128,17.36545,15.50602,42.88934556,,17.694944,13.635917,3.54,1.1,5.92,2,4.31,2.11,4.01,2.37,4.44,1.85,5.82,2.53,6.49,3.25,5.99,2.3,6.33,2.88,6.56,1.58,6.83,2.2,6.92,2.14,7.13,1.73,7.12,2.86,6.98,2.08,1.64,6.69,7.9,1.7,7.26,1.53,7.46,0.62,7.28,2.43,7.86,1.91,7.88,1.81,7.07,1.85,7.14,1.95,4.9,84,169,2,141,4.5,103,26,23,1.02,5.1,9.6,69,59,0.5,3.23,1.57,1.29,0.28,0.04,0.04,248,0.42,8.209,6.196,3.141985087,35.36491007,18.67772414,20.77551279,22.91539781,23.59666188,22.23243369,32.98249832,33.11929219,228.9995828,236.3343932,211.9645802,202.9106593,205.8553403,201.7875667,197.0332482,182.2857098,199.6278973,0.556762592,0.682637986,0.646332872,0.64235786,0.523504988,0.451159761,0.419624663,0.308191814,5848.5,3,17,11,13,13,79,79,7,9,42,12,10,11,42,34,11,12,12,11,12,108,125
P1D7DFAB77D,26,35,8,3.8,0,0.33333333333333,22,1,10,25,49,28,45,43,48,52,36,33,5,5,5,6,5,5e-05,1,5,6,3,80,7,1,0,0,0,2,16,21,15,2,0,0,6.4285713,7.1428568,0,1.665,15.2364281,28,3,6,20.8,18.5744,1.1538461538462,87.6,2.3066666666667,87.333333333333,2.9666666666667,89.666666666667,77.666666666667,3,,,,,,,,,24,47.5,,77.06637598,73.81507674,78.77384628,78.07622718,,,74.5284851,74.27750016,,,5.16,2.96,6.51,4.01,5.68,2.05,4.01,1.97,4.42,1.44,6.15,3.08,4.83,2.42,3.64,,,,,,,,,,,,,,,,,,,,,,,,,,,,,,,,,,,,,,,,,,,,,,,,,,,,,,,,,10.18,8.809,,,,,,,,,,,,,,,,,,,,,,,,,,,1194,2,15,13,12,14,92,69,6,12,2,8,9,10,31,86,10,8,11,11,14,113,109
P234B406DDE,56,54,15,3,3.2,5.2,29,13,19,61,80,39,50,53,43,40,29,26,5,5,7,6,5,6e-05,0,0,28,4,129,24,4,9,6,8,5,13,17,29,3,20,0,4.2857142,4.4642855,1.111,1.998,31.8589997,10,12,20,36.7,62.0597,1.2575757575758,167.4,3.0966666666667,90.333333333333,3.71,92,83.333333333333,0,,,,,,,,,1,73,,69.7287608,68.33203995,72.52735469,70.83390341,20.481796,13.612243,70.93480471,70.21581451,17.858394,16.299391,6.46,2.44,7.36,2.57,7.61,3.27,7.25,3.43,7.37,2.44,7.98,3.96,7.05,3.41,5.19,1.95,9.21,4.33,9.38,4.41,9.38,4.77,8.78,3.77,7.73,4.1,9.19,3.47,8.52,3.43,3.93,8.54,8.58,,7.76,,7.82,1.71,7.44,1.56,7.62,1.84,7.58,2.05,7.99,1.45,7.91,2.15,5.1,87,185,7,139,4.6,104,25,9,0.88,4.4,9.7,125,53,1.6,6.44,3.68,2.06,0.49,0.11,0.07,354,2.89,4.785,1.96,130.7625668,79.98151242,87.75086755,80.08664171,88.06844351,81.97331086,133.8981467,159.5861035,175.767235,311.0067227,495.3220015,526.5168204,676.3566704,463.2452838,556.551616,551.4842947,571.4593058,591.6463032,0.798045848,0.762535736,0.741600671,0.71245058,0.757500721,0.669520445,0.55623259,0.53702003,2695.5,2,11,10,14,14,76,46,6,14,5,11,11,8,1,34,7,7,11,14,12,111,115
P3D7D865D7C,26,32,2,5,1.6,1.8333333333333,28,1,13,39,53,19,32,35,39,54,32,28,6,5,5,5,5,2.00002,3,0,3,4,66,1,1,2,1,0,3,7,12,14,4,12,0,2.1428571,0.8928571,0,3.996,19.0317142,24,9,16,14.25,25.6785,1.1212121212121,177.6,5.17,98,7.1966666666667,107.66666666667,72,2,,,,,,,,,20,69,,79.32384867,,80.84053761,77.79663512,19.576748,17.649403,78.83734648,77.53262481,17.71951,17.628699,4.43,1.03,7.03,1.8,6.3,2.69,4.7,1.8,5.88,1.65,5.15,2.28,4.79,1.23,6.09,2.65,7.65,2.95,7.56,3.32,7.86,3.23,7.84,2.52,7.8,2.51,8.01,3.13,8.26,2.32,2.89,7.93,8.39,1.68,7.59,1.66,7.63,1.89,7.37,1.89,7,0.88,7.12,1.73,7.77,1.72,7.96,2.26,5.4,92,168,2,139,4.5,100,27,13,0.88,4.8,9.8,50,67,0.5,4.14,2.4,1.25,0.32,0.13,0.03,361,2.4,7.338,2.968,941.2671719,824.9917039,898.5933593,908.6323057,892.9124692,874.536295,1040.588611,1121.565895,1168.956378,2165.056807,1697.501683,1544.870243,1651.448245,1548.893126,1524.854946,1579.812447,1493.862229,1484.374082,0.992688957,1.091534267,1.299559918,1.25861729,1.157254472,1.036016593,1.060926671,0.76372824,1920,1,14,16,15,14,93,10,10,15,69,11,11,12,84,96,10,11,10,10,17,121,123
P956E54BB3F,25,41,15,5.4,2.2,0.83333333333333,43,6,14,54,70,25,30,34,38,56,,23,5,5,5,5,5,2.000003,35,15,50,3,62,21,4,7,4,0,5,18,9,27,7,20,0,4.2857142,6.2499997,0,2.664,33.1997139,26,15,16,31.45,88.09145,1.032967032967,277.5,4.6333333333333,94.333333333333,6.0833333333333,99.333333333333,76,3,,,,,,,,,4,69,,98.84971618,100.1734446,97.53491036,97.33512137,19.833757,21.718739,98.39598766,99.89356372,22.229453,22.057377,6.26,2.48,9.28,3.71,9.09,3,5.88,1.22,8.52,2.96,8.33,3.63,7.63,3.62,7.82,3.48,7.17,1.82,7.51,2.9,7.4,2.41,7.72,3.17,6.49,2.52,7.24,3.21,7.21,2.51,2.38,6.94,8.33,2.24,8.06,1.56,7.58,1.9,,,7.64,1.4,7.71,2.45,8.09,2.16,8,2.46,5.3,107,190,21,143,4.2,102,28,19,1.25,5,9.7,125,40,2.9,4.9,2.43,1.79,0.54,0.09,0.04,272,2.08,12.617,11.644,409.4340926,287.8315773,342.0945098,348.2313651,359.6897124,356.8934616,325.440297,271.1552438,241.6668437,781.342433,771.2945948,800.3729334,822.2528866,,737.3818174,851.8662223,758.5897569,694.0473564,0.689528008,0.61360527,0.779893291,-0.170532185,0.825075932,0.69350302,0.699995541,0.695755527,4567.5,3,17,12,14,14,82,54,15,12,90,15,14,14,4,69,12,14,16,14,17,119,112
PB173A12BDA,42,37,13,6,0,0.5,56,5,16,51,62,35,46,50,48,44,28,11,20,16,21,19,10,3e-05,28,1,34,3,191,17,3,4,0,0,3,7,0,7,2,12,0,0,9.8214281,2.222,1.665,25.7084281,5,11,24,49.5,141.57,1.0188679245283,284.3,2.56,86.333333333333,3.2,86,80.333333333333,0,,,,,,,,,5,70,,97.30969207,94.97945379,98.52293067,100.4615218,20.66937,25.742581,94.59477456,94.32612601,22.260755,18.510053,,,5.3,,3.93,2.28,,,4.25,,,,5.39,1.71,4.48,1.87,7.19,3.46,7.03,3.03,7.07,3.38,7.01,2.07,7.08,3.27,7.06,2.6,7.12,3.26,3.43,7.14,8.26,2.33,7.28,1.8,7.37,2.24,7.54,1.43,7.12,2.48,7.95,2.35,7.49,2.65,7.66,1.83,,125,228,40,139,4.6,100,25,15,0.76,4.3,9.4,242,35,3.9,7.85,4.38,2.61,0.62,0.15,0.06,335,4.08,9.016,7.673,581.8246364,355.7121793,374.1740241,352.6831695,334.6147819,336.0159521,308.6876636,269.4667658,247.1964666,434.3813968,453.3186314,442.4484192,456.5575011,435.3753531,445.2372918,449.9458606,479.2174305,509.6299636,1.171864483,1.319999947,1.437925316,1.423482771,1.383865147,1.271769796,1.181934515,0.857175998,1621,2,7,10,17,17,90,88,7,8,8,8,7,10,31,12,3,11,9,16,12,105,104
P433676531C,55,64,17,0,0,0,40,2,30,52,82,49,27,36,46,45,34,15,5,5,5,5,5,1.00004,11,4,13,2,104,31,4,5,0,1,3,14,33,34,8,16,3.33332,10.7142855,10.7142852,2.222,3.33,46.3138907,38,36,0,37.65,47.7402,1.2413793103448,125.1,2.0233333333333,61,2.8833333333333,70.666666666667,70.333333333333,2,,,,,,,,,33,59,,68.55267299,67.1156843,73.0770619,70.49976452,18.270005,18.39624,69.47988002,66.85154511,18.687103,15.874985,,,3.97,,3.64,,4.54,1.31,4.67,,,,,,4.63,,7.1,2.51,6.64,3.16,7.56,2.98,7.17,2.98,7.49,2.74,7.69,2.7,7.85,3.54,3.32,7.81,7.92,2.88,7.78,2.6,8.4,2.8,7.7,2.52,8.16,2.87,7.79,2.51,7.85,2.6,7.84,2.31,4.9,,,,,,,,,,,,,,,5.06,2.92,1.68,0.38,0.05,0.01,359,,8.429,9.213,,2236.123543,2042.089511,2387.332435,2468.230977,2517.40262,2989.859447,3310.236348,3464.496176,,4628.378298,4208.214581,4240.110552,3918.891253,4700.801043,4134.611869,4829.217401,5292.007416,1.741947518,1.941228142,2.033448431,1.682984834,1.529814354,1.537631879,1.15152567,1.072820423,1743.3,2,7,6,12,13,62,58,1,10,8,5,4,1,62,18,9,7,14,15,10,104,108
P02539A0507,45,58,28,4.4,1,4.1666666666667,64,1,28,56,87,48,32,52,39,41,35,9,13,5,25,25,9,9e-06,17,,26,5,110,32,9,11,8,9,4,6,20,32,5,20,0,0,0,3.333,2.331,25.664,24,19,21,24.5,29.4,1.1379310344828,118.3,2.51,91,3.5533333333333,101.33333333333,70.666666666667,0,,,,,,,,,4,75,,83.30323813,78.64908044,95.44962235,83.2669176,17.936273,20.031276,84.04126812,77.29855475,18.678439,20.897355,3.54,2.08,,,,,,,7.09,1.61,,,,,,,6.72,2.74,6.96,3.57,7.08,3.29,6.94,2.7,7.13,3.28,7.09,2.61,7.29,2.81,2.44,6.95,8.54,2.2,8.27,2.74,8.76,2.86,9.61,2.76,7.96,2.31,8.11,2.32,8.05,2.84,7.82,2.11,5.3,94,200,1,140,4.6,101,26,11,0.82,4.7,9.6,146,46,0.7,5.58,2.95,1.74,0.66,0.17,0.05,308,0.46,10.023,10.104,240.1131819,100.5450295,90.99130091,100.0303084,103.8763443,124.7612976,154.8639593,163.3077941,155.360916,360.5227195,389.8294137,345.4095007,354.2950155,306.3191479,349.7800031,383.3680096,371.4942609,365.6333359,0.554743801,0.777476998,0.712949296,0.52890622,0.504526144,0.452983482,0.409655847,0.352283167,5544,3,7,7,12,12,42,73,4,12,16,12,1,1,24,3,1,3,1,-3,11,89,92
PBF4FADA7E6,52,53,20,0,0,0,31,0,21,39,87,41,31,32,46,34,36,13,5,5,5,8,5,1.000003,0,0,10,2,100,20,6,1,0,3,2,,26,29,5,0,0,10.7142855,11.6071423,2.222,4.662,29.2054278,30,34,14,31.85,35.035,1.0689655172414,108.3,2.0066666666667,77.333333333333,2.4333333333333,75,82.333333333333,2,,,,,,,,,45,53,,,,62.19947907,62.47003021,14.791559,19.125402,63.37021383,63.56076176,18.755265,16.352707,,,,,,,,,,,,,,,,,5.78,2.07,6.44,2.82,6.5,2.81,5.99,2.85,6.66,2.68,6.15,1.85,6.14,2.64,2.12,6.33,7.25,2.63,7.6,2.93,7.55,2.72,7.87,2.78,7.74,2.74,8.38,2.43,7.46,2.44,7.72,2.46,5.3,78,254,5,141,4.3,99,32,15,0.79,4.8,10.1,168,44,1.5,4.93,2.75,1.44,0.42,0.27,0.03,321,0.85,8.754,8.849,,676.0504079,727.8706077,778.3136582,753.1194076,782.0584167,860.5279722,900.3364118,930.4299524,,2592.583406,2253.725023,2204.074546,2398.586372,2169.010503,2486.682011,2359.092734,2405.675779,0.99822269,1.161463201,1.232880924,1.118268066,1.070170415,0.992260171,0.899112379,0.824249645,240,1,9,7,5,7,69,14,2,12,3,1,1,1,14,10,5,4,1,6,,95,89
P481647742E,54,53,8,4.4,4.8,3.6666666666667,53,0,20,62,52,45,35,35,39,36,36,20,5,5,5,6,5,3,0,0,7,3,132,13,3,1,2,9,3,3,4,6,3,0,0,2.1428571,0.8928571,0,0,3.0357142,23,19,18,27,31.86,,116.3,3.46,122.66666666667,4.2566666666667,129,81.333333333333,0,,,,,,,,,0,75,,67.91154021,69.1008521,69.33039202,68.07129559,19.645706,20.02242,68.89188066,67.04255672,19.825002,19.856632,,,7.58,3.39,5.62,2.1,5.5,2.21,4.15,1.15,5.14,,4.74,1.1,5.6,1.84,6.6,2.4,7.34,3.49,6.71,2.58,7.17,2.83,6.71,2.56,6.76,2.57,6.85,2.04,2.19,6.76,7.21,2.56,7.34,2.86,7.02,2.23,7.29,2.6,6.99,2.42,7.21,2.23,7.59,1.89,7.14,1.91,5.3,90,149,27,140,4.4,105,26,16,0.61,4.4,9.4,104,64,3.8,4.7,2.33,1.48,0.71,0.14,0.03,306,10.55,7.076,2.242,37.08006702,41.58762447,45.15159841,39.94600631,36.63037821,35.52111018,43.22973779,51.10723313,65.58686809,266.0875608,260.9204535,235.1777314,213.3688584,243.2116529,234.1853413,255.7486867,228.792077,217.5465663,0.801989575,0.709769286,0.755349429,0.597541435,0.629739036,0.35970319,0.516981183,0.521353696,4181.5,3,,,,,,,,,,,,,,,,,,,,,
P1933C3F16F,55,61,24,6,1.2,1.6666666666667,39,6,29,54,71,49,29,45,34,44,24,24,15,8,5,8,5,0,9,24,33,3,64,22,13,3,2,10,2,10,18,18,5,0,0,6.4285713,13.3928565,1.111,3.33,24.2624278,30,22,21,42.8,68.908,1.0909090909091,159.3,2.7866666666667,97.666666666667,4.02,117.33333333333,69.666666666667,0,,,,,,,,,11,73,,75.90029166,75.93224371,80.24133579,75.48575083,20.305017,16.628376,78.46876338,78.32831363,17.401875,17.171327,3.77,2.31,7.65,2.27,6.19,1.92,6.3,1.82,6.1,1.88,6.59,2.09,6.02,1.94,5.95,0.85,7.46,3.3,7.32,3.53,6.87,2.74,7.51,2.79,7.59,3.3,,,7.51,2.75,2.89,6.91,7.79,2.42,,,6.94,2.79,,,6.97,2.3,,,7.09,1.95,6.76,2.92,4.8,89,155,7,139,4.1,104,26,11,0.67,4.5,9.2,98,42,1.8,4.79,2.6,1.69,0.45,0.01,0.03,284,0.3,12.617,18.8,266.0077121,110.0242112,103.1059225,86.84810658,85.28797637,86.57436472,,79.02475295,67.17648688,218.2810711,222.254015,219.0830518,300.3122921,216.6104803,232.6600942,,245.9858042,269.2726137,0.386335774,-0.20249607,0.506778651,-0.21839612,-0.125380829,-0.216408614,0.542553763,0.282057947,682,2,7,11,4,5,62,34,7,8,27,11,9,8,50,38,9,10,5,6,10,100,100
P481FA436D3,32,28,4,5.8,1.4,1.6666666666667,20,0,12,42,59,19,49,46,42,58,36,22,6,9,5,10,5,6e-05,23,7,30,4,48,5,0,1,0,0,4,2,2,3,0,0,0,2.1428571,3.5714284,0,1.332,7.0462855,18,7,25,16.25,29.4125,1.0277777777778,178.4,4.9566666666667,99.666666666667,5.7,94,86.666666666667,0,,,,,,,,,5,73,,66.58922425,65.57545125,67.51684702,69.04757913,16.235467,17.789527,66.73796575,63.49984562,17.129706,16.291602,5.18,1.94,5.15,1.94,3.82,2.21,5.19,,3.52,,,1.3,,,3.44,1.97,7.5,3.94,7.49,3.28,7.68,3.72,7.5,3.43,7.68,3.19,7.47,3.1,7.61,3.4,3.37,7.9,6.94,2.65,7.11,2.37,7.08,2.13,7.01,2.2,6.96,2.41,6.85,2.08,6.96,3.41,7.14,2.03,5.2,99,111,7,140,4.2,103,25,10,0.81,4.8,9.5,89,41,1.4,4.06,2.36,1.14,0.44,0.07,0.04,234,1.01,14.572,13.931,173.7582902,67.1777328,53.015987,48.96140692,41.85712077,49.2307468,48.41144958,55.70579394,58.63683815,326.1765644,333.5122803,312.8622493,319.9026324,358.2048276,312.1669346,320.2127312,342.0311436,347.7358948,0.767009466,0.73004185,0.740509383,0.724476832,0.624439019,0.570113849,0.545866273,0.458018498,5407.5,3,16,12,12,12,86,86,10,14,76,11,11,4,76,95,12,14,14,12,11,121,106
PBD56909086,66,75,33,0.4,4.2,3,73,6,36,82,91,54,43,51,43,24,20,22,13,8,6,13,6,0,1,22,23,3,128,56,10,5,1,13,3,8,31,35,7,28,0,0,1.7857142,2.222,3.663,35.6707142,36,37,19,27.2999999999999,35.8176,1.1785714285714,129.5,3.13,97.333333333333,3.58,94.666666666667,87.333333333333,0,,,,,,,,,2,74,,69.19100127,66.74078395,68.11537611,67.44143795,21.290502,17.199199,67.25336998,65.49288547,18.250546,17.414724,4.58,1.68,6.88,3.02,5.23,2.27,5.11,1.66,5.84,2.64,5.17,1.81,5.1,1.24,3.86,,7.19,2.69,7.8,3.28,7.39,2.65,7.61,2.63,8.03,3.61,7.85,3.81,7.83,4.18,5.32,8.2,7.17,,7.11,2.88,7.16,2.7,7.23,2.73,7.61,3.02,7.68,2.25,7.11,2.14,7.61,2.17,5.4,92,142,8,141,4.4,104,26,16,0.74,4.8,9.8,51,67,1.2,4.54,2.45,1.54,0.35,0.15,0.05,258,0.39,9.113,12.221,12.08259047,3.52552706,,,,6.756061396,2.203349666,2.879758049,9.853047588,167.3381469,160.3836944,150.5158699,162.1482076,153.197225,148.5006575,159.0902496,160.3650537,161.5187136,0.716924309,0.975300118,0.94389752,0.677836686,0.799207066,0.707516779,0.490083599,0.431783416,4262,3,,,,,,,,,,,,,,,,,,,,,
PB433239FC2,40,36,5,6,6,4,29,1,14,27,54,33,40,47,40,52,36,32,5,5,5,6,5,6e-05,21,9,30,3,63,10,8,1,2,0,3,6,6,7,2,12,0,2.1428571,9.8214281,0,0.999,24.9632852,13,7,26,18.15,19.602,1.1923076923077,106.3,3.0133333333333,98,3.2633333333333,92,92.333333333333,0,,,,,,,,,4,74,,,87.66141664,79.81099064,86.04720648,9.521397,9.954102,84.79488854,86.32005098,12.60894,16.652189,8.46,4.11,8.69,5.34,9.13,5.07,8.51,4.6,8.83,4.92,9.3,4.93,8.69,5.02,8.09,4.31,8.35,2.92,8.18,4.55,8.27,3.72,8.09,2.76,8.21,3.37,7.91,4.61,7.95,3.63,3.53,7.66,,,6.84,2.82,6.76,2.55,6.98,3.03,6.7,2.05,6.78,2.35,6.97,2.11,7,2.4,5,82,125,3,139,4.2,103,19,15,0.86,4.4,9.2,88,48,1,10.14,5.92,3.22,0.67,0.2,0.07,261,2.25,9.174,11.012,88.4214009,73.72373171,77.41719793,79.54549952,81.10743492,81.1094434,95.13017446,84.23982817,72.19743207,751.012135,574.2808989,724.4113126,701.2686857,652.5893102,675.3150993,645.1384983,663.0185274,646.1380998,-0.205013578,0.879502318,0.882019826,0.874069801,0.895932369,0.837367186,0.740509383,0.635039052,3036,3,16,19,19,19,84,58,14,10,7,12,12,9,16,50,11,13,8,7,11,118,111
P2B2050DCB4,36,47,7,5.8,1.2,0.66666666666667,23,0,21,39,67,29,39,36,37,45,17,20,6,5,5,6,5,0,6,4,10,4,85,3,0,1,0,1,2,10,8,7,0,0,0,0,2.6785713,0,0,2.6785713,11,14,37,18.25,31.2075,1.0810810810811,168.4,4.2233333333333,102.33333333333,4.87,97.333333333333,86.666666666667,0,2347,2650,383,,16.53,0.85,11.41,4.9386842105263,1,73,100,115.3153275,114.9019207,116.4009655,115.8019133,25.452549,21.657843,118.2424861,114.2825374,21.319485,17.426561,6.39,4.67,6.31,4.3,6.37,4.43,7.66,5.6,7.35,4.92,6.43,5.11,6.77,5.07,6.11,4.43,8.41,4.25,8.2,4.98,8.38,4.8,8.31,4.34,8.12,4.74,8.52,4.97,7.99,4.88,5.18,8.16,9.4,3.61,8.81,2.59,8.83,3,8.88,3.68,8.23,3.28,8.34,3.51,8.43,3.14,8.11,3.02,5.5,86,207,20,140,4.7,103,23,28,0.76,4.6,10,220,38,1.9,6.98,4.6,1.82,0.42,0.06,0.05,376,3.87,7.79,7.576,228.0559567,132.2390961,122.1506585,111.646813,98.47875516,100.1068979,93.30564496,89.05846405,89.0625967,437.4608958,349.7875637,360.4375128,353.4854574,346.3694941,349.6415968,350.1480625,358.3575268,380.6103386,0.97596262,0.79390705,0.796557058,0.713876799,0.624174018,0.656901621,0.679294191,0.641796574,178.5,1,8,15,11,11,24,31,8,9,31,10,8,12,95,92,10,12,14,14,12,115,116
PC929CB9AA0,20,22,0,5.6,0,0,17,0,2,2,45,12,44,37,51,60,28,11,6,5,5,5,5,1,4,0,4,4,37,0,0,0,0,0,3,2,0,0,0,0,0,0,0,0,0,0,5,5,28,31.45,47.4895,1.1666666666667,149.3,2.9833333333333,101,3.7666666666667,106.66666666667,79.333333333333,0,1368,1282,186,,15.76,0.56,4.76,2.7160927152318,0,73,100,,,,,19.486778,19.1572,86.07371441,,19.402673,21.342362,3.6,1.91,6.9,3.76,7.48,3.92,7.71,4.1,7.45,3.86,6.23,3.25,7.74,4.94,8.1,4.97,,,,,,,,,,,,,,,,,,,,,,,,,,,,,,,,,5,98,157,4,140,4.4,104,30,8,0.7,4.2,9.3,46,63,1.2,3,1.69,1,0.21,0.06,0.03,,0.33,4.456,1.929,150.8324409,61.31428146,,,,,,,,683.6039079,,,,,,,,,,,,,,,,,1962,2,9,11,10,11,86,62,2,8,76,10,12,8,79,,7,11,9,12,7,108,93
P45357C1409,23,27,4,6,0.2,2,23,,15,60,90,22,54,52,49,46,36,53,13,6,5,11,6,0,12,17,29,3,66,3,2,0,2,3,2,7,16,7,0,16,0,0,8.0357139,1.111,1.332,26.4787139,14,2,15,43.3,73.61,1.075,168.3,2.2533333333333,95,2.9933333333333,99.666666666667,75.333333333333,1,1656,1685,245,,17.25,1.26,9.21,3.1777941176471,7,72,90,99.53756981,95.20126715,106.7557058,99.98019216,,,96.39563799,96.62023506,,,9.33,6.13,12.02,7.83,12.73,8.37,12.1,8.16,12.06,7.99,11.99,8.25,10.68,6.91,9.87,6.39,8.48,4.35,8.72,4.31,8.12,3.97,7.88,4.5,8.1,4.26,8.5,4.31,8.14,4.39,4.62,7.96,8,2.77,8.6,2.71,8.28,3.34,8.23,3.22,8.22,2.4,7.89,2.43,8.29,2.74,8.22,2.44,5.8,101,211,11,142,4.1,105,23,16,0.82,4.3,9.4,79,64,1.8,5.95,3.5,1.66,0.45,0.28,0.04,293,2.87,4.473,3.809,308.1854699,271.9139571,292.5725272,303.9651533,310.830542,336.2949716,451.9224182,470.62208,432.784804,1204.391185,1536.197359,1540.397161,1505.665739,1508.76063,1523.969052,1613.388782,1537.540972,1550.09561,0.898052376,0.928792472,0.94734253,0.940055007,0.950655041,0.784897022,0.81298711,0.849027222,2085,2,17,16,17,16,73,73,16,15,54,12,14,13,38,86,8,11,10,12,15,116,121
PEBC454A2A3,45,41,12,5.8,3.4,4.6666666666667,27,0,9,26,54,31,38,54,51,51,31,15,6,8,5,10,8,0,,4,18,4,38,11,0,1,0,0,3,12,6,8,0,0,0,0,8.0357139,0,0,8.0357139,9,10,19,41.7,76.728,1.1578947368421,182.3,3.3666666666667,103.33333333333,4.6333333333333,121,73,0,2506,2477,359,,17.98,0.58,17.25,4.3021467391304,0,75,100,98.62173889,99.49770689,102.6780292,93.87133783,24.697769,20.213657,99.2694751,98.99853282,20.000448,18.924872,8.41,5.12,8.87,4.23,9.03,5.44,10.07,6.79,10.09,6.79,7.61,3.65,7.97,4.12,6.43,2.17,8.85,4.03,7.98,4.21,8.13,4.36,8.08,4.41,8.25,4.97,8.21,4.08,8.56,4.96,4.35,8.85,9.03,2.76,8.67,2.14,8.97,2.88,8.81,3.12,8.51,2.41,8.62,2.39,8.46,2.39,7.41,2.14,4.6,89,185,4,138,3.8,101,27,7,0.57,4.6,9.2,70,75,0.6,4.46,2.37,1.57,0.37,0.1,0.04,230,1.59,7.818,11.958,456.9739592,121.5406698,111.378952,99.16586313,87.73623246,74.16649321,75.46523329,75.49906437,56.13903538,322.012913,280.1580749,280.8510135,284.6921335,288.5820279,287.1758117,279.3907978,270.7980504,274.7772741,0.926606215,0.921438699,0.8897711,0.712353044,0.604762708,0.543282515,0.45530224,0.497569872,2286,2,15,12,18,17,84,84,12,9,97,12,12,12,4,50,10,10,13,13,13,105,122
PEEBCC4F576,39,42,0,4.6,1.8,1,23,0,12,42,55,32,37,48,46,49,26,20,8,5,5,13,7,0,17,10,30,4,72,4,2,1,0,1,3,4,4,1,0,12,0,0,1.7857142,0,0.999,14.7847142,18,17,30,21,24.15,1.25,113.3,3.6266666666667,117.33333333333,4.1733333333333,109.33333333333,86.666666666667,0,1541,1267,184,13.5,16.65,0.42,5.63,3.528,0,75,100,73.20889644,73.11022708,76.85551862,71.10396886,21.639549,19.441842,74.8518581,74.91216786,21.703576,20.60771,4.11,2.54,6.74,2.11,6.97,1.83,6.7,1.44,5.32,2.06,6.12,2.12,4.41,,5.36,1.82,7.72,4.29,7.85,4.67,7.71,4,7.99,5.04,8.5,4.34,8.52,3.93,8.52,3.97,3.74,7.38,9.54,2.62,9.31,2.77,9.4,2.52,9.32,2.31,9.77,2.62,9.03,2.49,9.2,2.55,9.28,3.03,4.9,91,160,4,142,4.5,105,28,13,0.76,4.7,9.7,71,74,0.8,4.32,1.98,1.9,0.26,0.13,0.03,241,1.62,11.006,12.53,129.9153611,30.52239269,16.70477973,15.54102588,14.25258885,15.74572183,25.26791363,22.08459101,21.7900484,230.7853493,235.9830861,223.6050582,222.2377747,216.5474962,209.1000477,240.4132128,211.2165032,232.7445661,0.532947483,0.648090343,1.00478146,0.921306199,0.611387728,0.571770104,0.437812185,0.604497707,1298,2,13,14,16,16,90,90,16,11,90,11,12,13,90,92,11,12,14,13,13,121,128
P9F378E1AD2,39,48,13,4.4,1.4,3.6666666666667,42,6,20,60,70,43,44,51,49,41,32,39,12,5,5,9,10,0,21,16,25,4,106,35,6,5,1,1,5,11,10,17,5,16,2.49999,0,0,2.222,0.999,21.72099,30,23,19,25.15,31.689,1.2,124.3,3.365,93.5,3.45,83,97.5,0,1339,1382,201,8.8,15.68,0.57,4.98,3.5175,1,75,100,72.253752,72.66446029,73.49261712,70.39407025,18.967757,18.209183,72.56756683,73.8795491,20.779495,19.392708,9.15,6.67,,,,,,,9.6,6.86,11.17,8.22,,,10.23,7.37,6.75,3.82,6.7,3.67,6.77,3.59,6.94,3.74,6.97,3.86,7.07,3.16,6.46,3.64,4.11,6.1,10.23,2.36,9.75,2.76,10.21,2.57,10.04,3.09,9.31,2.38,9.94,2.94,9.46,,9.59,2.59,5.1,92,122,6,141,3.8,105,22,12,0.56,4.5,9,29,44,0.9,6.19,3.64,1.75,0.54,0.18,0.07,307,0.69,13.462,14.339,368.6802042,401.2251914,376.5792073,376.3015451,380.190656,378.7907104,434.7315996,410.8696694,356.2227465,200.807147,189.8345307,202.5113919,211.3853245,206.9142354,206.8402433,206.1824809,200.7756941,199.3779433,0.390509537,0.50975991,0.387462027,0.381367008,0.314321798,0.401772072,0.293121732,0.318561811,4491,3,16,16,13,13,58,84,7,13,42,10,11,11,97,95,9,11,11,11,12,125,145
P68E4A49E5A,20,26,1,5,0.4,0.83333333333333,25,2,7,17,46,13,48,46,46,51,36,22,5,5,5,10,5,0,34,5,39,4,43,3,0,0,0,1,1,6,8,6,2,0,0,0,2.6785713,0,0,2.6785713,7,2,28,28.15,39.26925,1.1612903225806,137.8,3.31,99,3.9966666666667,99.666666666667,83,0,1483,1512,219,6.2,17.17,1.24,7.7,3.4616129032258,0,75,100,82.78423991,76.82250584,102.2488941,83.90940927,23.155049,21.934304,87.65103646,74.0689229,20.75254,19.898293,8.15,5.38,9.65,6.72,10.08,6.4,9.63,6.02,10.06,6.66,8.99,5.84,9.16,5.9,8.72,4.64,7.77,2.35,7.64,2.55,7.66,2.59,7.75,2.8,7.71,2.56,7.75,3,7.81,1.91,2.74,7.7,9.83,2.14,10.51,2.46,9.7,2.74,10.13,2.62,9.9,2.33,9.76,2.2,10.32,1.72,9.95,2.93,5.1,83,161,5,141,4.3,105,26,21,0.83,4.6,9.8,62,66,1.1,7.76,5.5,1.6,0.48,0.11,0.04,268,0.69,6.275,8.576,6.734998086,12.16245006,10.27609071,10.27609071,7.721315657,9.433546972,19.92286416,16.78326408,17.57401915,438.2936062,364.3309388,368.2115536,364.3811728,346.0239188,345.9005944,347.0420093,343.1042533,318.3423539,0.731963106,0.817425874,0.963043829,0.628480282,0.553882548,0.450134723,0.590187662,0.503797391,567,1,10,7,8,11,86,86,16,14,86,10,8,12,31,82,10,12,13,13,14,99,100
PE299BFFB39,38,46,5,3,3.2,2.1666666666667,21,1,19,52,61,34,28,35,39,36,30,26,5,5,5,20,11,0,3,12,15,4,60,7,1,1,0,2,1,5,18,5,6,16,0,8.5714284,3.5714284,1.111,2.331,31.5848568,35,26,14,20.7,27.6345,1.1612903225806,130.9,2.13,51,3.3233333333333,64,64,2,850,1742,252,14.9,17.08,0.61,8.95,4.1622471910112,25,56,80,91.69218904,92.1513781,93.67886203,89.23675874,17.37276,19.698062,90.42250066,84.90205438,20.772155,19.496339,4.75,2.13,8.08,5.39,8.72,5.3,7.51,4.71,7.2,4.38,7.5,4.43,5.66,2.65,7.01,4.46,6.69,3.82,6.58,3.73,7.28,3.11,7.73,3.49,7.39,3.81,6.99,3.63,7.24,3.36,3.75,7.34,9.71,2.38,9.33,2.79,8.94,2.28,9.11,2.86,9.27,3.05,8.89,2.65,9.18,2.63,8.88,2.56,4.9,96,197,,140,4,100,26,13,0.46,4.8,10,188,50,,7.2,3.89,2.23,0.86,0.07,0.14,280,0.43,,,812.9115285,983.8802569,960.1732995,935.1430313,919.5879817,997.0434783,1050.599563,1058.974342,1109.654037,3384.590245,2459.754865,2467.37052,2502.237189,2455.615252,2281.756724,2320.705143,2389.04085,2399.412877,1.26342227,1.20604959,1.340670012,1.163914458,1.213734614,1.166696967,1.067719157,0.965428837,1038,1,6,5,6,8,31,12,2,8,4,1,6,1,1,54,1,1,4,13,10,84,88
P9E5DC7120D,22,37,3,5.8,0.6,1.3333333333333,27,0,16,48,51,25,45,53,47,48,36,34,14,10,5,10,7,0,22,0,22,3,71,9,4,0,2,1,3,5,12,13,4,8,0,4.2857142,7.1428568,1.111,1.332,21.871571,13,6,21,18.75,31.3125,1.0277777777778,164.4,3.4833333333333,86,4.2466666666667,84,82,1,1771,1526,221,5.8,16.23,1.13,6.33,2.917994011976,1,73,90,72.03031162,72.32755328,74.25011605,70.25066411,20.298552,21.412969,73.93701716,73.10743984,23.216781,17.612208,6.42,1.65,6.86,4.41,7.85,5.67,8.18,5.64,6.32,4.57,8.48,5.32,8.17,5.91,6.25,3.86,7.08,4.6,6.97,3.84,7.8,3.79,7.12,3.13,7.73,3.23,7.01,3.81,7.86,3.91,4.4,7.41,9.57,2.75,9.92,2.97,9.65,2.52,9.52,2.94,9.54,2.6,9.61,3.29,9.17,2.34,9.29,3.25,5.1,86,236,7,138,4.5,102,27,12,0.98,4.8,9.8,257,55,1.5,3.8,1.56,1.58,0.35,0.25,0.04,356,0.45,8.614,7.569,608.9187799,283.1394393,289.1585746,263.2087429,275.0809012,276.7929766,261.4794666,216.0933664,164.7023337,367.0430634,313.1668521,311.1104403,318.945333,303.8700428,295.7723939,301.9959311,302.6055658,295.7709065,0.700560508,0.733950612,0.683865455,0.650475351,0.588730157,0.641597823,0.623577767,0.685720461,2541,2,11,12,14,14,88,90,7,10,99,15,14,13,66,69,9,13,11,8,11,119,114
PF1EEC3A201,52,52,22,3.6,5,4.5,51,,22,84,88,37,30,35,33,49,30,23,,,,,,,19,8,27,3,84,,,,,,2,10,18,15,4,20,0,2.1428571,3.5714284,0,3.663,29.3772855,22,25,17,5.6,5.88,1.0689655172414,102.4,2.4366666666667,62.666666666667,3.1066666666667,63.333333333333,78,3,1411,1685,245,22.5,16.63,0.34,7.55,5.145,15,65,80,85.75091175,,84.38419544,85.89025567,21.613983,23.189529,83.84550494,85.90101528,25.468316,22.715628,9.11,6.01,10.13,7.18,9.75,6.84,9.36,6.76,9.5,6.52,9.7,6.71,8.86,5.87,7.26,4.9,7.69,4.39,7.69,4.5,7.76,4.32,8.13,4.41,8.31,4.04,8.33,4.38,7.7,4.4,4.55,8.87,9.46,2.74,8.99,2.29,8.91,2.82,9.25,3.37,8.82,2.37,8.66,2.89,8.77,3.07,9.27,3.11,7.3,61,131,35,138,5.1,97,30,20,0.87,5,9.7,58,54,0.2,6.4,3.28,2.09,0.74,0.23,0.05,238,0.58,1.901,1.791,196.0047047,233.7838337,231.4469695,229.9600941,218.1610903,235.5416253,251.5912861,275.6558264,277.9393877,1837.45602,1527.458137,1523.612125,1531.133441,1451.093233,1444.526139,1492.05706,1517.217069,1530.198189,2.021059642,2.119639951,1.970179483,1.580628263,1.718031194,1.593215803,1.32741997,1.402680206,10732,3,6,10,10,11,34,2,3,6,,6,5,4,82,84,4,5,3,9,9,101,88
PE914F3754A,48,39,1,3.6,1.2,1.2,19,2,5,23,52,21,26,30,43,48,34,6,8,6,5,23,8,0,3,7,10,4,57,1,0,4,1,5,5,10,2,0,0,0,0,0,0.8928571,0,0.999,1.8918571,19,19,20,24.2999999999999,50.544,1.0487804878049,205.4,4.0266666666667,128.33333333333,4.5333333333333,114,89,0,1872,2174,314,11.1,15.77,0.72,7.85,3.3287019230769,3,71,100,82.73348004,80.41470527,86.44958767,82.0652482,14.255707,14.785876,80.62099162,79.19874257,17.012176,14.792585,9.9,7.57,10.39,7.81,10.24,7.58,10.84,8.23,10.69,7.81,9.02,6.66,9.33,6.43,8.62,5.79,5.96,4.09,5.3,3.73,5.46,3.47,5.53,3.78,5.66,3,6.12,3.23,6.16,3.89,3.74,5.86,9.86,2.76,9.24,2.85,9.27,2.98,9.61,2.73,9.04,3.23,9.18,2.46,9.37,2.68,8.61,3.03,5.5,94,235,5,142,4.7,107,26,13,1.18,4.3,9.6,89,56,1,3.35,1.57,1.16,0.37,0.06,0.03,293,0.81,5.092,5.543,82.78193777,102.0396785,98.15121937,79.1424596,79.37916535,74.0749362,69.86952362,61.51681715,53.07657195,633.2304642,662.6741883,729.1397884,775.7925964,732.636419,647.55769,700.8385527,672.1783139,675.9062095,0.780458258,1.340537511,1.070501666,0.651800355,1.243414707,1.672451051,1.440840326,0.581840136,1476,2,12,10,10,10,14,38,12,8,46,14,15,12,69,96,12,11,12,10,12,110,115
P0197E5068B,35,52,10,4.6,0,0,33,0,21,56,79,50,48,38,53,36,15,16,10,5,5,15,5,0,5,12,17,4,73,9,4,2,0,0,4,5,8,8,2,0,0,4.2857142,0,0,0.999,5.2847142,21,11,26,34.3499999999999,47.7465,1.2,137.3,2.7066666666667,86,3.47,90.333333333333,78.333333333333,0,1426,1224,177,15.6,16.7,0.37,5.73,2.8078057553957,1,73,100,84.2380305,78.74250127,87.86317439,86.27335853,20.946623,20.155419,77.40648851,80.79343026,24.254252,21.670986,6.36,3.07,8.43,4.21,8.54,3.63,8.09,3.9,7.97,3.66,8.34,3.75,6.98,2.77,6.41,3.53,,,,,,,,,,,,,,,,,,,,,,,,,,,,,,,,,5.1,88,201,,137,5.4,104,24,10,0.76,4.7,9.2,54,90,1.4,4.38,2.3,1.28,0.43,0.23,0.03,213,0.33,,,177.8349387,,,,,,,,,438.8005368,,,,,,,,,,,,,,,,,7821,3,11,13,12,12,62,86,14,12,42,10,11,11,18,21,9,12,13,14,12,96,103
PDF57550300,26,33,3,5.2,2.8,1.6666666666667,21,2,14,37,50,33,35,50,32,47,36,36,8,5,5,6,5,0,5,5,11,4,95,0,7,0,2,2,3,1,12,6,0,0,0,0,2.6785713,0,0,2.6785713,17,15,12,,,1.0789473684211,172.3,2.1266666666667,65.333333333333,2.78,71.666666666667,76.333333333333,0,1800,1987,289,18.6,16.4,0.47,8.67,3.6623275862069,,,,79.24595228,80.41965374,83.94988441,74.64930813,10.251986,10.406602,82.65056704,78.50277554,11.552258,10.588802,8.99,5.59,10.71,7.06,10.66,7.05,10.12,6.6,8.53,5.03,10.55,7.27,9.71,6.4,,,7.84,3.23,7.98,3.28,8.32,3.34,8.37,3.83,7.92,3.18,8.47,4.05,9.02,3.92,4.19,8.58,8.62,2.7,8.83,2.39,8.56,2.36,8.94,2.76,8.45,2.06,8.44,2.35,9.16,2.23,8.77,3.48,4.9,93,220,7,139,4.6,106,21,12,0.66,4.3,9.4,80,74,1.3,5.75,3.31,1.59,0.66,0.11,0.05,277,1.36,3.063,2.422,93.47693058,40.63933959,39.52115445,31.62479248,32.74222431,31.82145549,43.68904192,45.38438148,35.41620509,331.3863843,346.0416092,341.8668768,341.5842258,343.7175972,337.7076366,373.2159592,397.3064053,350.8795454,0.954696303,0.791985794,0.695922993,0.623047765,0.844323458,0.505917398,0.458879751,1.112371797,5589,3,18,15,15,15,86,62,7,12,27,13,12,12,66,38,9,8,12,13,12,114,123
P6CB07F1B44,38,34,0,2.6,0.2,0,18,0,16,16,38,27,45,44,49,52,35,21,13,5,5,19,6,0,0,0,3,4,112,1,2,0,1,7,4,7,4,2,0,0,0,6.4285713,2.6785713,2.222,2.331,13.6601426,11,13,21,,,1.1785714285714,124.3,1.8166666666667,65.666666666667,2.3166666666667,67.666666666667,78.333333333333,0,1397,1526,222,17.2,17.55,0.55,9.42,3.885,0,75,100,84.18196304,86.08338223,85.16403163,83.28778905,20.284377,11.040088,86.80369655,85.37889157,18.000843,10.343574,9.2,6.56,10.96,7.79,10.88,7.75,9.89,6.39,9.51,6.2,9.13,5.58,,,9.14,6.83,7.57,3.73,6.82,3.55,6.74,2.69,6.87,3.02,6.76,2.59,7.22,4.79,7.11,2.38,2.97,7.05,8.28,1.51,7.77,2.41,7.76,2.22,8.41,1.99,7.8,1.83,7.82,2.41,7.92,2.77,7.57,2.01,5,93,163,4,138,4.3,103,28,9,0.63,4.1,9,35,79,1.2,7.4,3.84,2.89,0.46,0.14,0.04,335,1.61,,,,15.36459266,15.86182943,2.8921939229999998,4.483592393,1.795939422,1.795939422,,3.428356426,459.2503571,417.1644611,466.7430623,396.6989158,409.6094115,399.9578807,456.9597736,444.1190934,486.4531373,0.737130622,0.435427177,0.549112533,0.584755145,1.620908389,0.629937786,0.492137355,0.084433578,5048,3,5,7,15,15,92,92,5,10,38,10,7,6,14,58,4,4,5,11,13,91,122
P64C2461B0A,20,28,0,4.8,1.2,1,17,0,12,30,41,26,50,50,48,50,36,36,5,5,5,5,5,0,17,1,18,5,57,1,0,0,0,1,4,5,1,9,1,0,0,0,1.7857142,0,0.999,2.7847142,8,4,32,21.3,37.062,1.0294117647059,171.4,3.1333333333333,65.666666666667,3.7433333333333,63,85,0,1771,2002,290,13.8,15.87,0.55,7.51,3.675,,,,64.37062847,67.43771828,66.02882706,60.20330687,18.313885,18.273375,65.30876813,63.01326702,21.203268,18.66784,8.7,4.67,9.5,6.16,9.56,5.86,9.09,5.45,9.18,5.3,8.14,4.06,9.74,6.02,8.55,4.76,7.32,3.34,6.89,3.41,7.1,2.33,7.38,3.96,6.59,3.44,7.4,3.79,7.89,3.94,3.61,7.29,9.61,3.06,9.72,2.88,9.83,2.78,9.35,2.75,8.92,2.21,9.27,2.56,9.56,2.36,9.12,2.15,5.1,97,146,4,143,4.6,104,28,13,0.85,4.7,9.9,53,55,0.7,4.76,2.64,1.48,0.46,0.14,0.02,363,0.37,,,28.49579761,41.52945,22.61457703,21.26878273,22.19073192,21.26279116,23.60320406,21.51737903,25.69769427,220.3399046,208.290212,219.4257783,219.9846423,212.742097,207.4724152,202.8984186,189.2727346,182.2017194,0.656305369,1.216782124,0.57998513,0.552690045,2.981422649,1.191342044,0.624505269,0.556930058,2872.5,2,15,9,16,16,62,62,7,7,76,12,13,12,98,2,13,12,14,11,12,117,119
P423D725F6C,30,32,0,4.4,2.2,3.2,27,2,19,37,71,33,44,40,47,44,35,33,5,5,5,5,5,3,25,4,29,5,97,4,1,1,1,1,5,5,5,6,1,20,0,0,5.3571426,0,0.999,26.3561426,18,17,28,27.2999999999999,39.312,1.1666666666667,142.3,3.27,94.333333333333,3.7933333333333,94,86.333333333333,0,1397,1382,200,12.1,15.75,0.57,5.09,3.0625,1,70,100,81.47513095,79.24440707,88.75265173,80.07831371,21.253044,18.401251,78.52366213,78.23563049,19.151308,18.815548,8.68,5.94,9.86,6.99,10.01,6.84,9.56,6.56,10.07,6.93,8.98,6.04,8.92,6.18,9.26,5.98,9.01,4.31,8.26,3.73,7.9,3.35,7.61,4.03,7.86,4.4,8.68,4.47,7.82,4.34,3.85,7.83,9.46,2.11,9.3,2.7,9.53,2.33,9.6,2.75,9.07,3.15,8.92,2.26,9.4,2.93,8.78,2.72,4.7,95,150,4,139,4.5,106,23,17,0.78,4.7,9,33,44,0.6,5.02,2.87,1.57,0.41,0.11,0.05,299,0.4,2.285,2.812,,16.14415942,13.09708495,16.81435856,16.33859432,12.49322416,15.3840294,10.86076463,15.60937221,237.5251678,227.3959129,216.0285594,215.0342677,202.806438,197.2667601,208.8115887,197.6281465,242.9228253,0.759788193,0.915873682,0.77476074,0.657232872,0.591645167,0.611387728,0.447617216,0.253239107,3456,3,9,14,14,14,34,38,8,13,96,10,12,11,34,84,11,12,13,12,14,106,121
PB2AA0EB6AD,51,51,11,3,2.4,0.66666666666667,34,0,29,73,58,46,33,21,33,27,9,2,20,5,5,24,13,0,0,0,12,3,106,14,1,1,0,1,3,8,1,1,0,0,0,2.1428571,3.5714284,0,1.332,7.0462855,20,21,12,50.2,138.05,1.1136363636364,273.3,3.22,93.666666666667,3.7166666666667,89.666666666667,86.666666666667,0,1944,1944,281,6.7,15.25,0.99,6.07,2.2531090909091,0,73,100,65.29449389,66.40613587,68.74826194,64.54099786,30.26947,29.277881,70.06959809,70.14799404,22.793187,26.813905,8.6,4.83,8.93,4.65,9.83,5.56,9.8,5.58,8.98,4.88,8.67,4.89,7.89,4.77,8.62,4.71,8.54,3.97,8.85,3.88,8.57,4.04,8.6,3.44,8.54,4.01,8.76,4.45,8.53,4.34,4.78,8.56,8.98,2.11,9.09,1.87,8.88,2.95,9.35,2.26,9.19,2.01,8.89,2.83,9.76,2.57,9.46,2.39,5.1,101,184,15,142,4.4,104,27,15,0.77,4.7,9.5,153,48,2.4,8.16,5.14,2.07,0.48,0.37,0.08,255,2.88,,,559.031295,118.4002909,108.4717303,102.0167896,100.1377976,99.51084469,110.3380425,131.1649799,111.7876608,319.4442997,298.3524569,285.8034275,274.5210105,278.3562449,279.0476325,277.5013139,319.5478844,345.1031744,0.96655509,1.022735266,1.121978077,0.181490132,1.037310312,0.967482593,0.01785212,0.243367826,10134,3,9,5,8,9,62,86,9,9,76,11,12,12,96,54,8,11,12,14,9,106,109
PFD2EDBA87A,43,45,0,4.4,2.8,2,35,2,18,62,110,36,43,40,44,46,35,16,11,6,6,15,8,0,,,0,4,101,8,5,5,1,1,3,8,19,17,4,0,0,0,10.7142852,0,0,10.7142852,19,16,17,31.6,44.872,1.125,140.3,2.8566666666667,81.333333333333,3.3933333333333,81.666666666667,85,0,1296,1339,195,5.2,16.74,1.2,6.28,3.0279929577465,0,74.5,100,69.87136951,,72.26093469,65.8857896,22.492834,19.834527,70.02171402,69.58498959,22.778388,19.882376,8.48,5.57,9.5,6.51,10.46,6.93,10.21,6.93,10.26,7.05,9.53,6.86,9.36,6.74,10.12,7.39,9.08,3.84,9.03,4.15,9.32,4.29,8.86,4.22,8.95,3.68,9.15,4.34,9,4.07,4.79,9.6,8.68,2.93,8.56,0.91,8.2,2.03,8.17,2.37,8.54,2.55,8.38,0.71,8.45,2.03,8.25,2.09,5.3,88,152,6,139,4.8,105,22,13,1.01,4.4,9.2,50,81,1,6.35,3.38,2.37,0.47,0.09,0.03,278,0.54,1.499,0.863,137.3731113,59.90750273,40.17308348,34.77572052,31.6354133,28.68027106,24.99624786,25.00549039,36.16181907,533.2464078,482.7004823,445.3430496,456.8130035,453.4761673,429.764996,452.3497382,433.0575162,495.1848174,0.680751696,0.713346798,0.715466804,0.667501654,0.725006834,0.562296325,0.087812339,0.463583516,1468.5,2,8,10,8,9,90,69,8,11,69,6,6,7,34,24,5,8,11,16,9,91,113
PBBDB7D5034,26,28,0,5.2,2.8,1.3333333333333,17,0,8,14,39,27,36,53,40,42,29,29,5,5,5,5,5,3,,4,30,4,37,,1,0,0,1,4,2,2,8,3,12,0,0,0.8928571,0,0,12.8928571,16,17,23,30.65,43.2165,1.25,139.3,2.7666666666667,80.333333333333,3.4333333333333,85.333333333333,80.666666666667,0,15.12,1584,230,16.5,16.67,0.44,6.97,3.5968085106383,0,75,100,66.45948454,71.62084847,71.34726759,67.73485978,20.18873,16.240445,71.43007396,75.21631976,17.502735,21.568062,8.1,4.46,10.15,6.57,11.34,8.02,11.07,7.72,11.1,7.75,10.77,7.21,11.25,7.62,10.22,6.83,8.65,2.85,8.56,3.54,,,,,,,,,,,,,8.01,1.77,7.75,2.25,,,,,,,,,,,,,5.1,84,179,6,141,4.5,104,24,14,0.91,4.9,9.8,51,74,1.1,5.9,3.65,1.72,0.37,0.1,0.05,221,0.76,8.192,9.347,,22.92070088,24.31205667,,,,,,,,312.6131864,326.8649386,,,,,,,0.810204601,1.048705348,-0.205013578,-0.210181094,-0.211771099,-0.21534861,-0.213228604,-0.232043663,1894.5,2,11,13,11,9,86,86,12,13,82,11,12,12,76,50,10,9,10,10,15,105,109
PCE6B5E710D,31,32,9,5,2.4,4.2,27,1,6,43,67,26,41,49,39,48,36,41,5,6,5,6,5,2.00001,0,0,5,4,46,7,1,3,2,0,5,4,16,21,5,16,0,8.5714284,6.2499997,2.222,1.998,35.0414281,19,20,24,23.9,43.976,1.0263157894737,181.4,3.77,98.333333333333,4.6333333333333,93,81,2,1786,1771,257,7.3,15.32,0.77,5.64,3.0798097826087,9,67,80,77.32818445,72.26948412,84.5617078,76.37466706,15.659235,14.335967,76.80072997,73.39503302,10.721587,12.700155,8.76,5.47,8.1,3.99,7.58,3.67,8.23,5.06,8.7,5.47,9.13,5.68,9.11,6.03,6.55,2.64,8.95,3.72,8.94,4.41,8.12,3.92,9.1,4.21,8.07,3.24,8.92,4.87,9.08,4.81,4.84,9.19,9.05,2.03,9.07,2.1,,,9.29,2.87,8.71,1.98,8.93,2.25,9.04,1.68,9.02,2.17,5.4,100,201,16,141,4.2,105,23,11,0.62,5,9,151,41,2.2,6.26,3.61,2.05,0.45,0.11,0.03,253,0.77,5.554,5.694,222.1463276,198.1295346,213.2084254,197.128512,185.3664586,196.9307291,203.4931657,,199.1202637,792.3808392,708.8842233,698.1095313,,777.7178646,739.7365382,751.3663244,764.7429189,802.1515281,1.266403529,0.265097894,-0.202231069,1.594209556,0.247077838,1.478669194,0.965362587,0.791919544,7650,3,19,17,19,18,92,92,17,12,95,6,10,13,97,96,13,14,14,11,17,126,137
P73742BAB5D,31,48,10,6,0.6,0.5,29,2,28,45,86,44,43,53,39,48,30,15,7,9,13,7,6,1.00004,25,17,39,5,103,10,7,1,0,1,4,7,6,6,3,20,0,0,8.0357139,1.111,0,29.1467139,11,17,18,34.8499999999999,60.2905,1.1111111111111,171.3,3.8966666666667,113.66666666667,4.6966666666667,118,83,0,1598,1757,255,14.6,15.25,0.45,5.55,3.2501445086705,2,74,100,83.34712774,80.99084414,92.72014657,77.97367029,23.210814,17.337861,83.59041879,82.10387418,23.693032,23.691335,8.45,5.61,8.95,5.88,10.21,6.85,9.55,6.33,9.42,5.98,9.31,5.77,8.66,5.48,9.07,5.75,8.81,3.55,8.94,4.43,8.94,3.82,8.93,4.02,8.69,3.99,9.35,4.3,8.88,4.05,3.73,8.85,9.03,2.17,8.74,2.52,8.17,1.51,8.76,1.45,7.9,1.66,8.52,1.9,8.84,2.1,8.44,1.93,4.9,86,168,13,143,4.1,107,26,8,0.87,4.4,9.3,44,62,1.1,6.53,5.07,0.97,0.39,0.07,0.01,233,0.41,,,59.14928165,17.62528772,26.11591831,19.85537742,13.19280448,13.85425697,10.03293803,72.62449091,7.784032394,446.1181483,391.0588318,425.6634855,437.3633076,408.3365668,395.1311595,396.4155323,428.6739646,419.8655213,0.949065036,1.726842471,1.344313773,0.639411566,0.3948158,1.250370979,0.840812197,0.511548666,2862,2,8,5,8,10,34,69,10,9,79,11,11,12,69,73,10,9,10,10,12,110,109
P834CD1E446,48,52,18,1.6,3.8,3.1666666666667,39,0,27,62,76,45,38,49,38,35,25,17,9,5,5,10,5,0,8,20,28,4,64,15,5,4,1,4,2,6,1,6,2,12,0,0,4.4642855,0,1.332,17.7962855,21,19,24,25.5499999999999,34.748,1.0882352941176,134.3,3.1733333333333,90,3.5466666666667,87,89.333333333333,0,1354,1397,203,9.9,15.38,0.5,4.66,3.2912867647059,1,75,100,69.20465647,71.4564321,73.99451272,65.43367088,22.382571,18.614497,75.08894676,66.8898036,23.794797,22.030901,10.07,6.63,10.19,6.76,9.9,6.29,9.98,6.62,10.09,6.83,10.01,6.38,10.39,6.84,10.58,7.17,7.57,3.29,7.44,2.72,7.43,3.11,7.8,3.13,8.04,3.56,8.01,3.61,7.79,2.88,3.6,7.61,8.71,2.03,8.46,2.28,8.13,2.02,8.45,2.22,8.2,1.64,7.97,2.12,8.09,2.11,8.19,0.87,5,93,133,8,137,4.2,103,26,18,0.78,4.9,9.6,53,53,1.2,4.44,2.32,1.55,0.51,0.02,0.03,293,0.26,,,174.5737476,35.46888998,25.23642783,23.61309321,15.33987486,16.7300515,17.2891545,11.80406487,5.674410296,402.2752122,369.7565466,368.5453365,385.0136682,395.7236328,373.6267671,352.8035052,351.3964427,387.5799458,0.597541435,0.667766655,0.634906552,0.128887468,0.513138671,0.411245852,0.364075704,0.275565427,1507.5,2,11,11,12,12,84,79,13,14,82,12,13,10,27,66,11,11,14,13,11,118,101
PC9D93E9BAD,37,40,6,4.2,2.8,2.8333333333333,34,2,18,30,62,33,41,55,41,38,29,33,16,5,11,20,14,0,13,10,23,4,88,11,2,3,1,6,5,7,7,5,0,0,0,4.2857142,5.3571426,0,0.999,10.6418568,21,22,33,29.5499999999999,44.6205,1.4137931034483,149.3,3.03,89,4.03,98,75,0,1786,1814,263,8,15.68,0.8,6.2,3.8404966887417,2,72,100,75.02786541,73.08244699,80.03641155,75.41599985,13.060367,14.306148,77.05605725,71.25336271,13.087911,13.984768,,,,,,,,,,,,,,,,,,,,,,,,,,,,,,,,,,,,,,,,,,,,,,,,,,,,,,,,,,,,,,,,,,,,,,,,7.951,,,,,,,,,,,,,,,,,,,,,,,,,,,,2850,2,15,13,12,13,88,86,12,12,34,11,12,13,66,93,12,12,14,12,16,121,131
P58BB5B4F30,44,50,18,3,2.4,2.6666666666667,49,2,15,57,81,31,40,39,43,45,36,35,10,5,12,12,8,1.000023,,,40,3,151,31,4,5,3,3,5,2,28,23,5,16,1.66666,4.2857142,6.2499997,0,1.665,29.8673739,13,13,20,21.8,41.202,1.1282051282051,186.4,3.5333333333333,81,5.0966666666667,94,69.333333333333,1,2534,2491,360,8.6,17.56,1.65,13.98,4.2,5,68,90,67.72888314,68.05712679,70.79547269,67.21682514,20.219706,19.18177,72.80733718,64.49895476,23.614355,20.830935,8.2,4.32,8.54,4.37,8.75,4.69,8.7,5.16,8,4.33,7.67,4.36,8.79,5.71,7.38,4.27,9.49,5.29,8.35,5.67,9.07,5.27,9.57,4.85,8.87,4.58,9.52,5.03,9.23,4.69,4.68,8.65,8.88,1.69,8.62,2.2,8.81,2.01,8.51,2.47,8.09,1.9,8.59,2.87,8.56,0.87,8.24,2.65,5.7,99,176,11,141,4.4,104,25,22,1.23,4.9,9.4,151,39,1.8,6.75,3.79,2.23,0.61,0.08,0.03,213,0.23,4.058,4.309,90.95177903,78.49185938,77.56188546,70.51266657,76.64259789,77.26565438,106.9505403,172.9187096,223.0722231,620.8821367,537.5551731,593.4784496,691.4333392,708.7442333,704.9140818,730.8742045,668.5919903,626.8236412,1.552339425,1.411888985,1.149538163,1.061690388,1.095212993,1.143310644,1.134168115,0.952112545,26964,3,7,6,4,5,10,62,3,4,14,11,9,1,12,21,4,1,1,7,8,76,91
P61F876F81E,56,54,27,5,2.2,3.3333333333333,48,6,27,62,75,43,37,39,45,33,31,22,5,5,5,5,5,4e-05,,0,39,4,105,24,5,6,6,2,5,8,14,22,5,24,0,4.2857142,1.7857142,0,2.664,32.7354284,23,21,26,23.15,28.9375,1.4150943396226,123.3,4.7666666666667,148.66666666667,5.27,143.66666666667,90.666666666667,0,1598,1714,248,14.9,16.29,0.48,6.86,4.37472,4,74,90,79.8665319,78.64629717,85.21363436,78.01484397,28.785176,24.946191,81.14456178,78.53484308,24.708174,25.548126,,,,,,,11.16,8.06,10.29,7.07,10.51,7.69,8.34,5.66,9.23,6.53,9.11,4.56,8.72,4.28,8.55,4.26,8.86,4.12,9.41,4.64,9.32,4.22,9.41,4.92,4.78,9.24,9.23,1.98,8.63,1.66,,,9.89,2.95,8.88,2.03,8.33,1.49,8.34,0.91,8.12,2.31,4.3,84,153,4,139,4.1,101,26,10,0.72,5,10.1,83,67,1,11.08,7.85,2.2,0.73,0.13,0.11,232,0.35,11.16,11.63,118.0347995,65.25286297,55.35120786,36.72342709,31.28594448,42.76898521,45.30763795,38.32236835,50.03945653,350.2490667,247.2950442,285.1693137,434.8193376,281.9078984,291.4590322,302.400345,317.1705728,279.317748,0.715864305,0.725139335,1.094947992,0.640074068,0.610526476,0.497768623,0.422110886,0.484518581,400,1,13,16,17,15,7,31,11,14,16,12,13,12,97,84,9,10,12,13,13,125,117
P265538EFA3,24,27,11,5.4,1.6,3.3333333333333,21,3,13,59,65,26,49,52,47,52,36,49,6,6,5,5,5,4e-05,,,26,3,52,8,0,1,2,1,5,4,12,5,2,0,0,0,6.2499997,0,0,6.2499997,7,0,22,31.25,42.8125,0.85714285714286,135.3,2.7266666666667,129.33333333333,3.2933333333333,123.66666666667,83,0,1512,1498,217,14.4,16,0.4,5.65,3.4925912408759,1,71,100,,73.95253702,82.70205575,79.81168779,16.159358,14.806906,76.60967506,76.98041429,15.956315,14.267927,9.74,6.26,10.9,7.44,10.82,6.87,10.94,7.38,11.83,8.2,11.26,7.71,10,6.93,10.07,6.63,9.07,4.52,8.29,4.11,8.71,4.18,9.09,4.26,9.38,4.37,9.04,4.71,9.27,5.01,4.56,8.99,9.02,1.97,9.28,1.83,9.04,2.76,8.53,4.31,8.92,1.81,8.32,1.63,8.39,1.61,8.63,2.02,4.7,82,197,6,142,4.1,105,28,9,0.64,4.6,9.5,67,96,0.8,4.87,2.09,2.1,0.54,0.9,0.4,317,0.29,,,157.1302635,75.40752428,35.42726178,37.68471865,31.92320057,31.60472607,30.62502091,36.7157061,37.04642803,605.2032291,475.0372471,486.2205608,456.8025503,408.7827744,422.6239243,436.1364988,438.7796019,469.251464,0.400115817,0.290670474,0.342743137,0.338238123,0.284575455,0.259665377,0.236610305,0.247210338,10719,3,11,18,14,13,69,69,12,18,84,14,14,13,58,46,12,12,12,10,12,117,113
P7443D0A7CF,23,23,0,1.2,0,0,17,0,16,2,41,26,54,46,46,56,36,28,5,5,5,13,9,2.000003,0,0,3,5,30,0,0,2,0,0,4,2,0,0,0,0,0,0,0,0,0,0,0,0,25,25.4,50.038,1.1842105263158,194.4,2.66,60.666666666667,4.4766666666667,82.666666666667,65,0,2232,2030,295,28,16.54,0.31,8.61,3.3019035532995,0,71,100,84.41382642,82.19238155,88.38822074,80.88258202,25.85954,23.157564,87.40563855,78.12420925,26.813502,21.768054,8.13,4.87,8.96,5.18,10.51,6.69,9.83,6.33,10.58,7.5,7.04,4.27,7.49,4.65,7.41,4.55,9.35,4.36,8.69,4.04,8.73,4.34,9.51,4.28,9.34,3.79,9,4.46,9.22,4.56,4.84,9.62,9.5,2.12,9.61,2.46,9.09,1.21,9.45,2.5,9,2.28,8.97,2.75,8.99,1.86,9,1.69,5.2,94,224,14,139,4.2,106,28,10,1.01,4.7,9.5,225,30,1.2,6.26,3.68,1.87,0.4,0.23,0.05,234,2.31,9.339,10.155,277.9752303,149.4463215,152.9866142,132.6081337,147.9807126,155.6324811,178.7463934,184.2888812,190.6768709,363.6251701,299.0217272,325.5135061,381.6057097,390.7161096,382.6566321,387.5180037,376.6704309,323.7868066,0.761311948,0.912892422,0.891427355,0.830079663,0.785692024,0.707914281,0.840414695,0.745809399,6846.4,3,8,5,8,9,62,34,8,7,86,8,7,9,31,93,9,9,9,10,9,77,83
P9FD7595C4F,59,30,9,5,0.8,2.6666666666667,24,0,13,48,50,33,44,57,39,59,36,32,5,5,5,5,9,4e-05,,17,33,5,52,5,2,0,0,0,5,6,4,12,1,0,0,6.4285713,3.5714284,0,0.999,10.9989997,8,7,23,24.05,32.708,1.0967741935484,134.3,2.7333333333333,79,3.3866666666667,84,80.333333333333,0,1771,1930,279,8.5,16.72,1.08,8.66,4.52349264705882,2,72,100,62.1273049,,63.78905118,60.73694612,17.546597,18.090247,57.46102379,56.40708719,20.702113,17.265299,6.07,3.38,7.7,,7.14,3.21,7.06,2.92,6.87,3.85,7.52,3.74,7.74,3.81,7.19,2.8,8.66,3.65,7.8,3.81,8.24,4.48,8.81,4.03,8.61,4.14,8.78,4.43,8.62,4.15,4.29,8.21,9.41,2.98,9.11,2.63,9.21,1.78,9.02,2.17,8.66,2.35,9.16,2.13,8.69,1.27,8.99,2.83,4.8,86,189,7,142,4.4,106,30,9,0.78,4.5,9.6,65,74,1,4.01,1.74,1.62,0.36,0.27,0.01,232,0.46,6.93,6.996,193.8431455,138.2364347,146.4988873,126.3637438,166.7600276,160.9047938,191.2662997,203.1547027,175.2228217,349.3630227,252.3315936,259.8701331,261.8536975,251.4999573,257.7014987,256.8102991,270.4827297,277.8226975,0.726530589,0.812523358,0.735275616,0.639742817,0.643055328,0.456494743,0.43940219,0.35314442,1446,2,9,15,19,18,84,58,8,9,62,10,12,12,62,79,9,11,13,14,12,119,116
P09E8B746E3,41,43,8,1,1.6,1.3333333333333,29,3,18,57,76,34,38,43,37,43,23,1,18,9,5,15,15,1.6e-05,,0,0,4,90,28,2,5,0,1,4,11,17,16,4,0,0,4.2857142,4.4642855,2.222,2.331,13.3029997,32,27,22,15.6,28.704,1.1025641025641,181.4,2.8466666666667,84,4.0233333333333,101,60.666666666667,0,1008,1987,287,8.3,16.41,1.03,8.43,3.4393206521739,0,71,100,,,85.19276535,82.68914049,17.181773,16.29422,,,20.350877,18.675321,8.23,5.54,8.14,5.69,9.5,6.58,7.56,4.4,8.04,5.48,7.69,4.7,9.14,6.26,8.97,5.83,7.18,3.74,7.31,3.36,6.89,3.35,6.71,2.89,6.96,3.12,7.07,3.26,7.12,3.41,3.52,7.24,7.05,2.42,7.56,1.79,7.86,1.95,7.91,1.68,8.21,2.38,8.22,1.99,7.95,2.32,7.76,1.96,5.2,87,200,3,138,4.1,102,26,10,0.81,4.3,9.5,34,94,0.5,4.37,2.32,1.4,0.46,0.15,0.03,263,0.52,,,108.5318866,24.73648525,16.13600952,12.24269479,8.211459485,14.2420297,13.56743577,7.628776099,18.87473702,502.944104,382.7317707,382.1240563,374.6925937,377.2903285,368.4700443,372.2921283,360.2711906,377.1611434,0.860422258,0.941380012,0.830609665,0.992922673,0.63742406,0.623511516,0.504923645,0.536723745,18846,3,9,1,4,4,42,69,5,2,16,4,5,6,82,42,2,8,10,19,9,98,88
P5E989C3B12,33,31,0,6,2,2,23,0,16,38,67,27,51,54,45,47,30,32,9,7,5,8,6,0,,,1,4,103,1,2,0,0,1,4,7,0,8,0,0,0,0,0.8928571,0,0,0.8928571,14,13,30,28.2,38.352,1.2903225806452,134.3,3.2933333333333,103.66666666667,3.7166666666667,101,88.666666666667,0,,1238,179,12.1,16.18,0.42,4.86,2.90216911764705,0,74,100,62.1054701,66.12485796,61.45715235,57.50664414,15.886418,12.955357,64.17628884,61.14227586,17.679165,12.301289,7.63,4.15,8.03,4.27,8.28,4.63,8.54,4.5,9.02,5.2,6.59,4.32,6.77,4.34,7.49,4.63,6.4,1.84,6.65,2.28,6.64,2.53,7,2.19,6.78,2.73,6.77,2.16,6.83,3.39,2.21,6.99,7.26,2.04,7.71,2.08,7.26,2.18,8.16,2.01,8.13,1.57,7.68,1.48,8.2,2,8.11,2.09,4.9,85,151,1.5,137,4.3,104,24,11,0.7,4.5,9.1,90,54,1.4,6.93,4.48,1.91,0.42,0.07,0.02,204,0.55,9.125,14.71,47.59188365,12.89092195,0.837066414,0,0,0,2.366630246,0,21.11974634,218.3837743,194.5983204,193.3936289,194.4377278,191.2223958,189.9429992,188.7340885,179.1540419,186.9704523,0.564283831,0.676644183,0.780392008,0.728849346,0.741436886,0.592506419,0.531291228,0.51287367,9048,3,15,14,12,11,84,58,13,14,31,9,12,11,27,79,12,12,13,11,9,114,108
P3A013C4346,28,29,5,5.6,1.4,1.5,22,4,13,19,67,23,42,45,47,45,33,16,6,7,5,6,5,1.00002,0,0,0,3,108,6,3,0,0,2,1,5,0,0,0,0,0,0,2.6785713,5.555,0,8.2335713,13,0,20,36.65,67.0695,1.25,181.3,2.3933333333333,72,2.7333333333333,65.333333333333,87.666666666667,0,1656,1829,265,8.1,17.01,1.14,9.05,3.19303278688524,2,73,100,,,105.9148522,104.9203081,20.429867,15.674228,100.9945794,98.92216258,21.529003,17.746183,10.17,6.71,10.92,6.59,10.63,6.6,10.36,6.08,10.75,6.23,10.79,6.63,10.69,6.64,9.99,5.66,6.24,2.42,6.07,2.8,6.09,2.67,6.26,3.04,6.04,2.34,6.46,2.22,6.52,3.35,2.53,6.42,7.55,1.97,7.62,2.11,7.57,2.68,8.21,1.7,7.8,2.72,8.34,2.26,8.37,2.27,8.03,1.97,5.1,95,246,7,139,4.3,101,26,7,0.65,4.6,9.4,338,58,1.1,4.84,2.73,1.31,0.61,0.11,0.06,408,4.88,,,2695.7209,1128.10671,1084.486514,1000.650329,1026.530642,1028.111429,1106.836074,1275.882479,1407.391626,819.0008145,622.6875232,614.0373297,573.910437,570.9975683,586.395702,669.4698436,585.0795055,591.6835734,0.938995004,0.854327239,0.817757125,0.70446927,0.534471238,0.412173355,0.78767953,0.711756793,7020,3,9,9,9,10,34,14,10,12,38,13,13,10,54,42,13,11,11,8,10,96,102
PCDECE2EEA4,43,56,8,4.4,0.8,2.6666666666667,29,4,25,42,62,40,39,48,49,46,31,35,6,5,5,6,5,3e-05,27,13,40,4,66,18,7,3,4,3,2,4,1,6,0,0,2.49999,0,2.6785713,0,0.666,5.8445613,19,16,22,36.2,57.92,1.2727272727273,158.3,3.31,105,4.45,121.33333333333,74.666666666667,0,1555,1310,191,7.4,16.34,0.74,5.41,2.63221875,4,75,100,79.57474703,80.64792966,92.21052068,76.74279188,27.727941,25.479296,85.27604599,77.49309851,25.416133,23.765726,7.41,3.65,8.58,5.2,8.83,5.11,9.05,5.35,8.79,5.16,9.36,5.3,10.14,5.93,9.53,5.28,7.48,2.39,7.57,3.31,7.57,2.49,7.35,1.71,7.69,2.88,8.05,2.94,8.01,2.87,3.15,7.93,7.42,1.5,7.28,1.95,7.38,1.34,7.61,1.67,7.88,2.08,8.14,2.08,7.75,2.45,8.15,2.22,4.7,89,141,8,140,4.6,105,26,14,0.75,4.7,9.1,39,69,1.3,5,3.08,1.49,0.34,0.03,0.03,258,1.51,18.443,19.431,329.8141143,153.276175,152.3930301,147.3907897,153.8677341,154.4551766,214.4253515,257.1919534,217.3053612,356.2327752,318.5303106,320.9175861,423.759639,443.7126598,431.1240849,424.4387581,327.0139172,326.9298507,0.556863808,0.575811367,0.59277142,0.490216099,0.416413368,0.506911151,0.59277142,0.546396275,222,1,15,12,11,11,58,79,7,17,,8,11,12,95,99,7,7,9,12,12,121,104
PCD16179D9B,27,22,2,6,0.4,1.5,28,0,10,43,51,29,46,35,46,58,36,41,6,5,5,10,5,1e-05,6,0,13,4,53,2,0,0,0,0,4,5,0,0,0,0,0,4.2857142,0,0,0,4.2857142,11,1,26,28.5,34.2,1.2758620689655,118.3,2.3866666666667,93.666666666667,3.4133333333333,104.33333333333,69.666666666667,0,1066,1051,153,11,16.88,0.5,5.34,2.811375,2,72,100,,,106.1137122,100.566138,16.312263,15.42707,94.53713236,,15.117838,18.029961,5.24,3.53,7.37,4.78,7.1,4.72,,,5.31,1.17,4.83,1.23,5.75,3.48,7.55,5.32,7.57,3.99,7.28,4.56,7.42,4.15,7.4,3.82,7.32,3.86,7.21,3.74,7.4,3.74,3.48,7.64,8.74,2.02,9.39,2.56,9.07,2.27,8.79,2.39,8.54,2,8.82,2.66,9.12,2.3,9.64,2.32,5.6,109,278,6,144,4.5,105,28,15,0.74,4.8,9.9,92,88,1.4,3.9,2.43,1.15,0.24,0.05,0.02,298,0.32,13.236,11.297,175.9435472,37.33743096,38.97642845,45.31568711,37.07673939,28.69228127,44.64688854,45.00496627,55.94811387,613.5632541,566.5961175,574.4994348,550.4209001,533.1729531,526.3627018,563.4546546,531.8310055,549.4263755,1.065135399,1.357033813,1.021410262,0.932634984,0.869962288,0.746736902,0.767539467,0.533543735,2230,2,9,8,15,14,90,90,6,10,8,9,10,8,82,10,8,11,13,15,12,93,100
P0287658B8F,20,23,0,6,0.4,0.8,20,0,9,40,41,20,51,46,52,44,36,39,5,5,5,5,9,3,,3,22,5,54,0,0,0,0,0,6,1,5,10,1,0,0,0,0,0,0,0,12,50,12,46.25,94.35,1.0681818181818,202.3,2.85,89.333333333333,3.3133333333333,80.666666666667,81.666666666667,0,1426,1325,192,11.7,16.93,0.58,6.64,2.07529411764705,0,69,100,59.91534556,,59.47972073,59.15982445,19.216571,20.44765,61.25652071,60.76030423,22.885056,21.844727,4.44,1.57,7.34,4.8,7.98,4.68,8.27,5.64,8.7,6.47,6.39,4.02,7.55,4.25,6.62,3.57,6.25,2.44,6.25,3.19,6.27,3.04,6.76,2.79,6.2,2.75,6.71,2.2,6.21,2.29,1.76,6.55,8.26,2.18,8.43,2.38,7.5,1.5,8.56,2.25,7.82,1.71,8.25,1.83,8.23,3.1,7.98,2.02,5.9,110,217,9,143,4.1,108,25,9,0.64,4.4,9.4,78,66,1.5,6.47,3.38,2.38,0.35,0.27,0.08,371,5.56,3.271,3.24,284.0647602,126.9723335,105.2900825,103.4002393,100.8311025,113.0885199,158.7232608,190.2585368,185.1838895,433.1548659,412.3833059,389.1187338,387.6380011,388.6433831,379.9493365,389.4844081,404.2724127,415.6977223,0.715599305,0.765021959,-0.150555907,-0.200243563,0.620596507,0.600986446,0.544541269,0.549841286,19939.5,3,19,17,15,13,38,38,9,14,50,11,12,13,58,84,13,13,14,11,13,127,121
P1DA7E69FEC,32,30,6,5.6,1.4,1,28,1,15,60,81,29,39,37,46,52,34,24,6,7,5,5,5,6e-05,,0,10,4,50,4,0,0,1,1,2,3,2,4,0,12,0,6.4285713,3.5714284,0,0.999,22.9989997,7,4,16,45.6,96.672,1.15,210.3,2.6933333333333,95.333333333333,3.1166666666667,89,86.333333333333,0,,1570,288,14.2,17.04,0.64,8.27,2.9954716981132,2,72,100,83.42508746,82.0448668,83.32877971,84.01209786,20.655578,21.386733,81.21004988,81.08156311,21.02757,20.916718,6.81,2.81,10.26,7.08,11.9,8.44,12.36,9.27,,,11.04,8.04,11.21,8.41,9.6,6.37,7.98,3.99,7.48,3,6.79,3.13,7.32,2.62,,,,,,,,,8.32,1.71,8.47,2.49,8.16,1.77,7.82,2.35,,,,,,,,,5.5,94,187,11,139,4.4,106,23,15,0.68,4.1,9.4,102,60,2,4.91,2.62,1.44,0.59,0.23,0.01,402,17.21,9.394,11.045,39.43023794,59.3510613,46.26677434,35.30516199,40.92294839,,,,,521.3314,400.4044648,491.3074177,475.9553231,465.6384009,,,,,-0.02375301,0.711359291,0.853532237,0.861747262,-0.210048594,-0.212433601,-0.216938615,-0.230718658,2011.5,2,6,7,10,10,12,14,7,6,4,6,3,5,2,42,4,2,11,17,7,80,92
P74AEEC3029,35,63,39,5.4,4,5.3333333333333,67,6,32,101,112,53,35,50,40,46,36,42,16,5,5,11,6,3e-06,27,21,48,1,199,45,9,2,3,0,1,9,33,37,6,12,4.16665,2.1428571,11.6071423,0,2.331,32.2476494,36,38,13,42.3,84.4308,1.1794871794872,197.9,3.6633333333333,102.66666666667,4.2566666666667,102.33333333333,86.333333333333,1,1800,1656,240,7.8,17.04,1.14,8.75,2.65130260521042,26,58.5,80,104.5510057,105.0627805,112.0557014,105.6271541,25.072046,21.761393,101.139894,102.2279246,24.57619,23.084176,7.6,3.84,7.39,3.74,9.37,4.89,6.43,2.71,7.7,4.02,6.73,3.15,6.94,3.35,8.03,4.53,7.07,3.1,6.72,3.85,6.82,3.14,6.39,2.85,6.78,3.68,7.31,4.3,7.65,4.67,3.7,6.89,8.63,2.19,7.93,,8.11,1.8,8.37,1.67,7.94,1.93,8.1,1.44,8.21,1.69,8.75,2.1,9.1,378,168,17,135,4.2,103,18,14,0.83,3.9,9.5,377,31,2.4,10.06,6.29,3.09,0.5,0.12,0.03,303,6.81,10.311,9.596,989.8920194,756.0720304,795.9021789,791.2681295,820.2880247,902.8920132,948.7964868,941.1404183,892.4214315,3725.436602,2775.54827,2400.349531,2372.453491,2414.723654,2376.859697,2527.928793,3073.112413,2621.872864,0.396140804,2.436382193,2.350654424,2.22146652,2.110298672,2.238161572,-0.217468617,2.002443334,30,1,9,9,8,8,24,10,5,13,5,6,6,10,62,50,1,1,6,15,14,117,106
P430269BFCC,44,64,29,2.8,1,1.6666666666667,37,1,25,36,90,49,31,53,49,27,24,23,7,5,5,10,5,4e-05,10,10,19,4,52,18,5,7,0,2,4,8,12,13,2,0,0,0,0.8928571,0,1.665,2.5578571,25,18,21,9.6,19.488,1.1351351351351,201.3,3.6,84,5.6266666666667,102.66666666667,64,0,1699,1742,252,7.29,16.34,1.58,7.59,2.73724137931034,8,74,90,71.35264188,67.69383356,76.37129296,67.95226868,19.979797,18.43079,70.10647959,66.37074216,19.914531,17.316382,7.16,2.83,8.57,5.18,9.54,5.44,8.98,5.16,9.17,5.09,8.72,5.44,7.48,4.3,5.59,,7.19,2.85,6.64,1.96,6.52,2.47,6.79,1.81,6.47,2.31,6.45,1.85,6.45,1.69,2.42,6.37,8.74,2.03,8.97,1.14,8.68,2.45,8.91,1.91,9.27,1.92,8.41,1.7,8.53,2.19,9.24,2.46,5.6,111,220,9,141,4.5,104,27,13,0.98,4.7,9.4,156,40,1.3,3.93,2.49,1.01,0.29,0.09,0.03,240,0.87,8.723,8.684,271.8646557,175.6659502,164.5269477,146.835911,132.3415774,117.0995912,105.5533118,120.1425871,133.5204579,531.0619472,462.4498133,456.9661611,463.4550801,431.1697945,428.5194974,418.8722979,471.0420392,433.062878,-0.206471083,-0.165793455,-0.167515961,0.971722607,0.99504268,0.984045145,-0.223298635,0.684461707,1227,2,11,12,17,17,90,90,15,14,34,10,13,13,82,88,1,11,12,19,14,121,132
P7BD0135BFB,29,34,4,3.8,2.8,3.3333333333333,19,2,10,39,61,39,33,34,54,45,31,34,6,5,5,5,5,0,,,,5,57,0,1,4,2,5,5,6,6,0,4,12,0,0,3.5714284,0,1.665,17.2364284,12,23,18,26.45,34.3321,1.1935483870968,128.1,2.88,106.33333333333,3.47,99.666666666667,83,0,619,677,98,14.4,17.94,0.38,5.36,1.66479198767334,1,75,100,56.18324066,55.64112711,57.9480357,53.04799632,22.11421,21.144189,53.81492927,53.53997899,19.002908,18.218716,6.58,,6.43,,6.1,,5.97,2.17,6.24,2.9,6.92,,4.51,,5.46,,7.36,2.89,7.2,3.3,7.44,2.84,7.2,2.6,7.56,3.97,7.33,3.32,7.08,3.17,3.38,7.02,8.04,1.66,7.5,1.68,7.91,2.65,7.41,1.84,7.21,1.89,7.61,1.27,7.59,1.9,8.12,2.46,5.1,85,245,4,142,4.8,104,28,24,0.81,4.3,9.8,78,88,1,4.53,2.13,1.78,0.51,0.07,0.03,278,0.52,14.333,15.885,,36.77510864,29.04141171,21.35723679,16.82409774,19.07331749,18.75378221,16.84811981,28.85476764,725.8994582,579.3945732,596.6219836,543.7691506,706.6799145,590.2410385,624.2112502,749.5061494,675.1613309,0.738256876,0.784764521,0.788739534,-0.216143613,0.862807266,0.791124541,-0.228863653,0.405945835,2493,2,11,14,14,12,69,38,9,11,76,13,11,13,34,58,10,13,12,12,13,124,115
PB6B8CB27A4,36,32,7,5.8,2.8,3.5,38,1,9,46,60,24,46,44,39,54,,21,10,5,21,9,8,2.6e-05,,,110,5,98,14,0,2,1,0,4,5,9,16,1,0,0,6.4285713,8.928571,2.222,2.331,19.9101423,22,23,19,20.75,21.497,1.2692307692308,101.899999999999,2.6866666666667,102.33333333333,3.51,111.66666666667,76.666666666667,1,1282,1094,159,11.9,18.23,0.87,9.27,3.38412162162162,6,70,100,80.52880996,79.43378431,84.90484652,81.83065373,16.358862,21.262563,79.15724034,75.23592333,20.998772,19.3829,4.46,,5.31,,5.21,,3.76,,4.18,,4.88,1.58,3.58,,4.82,,10.14,3.41,10.27,3.44,10.58,3.26,10.16,3.45,10.11,4.07,9.97,3.46,10.06,3.77,4.06,10.81,6.86,0.58,6.63,1.19,6.82,0.54,7.24,1.24,6.9,0.74,6.94,1.29,7.14,,7.72,0.97,5.7,97,201,11,141,4.3,108,24,17,0.8,4.3,9,139,66,2,6.73,3.97,2.17,0.44,0.08,0.05,268,0.51,13.634,21.215,259.3826332,134.142956,118.0061186,102.2029035,95.83082815,98.43200406,76.8040275,74.64775982,75.6367053,1481.243004,1208.692301,1176.193922,1240.328799,1304.057722,1228.998771,1397.747849,1439.808005,1453.768217,,,,,,,,,20904,3,11,13,9,10,69,69,8,11,69,13,11,9,2,73,11,12,10,9,15,102,96
P66335C1F3D,24,38,2,5,4.2,4.3333333333333,21,0,17,65,69,26,49,44,44,48,34,42,7,5,5,6,5,5e-05,28,11,55,4,67,4,3,0,1,3,3,4,8,13,2,0,0,4.2857142,1.7857142,0,0.333,6.4044284,17,3,21,26.7,47.8998,1.0833333333333,176.8,3.2033333333333,93.333333333333,4.03,94.333333333333,79.666666666667,0,1382,1512,220,11,18.04,1.49,11.72,2.70401337792642,0,73,100,82.29296815,85.02717007,81.8969698,79.5446966,20.979819,20.907754,85.35453245,81.70983605,20.221853,23.824128,6.95,,7.24,,8.85,5.7,7.07,2.59,7.86,3.4,5.46,1.43,5.67,,7.32,,8.86,4.48,8.56,4.37,8.98,3.78,9.62,3.97,9.48,4.14,9.76,4.66,9.71,5.29,4.49,9.86,7.77,1.16,8.32,0.87,8.03,0.47,7.69,1.34,7.86,0.7,8.21,1.24,8.03,0.99,8.17,1.21,5.6,102,131,17,142,4.6,108,24,14,0.85,4.3,9,126,26,2.1,5.23,2.7,1.84,0.42,0.21,0.04,309,1.75,5.692,4.592,553.2507386,351.7550394,362.835526,351.0833981,400.5009572,393.7401477,322.7417086,263.7560203,200.8511506,1211.003165,1024.868242,1020.052903,1015.060947,1062.364875,1058.602951,1093.822577,997.7392191,1118.367736,,,,,,,,,4128,3,11,14,14,12,69,92,13,14,54,10,11,10,5,73,10,8,12,12,16,110,102
P347F9B02AC,22,34,1,4.4,3.4,2.8333333333333,23,0,14,34,52,23,45,49,54,56,35,44,5,5,5,8,5,1.00002,0,0,,4,83,8,3,3,0,3,5,5,0,2,0,0,0,2.1428571,0,0,0.999,3.1418571,2,7,26,15.55,24.258,1.2258064516129,153.4,3.81,99.666666666667,4.55,93.666666666667,83.666666666667,0,1886,1584,230,10.9,17.08,0.77,8.37,3.25096153846153,0,74,100,57.9363029,56.69962297,55.7615022,56.84575096,19.939465,17.768486,56.53875653,56.50642686,21.766565,22.383016,7.63,3.76,7.46,2.71,8.76,3.36,7.76,3.96,8.79,4.17,8.09,3.97,7.16,2.83,5.95,1.8,9.27,4.52,8.78,4.26,9.19,4.17,8.92,4.56,9.45,4.12,8.61,4.31,9.39,5.07,4.84,9.57,7.25,1.33,7.42,0.74,7.85,0.84,7.33,,7.69,0.5,7.16,0.64,7.59,0.88,6.51,,4.7,86,162,4,142,4.7,108,26,14,0.84,4.7,9.4,47,60,1.1,5.21,2.9,1.5,0.66,0.09,0.04,213,0.28,4.904,5.576,157.8600949,31.23140919,26.51222765,20.16871217,29.64776183,28.6597211,25.68818015,28.6597211,24.69502707,339.0113423,237.5781433,285.6252189,300.598606,282.4488493,290.8817806,292.8243994,314.1927959,337.9604244,,,,,,,,,9152,3,10,10,8,6,34,38,14,14,96,10,12,12,90,88,11,12,11,10,14,112,107
P9B125EC7FF,42,42,7,4.2,4,2.3333333333333,34,4,26,59,66,31,43,47,42,29,29,21,5,5,5,5,5,4e-05,,0,16,3,89,10,10,2,1,3,2,4,17,21,6,20,0,0,8.0357139,0,3.663,31.6987139,28,12,18,15.6,13.104,1.24,82.3,2.6133333333333,96.333333333333,2.64,89,99,2,850,792,116,17.2,17.76,0.35,5.93,3.045,22,57,80,56.15471007,54.91852746,52.85649694,55.84240333,19.268949,17.96643,51.84159676,54.06180505,18.598113,21.68961,4.33,,4.63,2.52,5.83,,6.43,,5.32,2.45,4.71,,5.86,3.05,4.14,1.91,,,,,,,,,,,,,,,,,,,,,,,,,,,,,,,,,5.4,88,230,,137,7.9,101,25,17,0.58,5.2,9,72,73,0.8,4.61,1.61,2.61,0.24,0.1,0.04,,,,,603.0003776,,,,,,,,,,,,,,,,,,,,,,,,,,2904,2,8,8,5,7,58,58,1,9,,5,8,4,46,34,2,6,6,14,10,119,122
PA2AE2327A7,,,,,,,,,,,,,,,,,30,5,,,,,,,0,0,,3,,,,,,,3,1,7,9,2,0,0,0,4.4642855,0,1.665,6.1292855,4,2,18,20.25,38.2725,1.0810810810811,186.4,3.74,87.666666666667,5.0166666666667,94.333333333333,74.666666666667,0,1310,,,,,,,,2,75,100,61.32036152,60.8214583,63.29473862,63.30125487,22.20799,23.33203,61.85402719,61.18353315,23.475037,20.939704,9.06,4.45,8.89,4.53,9.07,4.7,9.09,4.82,7.68,3.35,8.42,4.28,8.86,4.66,10.88,6.44,8.94,3.42,9.49,3.35,9.14,3.58,9.13,3.14,9.09,3.13,9.29,3.82,9.38,4.08,3.72,9.44,7.94,0.44,8.51,1.36,8.52,1.18,8.48,0.84,8.44,1.38,8.28,,8.08,0.98,8.76,,5.2,84,137,15,140,4,104,28,13,1.13,5,9.6,80,52,2.7,5.85,3.91,1.38,0.41,0.11,0.02,339,0.96,7.436,7.153,141.3374333,28.16525165,15.85739383,28.16525165,22.70441699,25.68818015,23.70046056,20.20737279,30.14134385,477.0317956,453.8917441,444.0388227,478.2702269,415.9463137,437.5002058,448.3747434,467.9751386,507.5515395,,,,,,,,,4255.5,3,,,,,,,,,,,,,,,,,,,,,
PDC4B2D1283,29,48,10,4,0.4,0.8,35,8,22,57,65,41,41,34,34,46,30,2,6,5,5,10,6,0,0,0,75,4,93,17,6,5,9,3,2,6,10,10,2,12,0,2.1428571,4.4642855,0,0,18.6071426,9,8,20,23.45,39.1615,1.0285714285714,164.4,3.33,82,3.9833333333333,79,83.666666666667,0,490,907,132,13.3,16.39,0.31,4.15,1.742874251497,5,75,90,84.67866509,84.48439599,88.92951338,85.92700736,21.871273,20.74555,85.31968593,86.55834956,16.446187,20.447736,6.84,,8.38,5.36,9.41,6.23,8.11,3.06,8.68,5.66,7.35,2.55,7.77,,7.08,,9.51,4.54,9.37,4.21,9.31,4.07,9.31,4.06,9.41,3.93,9.93,4.44,9.19,3.9,3.89,9.71,7.26,0.53,7.68,1.41,8.25,0.56,7.88,0.41,7.12,,7.64,0.27,7.82,1.43,7.88,1.32,5.2,94,164,9,141,4.3,104,30,15,1.18,4.9,9.3,34,50,1.7,5.95,4.08,1.23,0.34,0.25,0.02,257,6.65,4.665,5.167,192.7184949,38.16810703,35.19919704,31.9694053,21.71525523,41.91128442,25.48043096,44.34745518,27.47126301,382.7889002,359.1731206,370.6778915,394.3194966,399.6991561,371.3766231,384.3010015,396.1384263,409.0523783,,,,,,,,,996,2,6,11,12,13,31,34,5,7,46,9,10,1,50,21,10,12,4,4,4,85,56
PA998DEF612,53,55,15,5.2,1.4,3.6666666666667,42,0,21,67,83,47,46,52,47,43,34,38,22,6,5,19,12,3e-05,26,7,33,4,85,16,6,1,0,1,6,13,13,32,6,0,0,0,11.6071423,0,2.331,13.9381423,19,18,23,27.45,40.9005,1.3703703703704,147.3,3.3533333333333,98,3.9333333333333,97.666666666667,85.333333333333,1,1627,1325,193,9.5,17.09,0.79,7.37,2.85614093959731,5,75,100,81.66193799,80.33083403,82.79025975,79.70099261,26.222585,24.067267,82.2804176,80.7516347,26.216961,25.694978,6.35,,7.51,,7.47,,8.25,,6.86,,7.52,2.22,6.61,2.04,6.58,,9.04,3.71,9.09,3.72,9.2,3.55,8.96,4.29,8.94,3.87,9.88,4.07,9.64,3.76,4.43,10.58,8.01,1.3,8.21,0.82,8.38,0.83,8.53,0.98,8.63,1.07,8.7,0.92,8.59,1.15,8.77,0.63,5.2,85,240,8,143,4.2,105,26,14,0.82,5.3,9.6,110,75,1.5,5.79,3.83,1.42,0.42,0.06,0.04,271,0.87,5.069,2.588,197.5170774,232.319656,260.98715,276.8448297,309.5786935,323.5123037,545.9948176,614.780788,517.2237531,1181.151324,1136.803658,1050.154712,1223.394341,1223.731481,1224.640664,1206.679271,1270.384399,1396.755849,,,,,,,,,4065,3,10,12,18,17,86,86,10,13,69,7,11,12,62,34,11,8,12,11,13,122,90
PCBA6D5456A,44,46,13,3.6,4.8,6,28,1,17,75,93,33,32,38,43,31,29,10,7,10,5,13,10,2e-05,,,,1,52,16,4,7,0,1,3,11,29,25,4,28,0,6.4285713,13.3928565,2.222,3.663,53.7064278,38,32,10,43.3499999999999,90.6015,1.0666666666667,207.3,1.8,63.666666666667,2.38,67,76.333333333333,2,1757,1642,238,8.8,15.2,0.65,5.46,2.51095693779904,36,57,,72.70973976,71.00157776,74.7491761,73.75527452,25.241153,21.300508,72.58797003,70.34513548,24.281399,22.777792,5.42,3.82,6.36,2.96,6.68,4.21,5.9,3.95,6.26,2.98,5.77,3.52,5.26,,4.87,,8.14,4.07,9.36,3.89,8.84,4.24,8.79,3.86,,,,,,,,,8.56,1.73,8.18,1.64,8.47,1.16,8.57,1.64,,,,,,,,,6.2,102,213,14,137,4.5,100,27,11,0.5,4.3,9.4,191,52,2.6,11.46,8.08,2.23,0.78,0.26,0.07,484,35.31,,,1856.26761,1107.011997,1188.224961,1303.24665,1245.73213,,,,,2348.535733,1906.650296,1907.359815,1949.237018,1958.734127,,,,,,,,,,,,,1323,2,9,13,10,11,34,38,7,16,7,10,10,9,54,10,5,6,9,14,13,92,108
P5AB4BF272A,31,35,0,3.4,1.4,1,21,0,15,39,57,28,44,41,47,49,36,7,6,6,5,14,5,1.6e-05,12,6,28,4,43,6,1,1,0,0,2,5,9,10,2,0,0,0,1.7857142,0,0.666,2.4517142,7,8,13,31.15,39.5605,1.1333333333333,125.3,2.5666666666667,91.666666666667,3.03,86.666666666667,84.666666666667,0,1195,1210,175,10.6,17.93,0.83,8.61,3.03838582677165,1,73,100,83.62280566,81.76575341,81.00815875,82.98426741,22.032307,24.710024,82.22833177,80.81514675,22.328119,21.92603,9.15,4.39,9.86,3.95,11.97,7.06,11.01,6.15,11.05,6.2,10.03,5,8.4,2.2,9.27,4.85,7.81,3.06,7.89,2.79,7.91,2.96,7.86,3.01,7.96,2.32,8.25,3.05,8.9,3.25,3.96,9.39,9.21,0.58,9.28,0.7,9.3,0.53,9.42,0.67,9.8,,9.51,0.78,9.42,0.96,8.44,1.27,6.1,108,252,12,137,4.6,103,25,10,0.63,4.4,9.9,94,80,2.1,8.49,5.58,1.69,0.68,0.08,0.04,344,0.45,,,174.2685279,101.0114601,78.65854335,67.47535407,61.13349205,56.152349,59.7583869,66.3762559,76.75639949,372.6712295,297.9422054,388.292861,321.0287652,385.5099938,327.6893063,393.5816129,401.276524,352.0475244,,,,,,,,,4440,3,8,10,11,13,90,92,8,11,76,7,9,6,69,73,11,11,11,10,9,88,104
PC1D651869B,20,30,0,6,1.2,0.66666666666667,17,0,10,43,41,36,42,45,43,43,36,11,16,5,5,12,5,2e-05,0,0,6,4,36,0,1,0,0,0,2,2,0,0,0,12,0,0,5.3571426,2.222,0.666,20.2451426,22,16,15,33,46.2,1.2258064516129,138.3,2.2133333333333,77.666666666667,2.9933333333333,84,74,0,1368,1210,176,11.1,16.24,0.48,5.17,2.772,7,71,100,,,67.2977581,68.75919454,16.460823,18.473785,72.69641952,70.88373068,15.631217,18.09795,,,4.23,,5.18,,4.11,,4.6,2.6,,,5.93,2.41,5.14,2.17,9.85,4.13,9.61,4.06,9.63,3.45,9.64,3.9,9.76,3.86,10.3,4.61,9.93,4.2,4.68,9.91,7.54,0.62,7.84,1.29,9.51,1.36,10.06,0.82,10.5,1.62,8.45,1.64,8.63,1.33,8.28,1.15,5,82,114,7,143,5.5,104,24,12,0.89,4.5,9.2,72,66,2,9.64,6.4,2.14,0.45,0.49,0.1,266,0.36,,,125.787441,120.2340767,107.049944,109.9826466,103.6167522,104.1492347,118.6555498,137.5292349,104.1492347,460.1275602,473.7681415,491.2188783,500.6784277,481.2120003,454.1616731,467.6963526,491.0411623,487.917727,,,,,,,,,5220,3,13,10,10,11,69,69,13,13,84,15,14,13,69,99,4,4,13,19,10,117,118
P72BA92179E,44,45,13,4.6,2.8,5.8,44,6,23,77,106,40,37,46,41,46,36,22,18,6,16,13,7,3e-06,14,15,29,2,63,26,2,8,0,4,4,14,26,19,7,16,0,2.1428571,9.8214281,2.222,2.664,32.8502852,30,29,,46.85,86.6725,1.0454545454545,183.3,1.7233333333333,65,2.15,65,80.666666666667,0,1253,1166,169,11.5,16.95,0.55,6.24,2.01429729729729,16,74,80,73.16830831,72.54411602,74.54545776,70.67541649,18.259891,21.397722,72.98336578,70.67099342,20.083737,22.703464,5.25,2.56,6.04,2.4,6.35,3.66,5.68,3.03,4.94,,4.8,2.17,5.07,,5.67,,8.46,3.73,8.33,3.21,8.56,3.15,8.8,3.66,8.18,3.59,8.86,3.45,9.07,2.97,3.75,8.93,8.2,1.04,8.8,0.49,8.41,0.89,8.15,1.17,8.32,0.91,8.27,1.22,8.17,1.46,8.84,1.12,5.3,87,241,4,140,4.3,104,23,15,0.57,4.4,9.2,53,61,1.8,4.62,3.05,0.95,0.53,0.04,0.03,457,6.7,,,711.5268858,162.3273215,160.299917,169.2889895,160.0385581,150.4974112,160.8138793,137.7901319,127.8734937,491.91701,455.6491447,474.6761452,470.3678418,470.4508276,471.4720174,484.7959179,511.2202718,488.823055,,,,,,,,,5199,3,18,13,8,9,92,69,13,12,38,12,12,9,54,58,9,11,9,10,8,108,90
PC5AA75827D,51,63,33,2.8,1.4,3.6666666666667,57,3,27,65,97,53,45,44,44,32,22,11,12,7,5,14,7,3e-05,0,0,46,2,124,28,10,0,3,10,2,17,22,25,6,12,0,2.1428571,10.7142852,0,1.998,26.8551423,28,33,,33.15,40.1115,1.1935483870968,119.3,1.8466666666667,67,2.0633333333333,66.666666666667,62.01,1,,1022,148,9.9,15.74,0.42,3.99,2.69702479338843,36,63,80,88.9492338,92.48854425,86.36602646,86.00719578,27.085852,22.807119,90.92978065,89.16459329,25.209998,22.519716,10.32,6.13,11.18,6.19,10.75,6.08,10.71,5.9,10.32,5.86,10.26,5.93,10.6,6.13,9.94,5.49,8.76,3.15,8.53,2.53,8.92,2.83,8.9,2.52,8.73,2.57,9.21,2.97,8.91,3.12,3.39,9.01,8.25,1.47,8.7,0.92,8.31,0.48,7.7,0.48,9.12,1.13,8.6,1,8.81,0.65,9.11,1.46,6.8,153,197,1,138,5.4,101,26,18,0.62,4.4,8.4,64,63,0.3,6.53,4.01,1.82,0.41,0.21,0.07,339,2.17,,,758.2521128,426.7035027,490.0593004,502.3822372,527.8731384,562.8909752,588.1864592,604.6759864,618.0501613,2222.38221,1327.391079,1431.556882,1399.735203,1464.438384,1431.139221,1391.108233,1476.181048,1379.043922,,,,,,,,,1261.5,2,13,10,9,10,58,58,4,8,2,3,1,4,27,2,10,11,11,11,8,110,104
P49CABD8F62,20,27,0,6,0,0.33333333333333,24,2,21,47,53,29,46,48,44,43,36,30,5,5,5,6,5,1.00004,16,9,37,4,37,3,0,2,0,1,6,4,9,7,2,0,0,0,0,0,0,0,5,2,23,18.45,32.841,1.1666666666667,175.4,3.96,130.66666666667,5.02,132.33333333333,78.666666666667,0,2362,1829,265,16.2,17.96,0.82,13.32,3.28272471910112,0,71,100,63.34896287,64.7142798,61.89526025,61.3082483,20.851589,18.689732,64.9661282,63.74519554,18.879373,21.224453,6.19,3.37,9.06,5,8.49,2.76,7.84,2.98,7.6,2.44,6.24,2.39,8.18,3.62,7.9,2.51,,,,,,,,,,,,,,,,,,,,,,,,,,,,,,,,,5.3,98,135,4,139,4.3,100,29,14,0.88,4.7,9.6,37,53,1.4,3.68,2.21,1.05,0.35,0.02,0.03,263,1.85,,,132.3186097,,,,,,,,,552.1145882,,,,,,,,,,,,,,,,,10035,3,11,16,10,11,92,92,13,12,84,11,13,12,90,10,12,11,14,8,14,120,119
PCDE5EBAEA0,21,25,7,6,0,2.5,31,0,13,53,67,20,50,50,50,55,32,40,5,5,5,7,7,1e-05,,0,13,4,52,5,0,0,2,0,5,9,2,3,3,0,0,4.2857142,8.0357139,0,0,12.3214281,9,3,19,28.45,35.98925,1.2758620689655,124.8,2.7366666666667,92.666666666667,3.54,95.666666666667,77.333333333333,1,1238,1166,4.88,0.3,16.51,0.64,5.34,0.0850624505928853,3,75,90,70.32687688,71.79075206,70.87113047,68.80495672,11.609114,9.137187,72.58269612,72.18073974,11.438482,9.72796,5.15,,7.29,2.57,6.45,2.37,5.6,1.47,4.9,1.79,5.92,2.08,4.8,2.48,4.47,,8.17,2.85,8.23,2.43,8.69,2.91,8.47,2.92,8.72,2.66,8.46,3.4,9.91,3.35,3.05,8.81,8.05,1.49,8.35,1.39,8.23,,7.69,0.81,7.88,1.35,7.12,1.47,8,0.72,7.54,1.16,5.5,87,221,4,141,4.3,103,24,18,0.78,4.9,9.8,102,54,1.2,3.59,1.51,1.72,0.29,0.05,0.02,260,0.76,18.715,15.307,175.0746909,150.9653867,145.5809342,149.97463,121.5617807,134.651002,149.2066091,159.2715782,130.4818632,1039.863986,854.563216,916.9175991,903.3258852,978.7261385,949.7497216,1053.232848,1144.850936,1230.460707,,,,,,,,,1440,1,11,8,11,12,92,69,13,11,54,13,11,13,82,84,10,10,13,13,16,116,114
PCDF09BAFA8,21,29,3,4.6,0.4,0.66666666666667,30,0,15,51,53,31,50,39,47,53,,54,7,6,5,11,5,1e-05,25,4,29,3,57,6,5,0,0,0,4,4,5,5,2,16,0,6.4285713,9.8214281,1.111,0,33.3609994,18,0,12,40.5,69.255,1.1351351351351,169.3,2.5633333333333,91,3.2633333333333,89.333333333333,54.196666666667,1,,1541,224,10.5,17.25,0.83,8.62,2.88842105263157,6,70,100,80.21993126,78.75094274,82.22808788,78.86234005,19.873568,15.492779,80.27580689,76.7880562,19.081153,14.174113,,,,,11.19,7.57,9.3,6.48,,,7.76,,9.99,8.02,8.19,6.83,8.57,3.64,8.43,2.57,8.84,3.24,8.92,3.26,9.08,3.56,9.27,4.03,9.64,3.71,3.62,9.53,8.93,0.87,8.2,1.22,8.42,1.61,8.69,1.41,8.63,1.64,8.39,1.32,8.67,1.57,7.93,1.21,5.6,86,115,,142,4.3,106,24,17,0.69,4.9,9.7,195,41,,8.14,5.52,1.9,0.41,0.13,0.14,271,0.68,9.192,8.725,959.5660548,628.2669002,651.5026368,622.9295985,647.057551,692.9506745,924.0559184,933.3204102,830.7831529,695.5107653,599.5871471,636.3179919,635.8361011,631.530405,578.1687449,617.3437458,624.1281442,658.8601944,,,,,,,,,3106,3,16,16,19,19,46,76,17,15,92,15,13,14,93,92,13,13,12,9,17,106,114
P6C35FC4901,62,61,22,4.6,3.2,4.2,51,10,26,84,92,53,41,56,50,37,28,22,13,16,5,22,13,9e-06,23,,58,4,150,36,6,4,1,5,6,18,6,18,4,0,0,4.2857142,1.7857142,2.222,0.999,9.2924284,18,24,23,16.5,27.555,1.21875,164.4,4.18,97.666666666667,5.12,95.666666666667,82,0,1598,1685,244,20.5,16.74,0.39,7.91,3.22167664670658,6,74,100,55.99580541,54.9394294,59.09445554,53.33738611,26.023226,22.972656,55.01771865,52.42919225,24.599076,19.704543,9.42,4.34,,,9.71,4.97,,,,,9.53,4.42,8.93,5.14,7.16,3.03,8.62,3.97,8.49,3.21,8.39,3.49,8.4,3.34,9.29,3.7,9.23,4.4,9.79,4.38,4.47,9.77,8.65,0.75,8.8,1.49,9.06,1.45,9.31,1.52,8.51,0.88,8.47,,9.19,1.41,8.84,1.52,4.6,85,183,4,141,4.5,103,26,15,1.04,5.2,9.8,42,75,0.9,4.19,2.18,1.29,0.55,0.09,0.06,235,,,,123.0389967,41.18225153,34.43715956,36.06143155,32.60351761,33.14496255,23.09238783,17.39074131,27.08542598,209.3714714,186.9918412,188.9512731,204.7867319,188.3355189,184.8148953,190.1632153,190.3383489,189.9784798,,,,,,,,,1601.5,2,14,12,9,11,92,90,7,8,50,13,13,13,82,96,8,10,12,14,16,119,118
P29B14FFF30,36,44,2,3.6,1.4,3,17,4,14,56,60,38,38,44,38,38,18,9,5,5,5,15,9,3e-05,9,0,13,4,80,14,5,4,3,5,4,6,9,11,2,0,0,2.1428571,0.8928571,0,0.333,3.3687142,9,16,34,19.05,32.1945,1.0882352941176,166.4,3.9266666666667,86.333333333333,4.3966666666667,78,89.666666666667,0,2261,1670,243,16.5,16.61,0.47,7.7,3.17050295857988,1,71,100,,78.27987951,83.97744757,79.91100377,25.825985,28.601404,80.8309998,78.48605876,30.309572,29.113441,9.2,5.47,11.07,7.37,,,10.69,6.42,7.04,3.86,7.76,5.1,11.8,7.76,7.65,4.02,9.6,2.94,9.72,3.7,9.89,3.36,10,3.76,10.51,2.86,10.27,4.18,10.66,3.77,4.47,11.17,9.44,1.27,9.49,1.04,8.99,0.73,9.37,1.59,9.05,0.78,8.99,1.14,9.24,2.2,9.1,0.97,5,83,154,6,139,4.9,102,27,17,0.89,4.8,9.6,56,54,1.2,4.71,2.44,1.7,0.43,0.09,0.04,241,,2.633,2.764,57.33097147,27.10857803,24.75276834,13.37476423,23.56870658,18.78538334,15.75050725,16.36070854,22.97503471,355.0185983,216.7615589,234.7170226,226.2763701,229.749194,231.0603162,214.257339,218.1542521,231.5905871,,,,,,,,,6378,3,15,19,15,15,58,62,7,12,86,13,13,14,79,86,15,15,16,11,17,129,135
P291B928FB4,20,21,4,6,0,0.33333333333333,18,0,4,30,47,15,54,44,48,57,36,28,12,11,5,15,16,2e-05,30,4,34,5,35,4,0,2,2,0,3,6,0,0,0,12,0,0,2.6785713,0,0,14.6785713,12,2,14,40.55,79.0725,1.2564102564103,193.3,2.4733333333333,79,3.2133333333333,80.666666666667,77,0,1584,1454,211,8,17.9,1.33,10.56,2.38592307692307,2,72,100,76.39346951,74.53649044,71.64409826,74.61076867,17.242782,20.781836,78.53600923,76.42552413,14.509184,12.876716,6.36,2.31,7.83,2.41,9.13,3.96,7.31,1.53,7.2,1.98,8.67,4.92,8.29,3.68,8.96,4.3,9.32,4.78,9.7,4.71,9.21,4.66,9.24,4.29,9.44,4.44,9.33,4.7,9.39,4.79,4.87,9.73,8.78,1.7,8.89,1.42,8.5,1.04,8.33,0.78,8.72,1.39,9.37,1.4,8.95,1.57,9.72,1.7,4.9,86,196,15,140,4.7,105,24,8,0.79,4.6,9.8,63,51,2.4,6.13,3.7,1.74,0.35,0.26,0.06,472,4.58,2.532,2.423,264.6411795,261.2425764,282.5079733,313.2442153,333.5178247,347.3980085,389.5117521,441.7962401,369.9487986,623.190462,554.5446168,532.89621,537.1346687,553.0024054,575.0349074,569.6741165,548.0817562,537.3421823,,,,,,,,,6036,3,15,16,16,15,93,46,14,15,86,14,15,15,99,90,13,12,13,10,14,121,128
P2597A5CAD5,38,53,10,2.8,3.4,2.2,34,7,24,63,79,38,33,41,35,38,12,11,13,5,5,15,10,9e-06,2,12,15,4,104,21,7,8,7,4,4,8,8,11,2,12,0,4.2857142,7.1428568,1.111,0,24.539571,12,11,22,22.35,38.442,0.97297297297297,169.4,3.8633333333333,91,4.6833333333333,88,82.333333333333,0,590,,,,,,,,2,74,100,,,91.75129125,93.22407014,23.357965,22.102505,93.32333405,89.24581756,22.086746,22.66192,10.02,6.75,9.66,6.59,,,,,10.42,6.27,11.68,8.33,7.52,4.34,7.2,2.42,9.05,3.25,9.2,4.01,9.06,3.6,9.02,2.76,9.18,2.75,9.69,3.46,9.79,4.49,3.86,9.31,7.91,1.52,8.59,1.4,8.06,1.66,8.29,1.39,8.48,0.94,8.51,2.09,7.92,1.32,7.45,1.58,5.4,94,191,8,140,4.6,102,30,17,1.02,4.9,10.3,60,51,1.3,6.67,3.76,1.81,0.6,0.42,0.05,238,0.46,,,362.0575614,87.38361268,85.0695929,70.11576482,79.65665166,69.23116057,79.65665166,83.95063831,88.5283239,415.2129175,374.4800249,421.101528,428.794097,404.1101236,378.5823796,408.2633284,435.3776273,415.9413333,,,,,,,,,2397,2,16,14,11,12,62,62,7,16,58,12,12,10,96,99,12,13,13,11,10,121,106
P75DB4F0BB0,45,47,5,4,3.4,3.1666666666667,36,0,26,61,61,41,35,50,45,41,36,25,6,5,5,11,6,3e-05,0,0,39,3,63,4,1,1,0,0,3,7,0,0,0,0,0,4.2857142,5.3571426,0,1.332,10.9748568,18,9,13,34.3499999999999,65.265,1.2753623188406,188.3,2.9333333333333,90,3.99,97.333333333333,73.333333333333,0,994,806,117,9.8,16.68,0.52,3.85,1.35781578947368,8,73,100,,75.77337203,74.36130707,73.31831421,15.30726,17.019258,74.00176094,73.17259313,18.713745,17.462284,5.83,,6.39,,7.13,1.95,6.69,,5.95,2.07,5.62,,6.13,,5.5,,9.23,3.32,9.35,2.77,9.3,3.31,9.46,3.59,9.51,3.4,9.56,3.33,9.75,3.31,3.69,9.45,7.58,1.68,7.52,1.32,7.28,,7.34,0.88,7.15,1.18,7.31,1.39,7.86,1.13,7.17,0.89,5.1,92,183,6,141,4.7,108,25,10,0.75,4.7,9.2,70,60,1.4,5.08,2.94,1.46,0.37,0.26,0.04,303,2.37,3.09,5.449,157.3020889,89.66710801,86.5159834,65.45145637,92.74294136,80.52876105,116.9239177,126.5984198,142.0170199,504.882274,446.7344036,522.1069957,537.8223968,584.4195114,630.6656431,898.2006696,1148.690663,1411.054243,,,,,,,,,6117,3,11,8,10,10,90,90,13,10,84,13,13,11,54,84,10,11,11,11,12,107,103
P816168283B,33,22,1,5.6,0.6,1.2,21,0,6,26,40,28,41,33,44,52,30,25,5,5,5,5,5,2.00002,4,3,7,4,33,1,1,0,0,0,3,3,0,0,0,0,0,0,1.7857142,0,0.999,2.7847142,9,0,30,27.6,35.328,1.0285714285714,126.3,2.19,69.333333333333,2.78,73.666666666667,79,1,1368,1267,184,9.1,15.61,0.54,4.67,3.1696875,3,70,100,112.3389294,105.3246105,127.1768462,114.4505146,23.12949,20.191428,109.368055,107.2421915,20.817632,18.861671,6.12,2.37,8.55,4.73,7.9,3.58,7.06,2.86,9.24,5.48,7.15,3.43,6.84,2.22,6.64,,8.85,2.26,8.3,2.46,9.1,2.93,9.01,2.24,9.03,2.74,9.46,3.48,9.03,3.21,3.29,9.7,9.3,,9.31,1.19,9.03,,9.12,1,8.36,,9.16,0.85,8.77,1.1,8.85,1.07,5.2,117,189,40,137,4.6,103,23,17,0.66,4.9,9.7,174,54,4.6,7.48,4.98,1.96,0.41,0.06,0.03,360,6.75,3.113,2.052,638.1127563,398.1037636,478.2769824,446.5808615,495.3287337,551.7283584,763.0612372,879.7193634,1042.665107,1229.15884,995.8750754,1057.231723,1028.008802,1040.481153,1069.103381,1207.497727,1359.616656,1404.17277,,,,,,,,,5382,3,10,11,10,12,88,34,6,11,42,11,13,5,50,69,7,9,5,8,11,95,98
P4B9E14CB77,37,40,8,5,1.2,1.8333333333333,29,6,13,28,51,39,28,44,45,44,,12,6,5,5,9,5,3e-05,12,8,16,4,45,5,3,12,0,2,2,3,19,12,6,0,0,2.1428571,4.4642855,1.111,0.333,8.0511426,24,24,,10.4,9.568,1.2264150943396,89.4,1.76,47.666666666667,2.4466666666667,54,72.333333333333,3,,1138,165,13.8,18.28,0.72,9.9,3.95461956521739,26,60,90,88.52099856,83.14208957,95.0624671,92.71963973,20.840054,23.337591,81.72491867,82.61096104,21.577384,19.88571,6.25,1.76,6.86,3.64,7.69,2.24,6.88,1.77,6.62,2.04,6.14,,7.53,3.64,6.23,2.23,,,,,,,,,9.9,3.25,,,,,,,,,,,,,,,7.96,10.94,,,,,,,6.1,121,187,14,142,4.5,104,28,34,1.22,4.7,9.6,74,52,0.4,6.44,3.91,1.72,0.57,0.18,0.04,234,0.26,2.726,2.278,195.3783826,,,,,243.9193997,,,,1796.440351,,,,,1403.189674,,,,,,,,,,,,865.7,2,7,2,2,4,86,90,1,5,,7,7,8,12,82,4,3,5,11,7,116,104
P3F5A7FB1DB,22,22,0,5.8,0.2,2.3333333333333,17,0,5,37,49,19,37,51,43,49,31,19,5,5,5,5,5,1.00004,4,2,6,5,38,0,2,0,0,1,3,2,1,1,2,0,0,0,0,0,0,0,12,11,26,25.35,32.1945,1.2121212121212,125.3,2.45,89.333333333333,3.1766666666667,93.666666666667,77.333333333333,0,1325,1526,222,7.5,16.63,0.95,7.03,3.85440944881889,0,71,100,68.43291903,68.97540956,71.02331781,67.00878069,20.330003,15.752219,74.39169295,67.63391404,11.715951,14.011745,4.57,,5.8,2.05,5.68,3.44,5.33,,5.95,1.99,6.11,1.83,5.8,2.22,5.43,2.46,9.12,3.06,9.27,2.96,9.45,2.88,9.3,3.15,9.19,2.86,9.02,2.65,9.47,5.63,2.91,9.35,8.54,1.54,8.26,0.84,8.48,0.68,8.85,1.56,8.38,1.8,8.21,1.14,8.16,1.2,8.12,1.52,5.7,102,206,10,139,5.1,103,26,12,0.93,4.6,10.3,43,114,2,5.36,2.64,1.91,0.66,0.07,0.06,311,0.3,2.285,3.161,199.3744878,79.07911604,78.16327844,72.1276308,61.9491126,41.08965984,32.47244906,38.37751165,33.39633798,559.2789358,493.5106975,520.8656079,518.6030516,513.6729667,537.801935,586.3190152,577.2583574,585.3195374,,,,,,,,,8010,3,10,10,8,9,69,38,13,10,27,13,13,11,54,42,12,10,14,12,16,116,104
PDB3B7D52BE,27,31,3,4.4,0.2,0.66666666666667,22,0,13,40,55,28,47,47,52,48,,42,5,5,5,5,5,0,0,2,2,4,51,2,2,2,0,1,4,4,4,0,2,0,0,4.2857142,0.8928571,0,3.663,8.8415713,14,14,20,21.95,21.511,1.2962962962963,96.3,2.2033333333333,86,3.0966666666667,94.333333333333,71,2,,1296,189,6.1,18.27,1.78,10.84,4.2525,13,63.5,90,,,54.7811373,,10.936305,6.618383,57.12669187,56.6775272,15.761995,12.062173,5.58,1.38,7.66,2.65,6.94,1.49,6.29,2.35,8.13,3.71,5.69,1.47,6.13,1.63,6.08,1.88,,,8.96,3.42,9.86,3.31,9.31,3.43,8.82,3.56,7.96,2.15,9.11,2.79,3.36,9.09,8.43,1.8,8.33,1.24,,,8.42,0.86,7.63,1.82,7.58,1.62,7.69,2.05,7.44,1.52,5.7,93,282,16,141,4.4,101,27,14,0.54,5,9.6,70,99,3.8,3.79,1.74,1.29,0.31,0.32,0.12,362,0.53,,,1102.677713,,1008.124485,1082.417783,940.3519878,1088.168678,1223.138048,1217.654696,1057.924004,4717.990103,2373.749174,2390.614813,,2270.031655,2313.546096,2717.996773,2570.35092,2443.324419,,,,,,,,,4093.5,3,18,16,11,11,73,73,14,13,54,14,14,13,92,93,12,10,15,13,18,122,141
P44DC103873,33,52,28,5.8,0.2,2.5,49,1,25,50,78,40,35,38,35,44,35,22,6,5,5,7,5,4e-05,8,12,20,1,98,20,6,4,2,1,1,8,27,25,6,12,0,2.1428571,2.6785713,0,2.331,19.1524284,38,38,12,31.35,36.0525,1.3333333333333,113.3,2.21,72,2.9933333333333,82,74,3,1166,1238,179,9.4,15.59,0.49,4.51,3.4321304347826,35,74,,78.16934251,77.82200389,79.75014612,78.10335426,19.882266,16.556487,78.90865451,77.76309193,18.987858,19.223183,,,,,,,,,,,,,,,,,8.71,2.68,8.55,2.71,8.63,3.15,8.66,2.31,8.64,2.68,8.73,2.8,8.76,2.58,2.73,8.88,9.39,0.84,9.48,0.67,8.35,1.33,9.6,0.99,9.17,1.01,9.34,1.37,9.04,1.18,9.13,0.85,5.4,101,243,,141,4.9,102,28,14,0.57,5,10,381,47,,6.54,3.3,2.29,0.76,0.13,0.05,256,4.82,,,807.3093072,330.3780869,364.8910277,347.9088702,365.1420637,403.9000108,454.5324193,398.6455079,443.1038927,1017.919281,745.8135388,761.2966523,730.9863226,722.39833,759.4141556,685.1992819,777.2798086,776.7045932,,,,,,,,,990,1,7,6,9,10,31,34,3,7,34,9,4,7,18,8,8,9,10,12,10,97,76
P496429189B,20,36,5,4.6,1.4,2.5,35,5,24,56,82,32,35,45,48,41,34,26,5,5,5,10,5,2,17,7,24,3,124,11,4,5,3,5,1,3,29,27,4,12,0,2.1428571,4.4642855,0,2.997,21.6041426,34,12,8,40.55,70.1515,1.3432835820896,171.3,2.87,84,3.5633333333333,84.666666666667,80.666666666667,2,1426,1267,185,2.9,14.56,1.29,3.74,2.35794797687861,14,66,,66.36792096,67.33978102,65.92061421,62.67489737,20.363854,17.598345,73.45429939,72.98989726,,16.031652,4.29,1.69,6.76,3.61,4.24,1.79,5.32,2.04,4.1,,5.95,2.77,4.58,1.56,4.09,,8.76,3.22,8.51,3.52,8.67,3.21,8.69,3.41,8.78,3.8,9.28,4.15,9.22,3.83,3.74,9.26,8.4,1.7,9.03,0.61,8.24,0.54,9.41,0.59,8.58,0.56,9.25,1.35,9.15,0.83,8.66,0.82,4.9,88,166,5,139,4.8,103,25,16,0.55,4.9,9.8,43,63,1.6,7.49,5.63,1.1,0.53,0.16,0.03,406,2.24,1.037,2.348,607.4569551,617.3285338,749.7194935,754.0044545,779.4120796,761.8641279,821.4883228,839.4926994,801.0049548,2012.646261,1549.734048,1469.806545,1487.613132,1388.109352,1310.884105,1361.002987,1358.443538,1375.131215,,,,,,,,,3390,3,9,11,,,90,90,10,14,46,13,13,9,69,24,9,11,11,12,16,111,111
PC6579D3101,21,31,6,5.4,0.6,0.8,19,0,9,11,55,25,34,49,48,39,33,11,10,7,5,15,10,0,26,8,34,3,44,4,0,4,0,1,2,3,2,5,0,0,0,0,4.4642855,0,0,4.4642855,23,10,13,44.6,98.566,1.1904761904762,219.3,3.0566666666667,93.666666666667,3.97,97,77,0,1786,1541,224,6.7,17.92,1.7,11.3,2.23493212669683,4,75,90,68.63411097,68.54075392,67.50405426,64.63351396,16.192753,17.106949,67.92796683,66.79627436,13.953488,19.401883,6.42,3.23,9.51,5.74,8.94,5.28,7.45,3.69,8.88,5.7,8.72,5.49,6.37,3.02,5.77,2.35,9.13,2.89,9.07,2.7,9.21,2.91,9.35,2.86,9.29,2.25,9.4,3.07,9.63,2.65,4.4,9.83,8.8,0.97,9.28,1.22,8.77,1.31,9.15,1.24,8.28,1.28,8.87,0.72,8.84,1.28,8.85,1.34,5.2,84,270,10,135,4.8,101,23,15,0.76,4.8,9.2,154,64,2,5.58,3.71,1.34,0.41,0.06,0.03,420,8.15,2.862,2.975,86.969437,24.02349352,20.51055313,29.74241507,42.02655925,20.56225777,29.74241507,24.71514883,32.84778716,768.2349281,582.4062585,556.8620946,604.8709685,594.1256681,560.4189144,615.1875674,654.1170146,609.6678925,,,,,,,,,706.5,1,14,15,18,18,90,69,11,14,46,13,13,13,82,73,9,11,9,10,14,122,129
P973E1741BD,22,23,4,5.4,3,1,20,2,6,47,55,18,47,40,47,58,33,37,5,6,5,5,5,0,21,3,24,4,54,9,2,3,0,0,5,5,4,2,1,12,0,2.1428571,3.5714284,1.111,0.999,19.8242855,15,16,21,28.7999999999999,69.12,1.0232558139535,237.4,4.1266666666667,85.666666666667,5.15,86.333333333333,80,0,1973,1930,280,15.2,16.12,0.52,7.86,2.5725,0,70,100,66.37058819,68.39816225,66.66096758,64.40386113,,,68.88064527,67.13294085,,,4.68,1.68,6.21,,6.79,,6.46,2.07,6.54,1.64,3.75,,3.8,,3.67,,7.7,2.65,8.04,2.66,8.62,2.79,8.55,3.3,8.05,2.57,8.66,2.37,8.83,3.14,3.55,8.99,9.17,1.57,9.17,1.14,8.24,1.35,8.22,0.44,8.39,1.09,8.63,0.99,8.71,2.13,8.44,0.73,5,103,271,12,138,5,98,29,14,1.08,5.1,10.4,409,43,2.6,5.67,3.34,1.85,0.4,0.06,0.01,257,0.53,1.371,1.814,336.997484,102.8099442,102.0355911,99.57255543,93.69155348,90.11295455,85.5665722,88.99081441,88.95559747,467.8051694,368.0764717,383.4026776,392.4583825,395.225812,397.6948785,411.2376547,442.3128607,441.9698035,,,,,,,,,2013,2,9,13,12,13,62,62,16,17,31,14,15,13,66,93,9,10,14,15,16,118,118
