Repetition,Cold_001,Cold_002,Cold_003,Cold_004,Cold_005,Cold_006,Cold_007,Cold_008,Cold_009,Cold_010,Cold_011,Cold_012,Cold_013,Cold_014,Cold_015,Cold_016,Cold_017,Cold_018,Cold_019,Cold_020,Cold_021,Cold_022,Cold_023,Cold_024,Cold_025,Cold_026,Cold_027,Cold_028,Cold_029,Cold_030,Cold_031,Cold_032,Cold_033,Cold_034,Cold_035,Cold_036,Cold_037,Cold_038,Cold_039,Cold_040,Cold_041,Cold_042,Cold_043,Cold_044,Cold_045,Cold_046,Cold_047,Cold_048,Cold_049,Cold_050,Cold_051,Cold_052,Cold_053,Cold_054,Cold_055,Cold_056,Cold_057,Cold_058,Cold_059,Cold_060,Cold_061,Cold_062,Cold_063,Cold_064,Cold_065,Cold_066,Cold_067,Cold_068,Cold_069,Cold_070,Cold_071,Cold_072,Cold_073,Cold_074,Cold_075,Cold_076,Cold_077,Cold_078,Cold_079,Cold_080,Cold_081,Cold_082,Cold_083,Cold_084,Cold_085,Cold_086,Cold_087,Cold_088,Cold_089,Cold_090,Cold_091
1,2.870740419611085,1.8663872814963076,2.46836200071127,0.35493826166194786,0.8248460128085657,4.154129880870792,0.4246857036622118,-1.128105516815494,2.4375558532017614,1.5591569034503858,3.4313884162867967,1.5029845220766216,3.314117569771466,0.833277468921736,2.0315401346226136,-0.2930711896078989,4.0866158007838544,0.0018491126517878875,1.0413961580736937,1.1279970155975807,0.32988697667782985,2.254896641339147,1.2170489666920252,1.1772250361922514,0.2594962412406513,2.488004398918777,0.35960947924286035,1.3306672317176755,2.07407127191437,2.7029666618123125,0.9347194131258681,0.08933906471321063,1.295325196790619,2.0377531562327276,5.5771424537106995,-0.38215137993158077,2.103175985861518,2.1812038932795415,3.1575494587963724,2.894482293848795,-0.49297082349544263,0.390634773202569,1.2502491045851896,3.0268891127977047,-0.31540030482601533,3.2115054344561242,0.7290481980995533,1.2885100606486,4.122110980011074,-0.6124389104117329,0.6792510928449511,1.4945722294531412,1.2461311315938983,1.1663602322138495,1.9577346465107142,2.3264201246871603,0.7796869672669697,1.2564710805199928,0.23142425034666347,6.034798760261958,1.2793142239931692,0.14633252955905252,1.9090631503897662,-0.21734191590484908,3.1723845945116276,3.4717555498679333,2.2661476664260736,0.9112252950946742,1.2863477142785356,-4.5011576891298795,2.4758337382784887,0.6971900564945877,-1.3376447226263843,1.0578233615165376,1.7502859147683623,-0.19277801996394084,2.256421132898537,0.7162069508307382,-0.26878389627743604,1.5579224513904752,7.328906328999282,1.0726602990049712,0.11924877379278132,0.31926756858454275,4.277372752843833,0.7995175571488673,1.9803900612437983,0.7573786023919922,0.13190810038627232,3.269672982663111,0.3230942631688034
2,2.685134638636091,1.8661652665098476,3.0900465683650533,0.9145137432184798,0.954870540507244,3.790999807370912,0.39669285940973587,-0.48453459593301984,1.945007377192324,1.7674494068227664,2.9608255131803656,0.5342167643809652,2.8648927570168023,1.0110322281254738,2.1264000336974203,0.11408172747605994,4.48071988321432,0.009897082339731966,1.267524423671749,1.9529494375724825,0.2219178423454795,2.236207812025526,1.520595329398139,1.1972866956525414,0.15749095752998743,2.3613669057349433,0.7139416853778306,1.4537605160715312,2.2287465091775593,2.719262336844535,0.020120654552657324,0.7804746526756619,0.9348828496718804,2.1866485160745324,5.500477125701808,-1.0672789797173696,1.6006917090430852,1.6602911564580918,2.0700849185313466,3.253618436281063,-1.0255612095340858,0.38850630877924264,1.1624781586777067,2.802493589192543,-1.0122838994429326,3.1645189988760483,0.24644409939314516,1.144707485248602,4.014009576036529,-0.48917148732950766,0.8492673117265381,1.3501960572914582,1.3226046338032713,0.6177768032354807,1.571387155725666,2.114780858287645,0.6023522084344948,1.2311331474971228,0.28586568182042527,4.99041674871931,1.0913081222256626,0.2896227496180739,2.0856882021407244,-0.37161332385637547,2.8449628327194945,3.6875057308119326,1.8343854986584731,0.811376848230958,0.6893690278449282,-4.190201746956215,2.651760926457582,1.3798451558770286,-0.6257496287949875,1.7739715036907775,2.3815350083238394,0.10643713168820179,2.407246726368688,0.5985201575619374,-0.4018221642118007,1.8346773299126011,5.645170633208388,0.8604536433199206,0.5648077497564885,0.25081796616458396,3.612455864808625,0.6809349155668583,2.0677136328079992,0.8352087315963601,-0.2677548063853099,2.0621286249629374,0.3869175336835422
3,1.486190752709195,0.8265027031649845,2.413527254487021,0.7640438898551296,1.0340595144867617,4.970609830956622,0.6195024668582454,-0.5939276241407005,2.5674859651698374,1.1304132967362657,3.3305742797833418,0.879847490342204,2.8106458188236934,0.5649766176559863,2.3702666889575976,0.5023962463593389,3.6298835044358997,0.28462780067788174,0.9944319234294658,1.536557944935601,0.26721718076190104,1.8461116931848276,1.3120218053448565,1.3120992792466644,0.08311465952521357,2.0567234029528887,0.3888599265287196,1.4718914890708237,1.642507801878744,2.7866198462203777,0.10722255850826368,1.2265260891883651,0.7473603897095202,2.088719632787728,2.3645315510783833,-1.1935863271216514,1.8612927605004457,2.004694615593578,1.7442752099017709,3.212084469674869,-1.5270562442790496,0.2566346244209594,1.4921411273481042,2.719502984545942,-0.38084275128140077,3.4237025395730836,1.0512721450691647,1.5035373278565656,3.2892726631963414,-1.508503639559884,0.7716357365866178,1.5060504334856797,1.3730506204838941,0.8769446962234114,1.4815162059345575,1.423074137955265,-0.14814727123346594,1.162402597355898,0.5203781517026007,5.517269986928142,1.5890431107489285,0.03127790967662025,2.017169675118322,-0.6188683312157686,3.8336332587103907,2.987175406896738,2.8566605776466187,0.6836895467505515,1.3428920470525854,-3.7770075646214605,2.762895578589341,1.081293171866245,-1.4377859999186804,0.991659308155658,2.4851446684741667,-0.11205575718388872,1.3151856661398114,0.4961667327237249,-0.7186174059875748,2.5493125786334687,5.456258405609028,0.8440551875065403,0.5548423027656335,-0.36988450645868953,4.105667550136632,0.690771855967971,1.6660783842568865,0.7615553848247942,-0.6205349397912396,2.647086901567981,0.5723793380767397
4,2.170707218036318,1.00324766508884,2.948771048773528,0.4573495616328689,0.6829086541310563,4.118378997459516,0.9503442798822586,-0.7377157556392058,2.721535420625148,1.7886755671229992,3.22836493386,0.7632617049184387,3.6086913033895556,0.8125685667298377,1.9756775478286128,1.071698743629749,3.9353601805875202,0.12113925199864539,0.9471736490165255,0.4487090386314696,0.4340335434198117,2.0906272725684394,1.0628975674377865,1.1979313531722726,0.1738931566326949,2.089307307128794,-0.05352092547457765,1.4100079398875842,2.762114598198493,1.8964971629257814,0.30599670154899805,-0.002022303656564972,0.6707557988975551,1.999071899450011,2.691690579383871,-1.5368362982500807,1.9426848309157607,1.8166358873016528,1.9527499907362267,3.2504690546029043,1.0932200013736764,0.2388176821305521,1.666792270765081,3.0496952482404547,-0.9674835873943531,2.5823113032637366,0.7801712453671776,1.5367233916530714,3.638448470264481,-1.3863194918164599,0.704665835884507,1.59693808505675,1.1853294132347223,0.7491667156996644,1.7731702150947075,1.894030945181556,0.003599647764859659,1.0840682843897818,0.22934516142302708,5.121783212827041,1.2112206963710892,0.22304094178284428,2.0379591144125273,-0.5122039924048769,3.4700603032959494,2.450438834003082,2.8278132446587323,0.5139449985382712,1.535255029260671,-3.7556851133370963,2.66905017808251,0.7802509062229941,0.3169155071963141,0.45142334923118843,2.0146368065753206,0.4474709459813684,2.5067262687386056,0.21091323338892431,-0.0801653424482911,1.5605287868896274,4.155933002117008,0.5840155761778121,1.1259755830454234,-0.26744400026917337,4.283757914254458,0.4327047938581967,1.8284211640554386,0.7212629630793961,-0.018037069754018198,1.5974807779314881,0.3169977179381114
5,1.6410575905016076,1.3496746500428127,1.6338677700668818,0.5104605945021645,1.0660260651978923,4.713496063099351,0.5146737584291348,-0.4321237976208345,1.9640897495912117,0.7631600811526652,3.028646871243986,1.3678999824827813,3.04372901667055,1.0351575282533496,1.1944331007373985,0.029152824972773272,4.310520412543149,0.281448383245523,1.1957145388970662,1.9202318893276837,0.2743758208553131,1.703157969272542,1.3535834732391188,1.3402694133850819,0.2288196597108817,2.3218909566420445,0.6023378280233214,1.655899715875504,1.9084859295150884,3.3122574706854317,0.09602160748450483,0.8759338845217777,1.1098679204415034,2.21177889901868,6.021499215556898,-2.020955574048725,1.7007015041415976,1.9763780171502514,2.113975035174443,3.021251180796989,-1.3189390000677295,0.4888217614250969,1.1062853048735166,2.8125384316111828,-0.4473762791585689,2.0091202724803994,1.0523882952052541,1.4508888694156101,3.302273970110491,-0.5433310589033659,0.8539126512091908,1.8005679822100815,1.2525148764942147,0.8440381353435791,1.4992277553790436,0.9498182102562561,0.3189702387446127,1.1189186373596476,0.6194046970366802,6.023168195290869,1.293151890517366,-0.045130925809776956,2.5430828744347314,-0.22843057902948782,2.539352960842649,2.8520485337621664,2.957710345819015,0.4195242750235857,0.8885659521457789,-2.676263113659234,2.9104807376943955,0.9266540969448771,-0.631283003057705,0.7873029449641267,2.4084326132051928,0.018581795785314714,2.1502171007780873,0.6143211083750173,-1.136607010028738,1.1456894742051689,3.442549534781354,1.0721246720972153,0.38814561740182063,-0.06793940040527757,3.3646221055129066,0.4053839646448476,1.5389200189352352,0.7445034930984178,-0.7262529057250363,1.9278151557376393,0.8245704021802611
6,-0.22997998491982052,1.2606025980972295,1.8648439805462715,0.6733449453013016,0.9568132564163143,3.9555678469901565,0.41177306622801035,-0.9051483417451363,3.413917173228599,2.4451290785467643,4.102122443192057,0.9103313386273368,3.162897169299441,0.63600416677451,2.08498960080862,0.21988953167982805,4.2837624632310725,0.09662670330992595,0.7723127423259254,1.0911058326122736,0.3173989335711225,2.2189655757496323,1.3312186661809853,1.264858653936498,0.16345983710299483,1.7798119641249392,0.9250827168547877,1.1745129445977662,2.111162306838022,2.9146839544016734,0.3724941797113359,0.316220740950397,1.3129652345284564,2.6598701591197225,3.5774631643303474,-1.7072354728157582,1.6866068172748063,1.9878402862713134,2.6977110920273644,3.2437467854381623,-1.0264160143465784,0.3692920415420402,1.035709554466936,2.7251662329459068,-0.49899065195448733,2.9830814120468157,0.4708630927763845,1.2935845042091294,3.621612717037018,-0.9716740929715751,0.833666269272533,1.1829852164378538,1.380588349965291,1.1438073858075568,1.6032601536801423,1.8534943643284312,0.45108421038394986,1.0739882767148003,0.49251872846178824,6.005190058759294,1.4175284423834174,0.12131271551960565,2.3824169707835186,-0.5074625937675767,3.2216476745157117,2.84593937929452,1.6957407195421261,-0.011834773402697785,1.4336677886671538,-2.817438468916719,2.585630257224438,0.6656586248898746,-0.8521166511646783,2.3350421433118482,2.099880452707846,-0.3677870636520586,2.8172095205294143,0.5413028206849158,-1.3878003523744558,1.4449258286388176,3.580118254784637,1.0670342161269921,0.8329102787042892,-0.5310463850507916,3.244025408185399,0.6536180235320614,1.9950319442757098,0.8002551008111576,-0.6590374686554548,2.143379891306848,0.626603679900601
7,2.029542595005477,1.5062692663588613,2.6201875900071205,0.4854429040850259,0.9753035541161061,4.032198111288864,0.637387226967036,-0.3119987832331059,2.7898229787279987,1.5322537059649042,3.1518418831080597,1.1609010914040048,2.901104804580601,0.9920170347996153,2.416270386760927,0.7244013396508591,4.184440238888627,0.08699010375013794,1.0691300091612361,1.3294647202795558,0.4826929710260406,1.9180120472787614,1.6138664703913264,0.89717046625306,0.27106887834926363,1.915798113125374,0.43762218590383606,1.1696398244600663,2.0987448087066634,2.7628038466752094,0.3408821244001613,-0.048901901247215385,1.2603364742476098,2.5590434333999132,6.914455813814362,-0.8776754963763125,1.5166561768132798,2.0329625104491993,2.1005794798545665,2.916753577376708,-0.5987891422325022,0.47550687491689736,1.2500394643498223,3.246388763344697,-0.9864133116871144,2.057230834492952,0.8692946276700023,1.2975833616249286,3.752484218356963,-1.182285543205075,0.9045395837969561,1.9835973167748027,1.0297792614288879,0.5248998962584601,1.8503734103286338,1.4401878488665045,0.22924629213245806,1.1905056551062145,0.8082680188341772,5.435511352563838,1.2677087323959082,0.03067200000494874,2.359540376550136,-0.32781618330881557,3.1236989295417508,3.9461486409953275,2.509552609360013,0.6942996710765873,1.272934298446311,-2.9961036997464756,3.2382328038351287,1.2765071555152612,-0.5524255939974418,0.42545050443688726,1.8536046882131816,-0.30386766479546434,1.2835848338742561,0.20385602996152274,-0.859702368071168,2.2394008815146735,5.8272063533368215,0.9496801652713645,0.36913007790201524,-0.21855402727543582,4.740824547059498,0.6304449788580411,2.054797768147952,0.9835102062806467,-0.26483676218103025,2.8278925241369253,0.8225206765584847
8,1.8333186319741668,1.3482939309476816,1.7762517118649033,0.8727657033894332,1.1795957187010302,4.286867614690331,0.6489874460505112,-0.8864693029332789,2.443941720920333,0.8644313404240742,3.3117352616343085,1.178134953142923,3.0513942323539904,1.2272127191513302,2.1611236385788093,0.4077367611269518,4.232135805674465,0.010074359291606383,1.2000092539840082,1.3696570527307887,0.33901663077483457,2.065946026877948,1.1770669302800578,1.1991983148447627,0.12616252514017312,2.643415561916484,0.6679788887768829,1.938617125404157,0.9188870540986556,2.9301795590703548,0.6776334119564875,0.22783335328815357,0.5514290210413629,1.9981489495484612,6.602513200625296,-1.4723503097145154,1.6537402351129913,1.777425225812814,1.5481973037814882,2.965975641831866,-0.5276428606832209,0.3354425863618271,1.0180103183205946,3.2458848021793676,-0.8520500781407059,2.4156755495699698,1.0868136190461457,1.025711354185748,3.7801892220479703,-0.6180434610262792,0.9782957960862069,1.6352702768512937,1.0272875525255083,1.0262095253161503,1.966512568333247,1.4529064750973257,0.7198979121313952,1.4893352227835246,0.15137104986525696,4.783889635182703,1.4309547039977617,0.17653711469123912,2.179485186183725,-0.2295543986288866,3.9050829004098446,3.4700044614633487,1.5559794045370126,1.0411043993521383,1.7528830646679106,-3.961247490938253,3.018266206686252,0.4915835356117919,-0.3410493898975515,0.8629665967198163,2.032145412027684,0.009478006646154835,2.3016835217271083,0.5937536634822516,-0.46363121093520343,0.6171064853392918,3.3677040735692785,0.688573153337019,0.5812819756690675,-1.0532624796993395,4.068818508790903,0.6276960092997532,2.7691646778802546,0.7134175874415523,-0.8189438014006356,3.084175682012327,0.3973083072725263
9,2.9298461932998485,1.2498321057902815,1.8057648183157589,0.7129884939726319,0.9494506074731461,4.584399609609562,0.14627821911243588,-1.0999781573261336,2.4564617712431653,1.2716643733922102,3.3164470206910996,0.7496542030710678,3.449851463779763,1.4262961499893505,1.6424113690722857,0.26437509119760993,4.749400447305581,0.21158158158074958,1.3675991439535309,1.1858378653842196,0.38425106835991185,1.893605083279443,1.428009907485773,1.339898517511913,0.19223618151961064,2.3598832554244336,0.32971196839674777,1.02750469926437,2.440354770625986,2.5028033238396192,0.4751012917427264,-0.2538991891271314,1.4337405951905702,2.764681771988548,4.777204278040007,-0.7800556176199787,2.17375742319429,1.8760104427715982,2.7907040974363637,3.1209760158663347,-0.10804301700597163,0.24823005795035824,1.5084102666229753,3.0060658103671845,-0.7841061636886688,3.5933122694655615,0.9162799377989328,1.69633086163574,3.8104082565783277,-1.1260946648327335,0.6710992705384231,1.609614892956611,1.0315893480019964,1.6005789435930307,1.840980428037886,1.6302704652585345,0.07949615860143311,1.3179982822317657,0.43943036143700565,5.019320732499952,1.4517544579894388,0.26019051841882457,2.5284317106738556,-0.29456040842807507,3.5365530561526506,2.9935633446496164,2.0111962352145785,0.9578130356252474,1.350626132381389,-3.9097400603959906,2.5526709318417042,0.8565879453791305,-1.2321515314584666,1.6082937359938363,2.2276960920985296,-0.3139056917587615,2.693821524833896,0.6729293080002319,-0.6244477061403675,1.5029940103396267,6.186468486093036,1.2692922390213242,0.17658767213265447,-0.16389198641832525,4.310580369491938,0.8771904334476359,2.401551543280953,0.7644879480108662,-0.0059101164294731445,2.74449901170109,0.717855508642403
10,1.6747822653518352,0.888173858800869,2.3244387103377173,0.4577223526974792,0.9357468897993266,5.143968858599997,0.492944152342883,-0.4065592999474661,2.35045703578332,1.4991024756776266,3.176692774263107,1.0014284233669764,3.285322632283264,0.2577700336073405,2.4352040958707093,1.2275751790772098,3.8922830791622465,-0.019009931019242643,0.8435085225868255,1.5541555909164844,0.5173015208616758,1.5279239033207628,0.8115954087665324,1.2141574034595939,0.1768706949385499,2.0098383434291796,0.5844136431828506,1.459285896456995,2.4267426896314994,1.4103017736241017,0.2693314530631945,0.591618293212907,0.7929333464620827,1.8380738928387619,3.3431349858714308,-1.1067235698003326,1.8938266914721564,2.071608111869032,1.2789682398682867,2.5777257073056834,-0.1591580008014679,0.4971243472384934,1.1695239521117666,2.9251266411375365,-0.06038377096189618,3.0333919782050627,0.876520646892766,1.5762754842454512,3.315789049209976,0.044365735486942226,0.7290153210769972,1.5356139151005146,1.1686200715250612,0.6544708025743955,1.6965446874903183,0.9836038532407857,-0.2893717201942996,1.0568603926167566,0.5671760224910805,5.04955351511313,1.3540865953552956,0.08137255317772296,2.3309506335540693,0.0003697112635663302,3.7802613388603974,3.764822616387371,2.78488101723407,0.6870629978203762,0.7554465263937309,-2.462136714834699,2.8332160364644583,1.0025810387996914,-0.8578749268377903,1.0507893287846926,2.254760218791777,-0.266087015816145,3.085111073845103,0.698027349179493,-1.0604691507418647,0.7255437249914378,7.042771326676165,1.0343943272729665,0.4645463630439952,-0.12587280917496746,3.179128558392925,0.41712786533372237,1.8003369352017564,0.8182495233568181,-0.4721575795463353,3.3810115702771357,0.7805202636569941
11,2.0096324185222336,1.4053011543592349,3.120157255727442,0.6556305356677372,0.8391289450243651,4.742565275013252,0.6074780844812279,-0.5715735230778929,2.4370250042714168,1.1285611632422903,3.4103141973209574,0.9595777834832706,3.2428607004385155,0.9334237942912031,1.4119063302228043,0.19425713516517185,4.358830965089328,0.5462200490216642,0.5809261487949999,1.1461093056252256,0.41397990598829626,1.6792144526006156,1.329762014231789,0.9955548823642371,0.19188623384117376,3.089230149243808,0.3423433173357351,1.8000273063157264,1.544240776751724,2.2550262957064557,0.5005278998907923,0.09174007501914394,0.952495721547822,2.705587980687113,5.416392385118587,-1.1700404510036324,1.8002709187191213,1.5851769619638718,2.3736388593137776,2.910373917553163,-0.6396691619372468,0.3175689985561245,1.3674380461073576,2.5143101091125004,-0.6303499929415075,2.0506640436482177,1.5561288450139958,2.0982587448481596,4.394867226979548,-1.4405802272550816,0.7342306731328319,1.5036592472785013,1.2275486827413764,0.777856530191129,1.834527338760672,1.2867706286656977,0.5412788384704955,1.1647921351621893,0.3099860392464111,5.333605140630913,1.2252518261653493,0.013155309706225249,2.8963670189470627,-0.13394133864224234,3.389932837276378,3.1671875382100674,1.5322268146860447,0.845028106374339,1.0424234243440367,-2.3422693508046817,2.55394515144478,1.497812298771715,-0.6323425080688252,0.6984056746385887,2.139157882923145,0.18501191128063166,2.8597967179194113,0.7323841949701926,-0.6033097160948324,2.501700069145573,6.468861272484832,1.2484937523184008,0.4536025312170089,-0.748656874368367,3.7101983683632627,0.6211923244686142,1.689034257205975,0.8012925525832082,-0.6620934434099417,1.8301980811163117,0.6327282891983508
12,2.4656332163400787,1.474114517548018,2.475396069954379,0.22412882580842775,1.0272852789987077,5.011942960085197,0.4327410219416531,-0.7217983011371747,2.5489077132018867,1.8235944463434368,3.9088753391275857,0.8582057560562071,2.600795419592504,1.2439902051997973,0.895992797809408,-0.15236554454047846,4.518039547147259,-0.19980909248319312,0.8853787158691113,0.7460296843019036,0.1850049050978888,1.3995664504494434,1.2029209718960503,1.0855881486541075,-0.05660697127389103,2.667633560653898,0.4211897255481767,0.9746636790337959,2.253025206453403,2.743104594258167,0.11553483735957315,0.5884175897581851,0.6750095255238626,2.02113715490794,3.9535847093606944,-0.8529657755512565,1.8634842052060974,1.5020649351137134,1.906191095399834,3.2615622894059038,-0.7263546809990933,0.04827392071978842,1.6869607193090086,2.6833021958357617,0.09725857518763159,4.6136426541192845,0.6680999058934107,1.6308130332971436,4.188691928488141,-1.2324953821824378,1.0582919602812844,1.457334740513984,0.9577707715560163,1.2045137231974181,1.4213557193455382,2.051865248293047,0.2656779108324584,0.7600021153734098,0.2767948552792572,5.038379787376208,1.2779456900079542,0.19902612387608198,2.1092264407346493,-1.072406313097634,3.110376173900028,1.9566578027673014,1.0940222708128982,0.4558088200001409,1.6334777709533386,-3.2579316675121976,3.0909667306201998,0.9469153128017717,0.3377413806659071,-0.058815736011971764,2.4336707065833343,0.2868922580077111,1.7711654281143066,0.29145913555185454,-0.8362138724847521,1.1814294310559275,4.438791625181917,1.023626943084083,-0.13683424627084673,0.09867414951098485,1.9778475876273374,0.36781496541943426,1.9714181797034804,0.5129400718084662,0.10024730057583331,2.54468329236965,0.46414233345165457
13,1.2601673152470863,0.9234583204194959,2.273757188754936,0.6232584949745363,0.8316638334226774,5.258777097003891,0.27447790472015,-0.773808703378108,2.4692500191557,1.6673726324208022,3.074631150892955,1.1038073449438648,2.270970415916834,0.8028050993733861,1.878060868188085,-0.2649028846516417,3.9890554558563474,0.18217436185044156,1.1400645549389319,1.637554400318284,0.4444362548086991,1.3796560851028161,1.3299304153798301,1.2775192491228775,0.12887716237663405,2.461586224754623,0.6059322554034292,1.6272677325429838,1.3200450200294502,2.559950219518424,0.1930956095561429,0.7081810681637355,1.439090137436769,2.164713719689791,6.071177891588759,0.013620820331674555,1.5904857820797667,2.3857867205542354,2.8215444601949535,2.8113212037183732,-0.6715213039210675,0.30883735207494745,1.3879863619048232,2.5249026942616473,-0.4499074894740789,3.3220817826675564,0.7237386479796162,1.2817083764546386,3.5582934407002016,-0.07231259751397823,0.9174623520025478,1.405108297385247,1.226924761261679,1.0005822628424212,1.4350613975775035,1.3094647907884411,0.14641297726382274,1.511213008682772,0.5008184054168838,3.997486144842752,1.0234645247614198,0.07310546296421483,2.8635729965892267,-0.6547683046099748,3.9689463972787644,2.7098463442175778,2.277288365080289,1.0348055904661018,1.2464149211369437,-3.0554659165329254,2.6175778431515475,0.711654965081902,-0.6153460137146363,1.1398134745772726,2.8499722376918166,-0.11020858971817571,1.8399512055182377,0.49474063575860683,-0.7744033024035815,1.206573135798589,2.405468315673067,0.7520186833929392,0.34803765063846903,-0.3029247568377422,4.151504270082644,1.0772776427101312,2.494788927831066,0.7252918409980293,0.03857064866937876,1.6565445062601984,0.6640116631563941
14,2.0456229569792974,1.434798095862126,1.3642183078527983,0.38911846698204133,1.0686362824719922,4.373135352176491,0.43638483749085577,-0.7442927206725014,2.670861526745546,1.2431343761923581,3.891219219119799,1.1176072974374816,3.741245858359239,0.5920467980274781,2.169425268731296,0.3070547335859134,4.351870280280659,0.14250904173834744,0.9572846147261249,1.1266461382217976,0.4553056581979593,2.300958144746364,1.2831575151631949,1.2981121459720175,0.24588457985221335,2.6909646960835105,0.6878020097240602,2.26588915285762,1.1755053567810794,2.4548429063585036,0.944303797330455,0.38846478337723434,1.1282883149823917,2.6647418177454147,5.8903519327459914,-0.33645007601503396,1.6010615136801203,1.968423462808296,1.729362651375367,2.5616273782056442,-0.9165073173351423,0.30919788931877124,1.5930047392505045,2.5673305619620423,-0.4542024753057907,3.1406592625563703,1.4996265723720374,1.7248422911963213,4.4797923491002045,-1.1410413148359029,0.7319280247322922,1.727661304651298,1.4299054610762822,1.1406202035825497,1.7624718605387417,2.2072102691740785,0.5992942435712747,1.0650946438564763,0.38280688541284746,5.045566750199114,1.1540398617103906,0.11183209822318718,1.3944373806503507,0.16686200390939687,2.697238756652221,3.1199777689777815,1.8602109068964816,0.4341068506388259,1.0995977760971734,-3.859870242913511,3.1427880800830956,0.9236432131026454,-1.2747719906548705,1.3554733354601127,2.53872724182623,-0.13500077281611578,1.9963475760749658,0.23320332594769,-0.45400109448684034,1.0866094552692653,4.264328380653105,0.9399699276411213,0.2566120111228041,-0.05685465470878737,4.001515466108098,0.6053624562080421,2.2005191336905905,0.7647734393995917,-0.04173317498863721,2.3108032806319536,0.6153993388594312
15,1.0684444020296517,2.0288335840390728,0.909690848788647,0.5284913496750443,0.7852492777550815,5.28051113864972,0.4439315890247242,-1.0030876439315655,2.028761828714248,1.3153265591517074,2.917603629802228,1.1233160990410247,3.3657960197279646,0.8143462676424618,1.49495646605535,1.4435198345105156,3.9240269458453443,0.008286086409536875,1.0304916715275285,1.1306326599290495,0.39869040499552577,2.159305119241074,1.2085776980645608,0.9998971544287478,0.1229037709224402,1.4961147063324403,0.6025591243350052,1.6449885733323024,1.0580188191740385,1.8537583053302602,0.3120851022897747,0.47080590104990594,1.3839008185632369,2.4563673390284184,6.8566233347297185,-1.1525337090192467,1.6969642322579963,0.8499366109840996,3.270361328195432,3.3487399384513377,-0.6925548148245757,0.3164543376089499,1.0698213077937742,3.416587104886138,-0.5365555279898759,3.3262299929911467,0.7557341140472433,0.9957919042530718,4.051394469762725,-0.5748936907844272,0.6616788611916673,1.37654572795867,0.8010745971548874,0.6065169230568415,1.4738337155085137,2.1095882442507374,0.34213603772748924,0.9592219722305968,0.20303363159102616,5.197837017582723,1.129876017864225,0.009820395285002226,2.2227540904713408,-0.2813985605320317,3.2354740476650163,3.322509982024198,2.9436385674232057,0.35893327801055164,1.56241043516405,-4.420741852299853,2.671376745563605,0.43040371034624214,-2.48694841445586,0.07856438963159484,2.0180883964809198,0.10789349417629346,2.447628955779683,0.40289602757091236,-1.2673026151872948,1.2080297750179654,3.693955195286314,0.8835780730332754,0.1672797526573666,-0.509471959619459,4.104592645020876,0.5298295457206104,2.147010891294263,0.821901312200041,-0.529606616623707,3.4098842567060506,1.3342447477860127
16,2.374906467097441,1.3856857351411627,2.625392134807296,0.4781871469194038,0.9449351454233561,4.988271803368317,0.32429758631402206,-0.6857565654268258,2.4188612915093994,1.7369576667306497,3.657104663876394,0.7654327224750662,3.2533191696397226,0.5471469592254525,2.4334965213594435,0.8694470514291819,4.504514276793831,0.3670938746878989,0.9826684655274484,0.9055593713783083,0.30868112082459476,2.3638961881368177,1.420086901870269,1.0332233622368308,0.08993918114454069,2.2914828109084477,0.6420003888810992,1.807612781258788,2.2602196443124907,2.8004090815327674,-0.5253007861105163,0.5214931959278284,1.0193501723907223,2.735680643621959,4.55904042571854,-0.89240486594856,1.9769332025771904,1.7360867480739735,1.8802213965319048,3.2317068390680994,-0.3148762735440256,0.2890638527347704,1.370385472448769,2.7651924425361654,-0.469496178476531,3.1581746990481303,0.7437742680962178,1.3526160843018529,3.1006913496910964,-1.3558613761730807,0.9650588643406395,0.7528974212884137,0.8718696574972333,1.0069129832365489,1.4322267329687524,1.4198594470724877,0.2318681372980449,1.5352416628055596,0.6945210197874905,5.38958843227806,1.1010582893210263,0.19002731528647443,2.1315820107148893,0.027367802197779234,3.4397344532992298,3.2051049151702973,0.7001472604329724,1.478491719728837,1.2061757582106654,-3.8753090003944415,3.3208079677668065,0.5375929601320386,-1.1568381973658748,1.4402545170894798,1.9773884880759822,0.26618103347048483,2.8083195552122744,0.23857188469780244,-0.46582324715864476,1.2055403439024508,4.644165439470238,1.1396525945055855,0.5673155841013149,0.0905850689022274,3.9891148105583523,0.042730373510659225,1.7574121687346143,0.6209211555837699,-0.20787662068783974,2.4559542349205774,1.0134476792013762
17,2.2883527378298627,1.3759577176752318,2.0410986642397226,0.7726313862198326,1.0708782824976169,5.771249629375245,0.391297019720906,-1.0396759958653117,2.8805026591637266,0.9708646337118254,3.510673886100003,0.5958090538504686,2.7025153180471335,0.6766986999671929,2.481498824166931,0.24237992361236804,3.734378824159026,0.6684529744107757,1.3494921396619324,1.0548031309205284,0.3724174899710544,1.889307967141414,1.2841204478483002,1.4937275473071516,0.14073298438334636,2.4953493116867573,0.2323348748662033,0.646186738179888,1.9857335760581338,2.6701696126367223,0.41259140904202773,0.37963156615619376,0.8213362361766428,2.5826603257639538,3.1471244273302705,-1.011164738806361,1.8609506935159685,1.7109682655700624,3.327717449260893,2.913150901526558,-1.2074709749092953,0.2439431826238163,1.764996877003267,2.4808019421548595,-0.5498629068081471,3.324395687691486,1.3907134908428247,1.4375809710838285,3.814433765647244,-0.5644024993662815,1.0585904283739818,1.3976985825031332,1.0724332428586139,0.6245151201222748,1.7566352851330576,1.3460449662870355,0.6958970987766527,1.0905095351142378,0.6277935897516005,5.0049422786892235,1.0872463005197193,0.3209943689177228,1.9961926017447005,0.21489347739510256,3.0556504687290946,2.749943948775644,2.995557716600822,0.5016617577284436,1.1676393499876907,-3.4405034666510885,2.7805549427086382,0.6796434574895609,-0.698195135710487,1.0043356320045045,2.275537388482997,0.5691901697808448,1.8836353121804237,0.5223874389287229,-0.7321747083879542,1.3590652229418558,4.702253072247604,0.4251791809713783,0.14908417721668887,-0.14217387298373096,3.170226858992776,0.5101653954867704,1.548974936645036,0.7172954045593753,-0.05614959614934256,2.465216596439806,-0.02404539610024159
18,1.3480230760264456,1.2447425230905305,1.9242377154913655,0.18555285315432268,1.3434933561620195,4.4086560885806865,0.5576396512868194,-0.3707884583938994,2.2788811855249174,1.5163865647825776,2.679880390385245,1.408151399208885,2.9459224716264107,1.1189696884127887,3.1686572744345667,0.591538633183398,4.272545992683099,0.35531192149824475,0.8814762196421295,1.462267277729552,0.4559767556596901,2.2386467588240007,1.7514237069307272,1.0882881658220462,0.22992537531498525,2.4303831395045608,0.519241107210493,1.6967347943988507,2.210025062471053,2.193233674862798,0.42647803588250377,0.3941791944700501,1.3641029309494652,2.8568164979226047,5.502656296448349,-0.971175217266024,1.8261212657879704,1.979819978451809,2.1783719189382094,3.0151242314416558,-0.2906296089150944,0.5548336833427863,1.7897502070302418,2.562405217929178,-0.20962030564682688,2.2966902311584234,1.096731559569986,1.3039345187762088,3.2129522293690007,-0.5231081024674505,1.1860147931996496,2.1787335696374224,1.1689236809566734,0.797765427435559,1.7389905460137811,1.6572329015601488,0.6128674423775977,1.3667851241470468,0.58305346322966,5.903588976927564,1.5717344108107145,0.2230427654586734,3.068059897064476,0.4460666980920669,3.3733674417419586,2.65695322311627,3.0527389616212215,0.7677576108172399,1.2763694353042847,-4.6910918347609645,2.9011860762615123,0.40013347028230006,-0.4530339583206602,1.2741754969441292,1.8192137201990775,0.24323054106471487,2.501653675871263,0.3430059304452344,-0.5345422769700805,0.8951836919529588,4.918846597117359,1.3669115460496721,0.608964312146548,0.06348201396103903,2.714341316128502,0.5904295632427794,1.790868550864683,0.8558190465234473,-1.2321788212545137,2.5126204675944894,0.4491759365516508
19,3.4125250607652493,1.1146146229570881,1.864724040772044,0.8876853509850138,0.9922548291860576,5.720738543372496,0.45091504959426654,-0.36671545056502053,3.114006641040299,1.5409726434452562,2.742419768460686,0.9946229505554587,2.5561766686560583,1.028081175378724,2.058177085874548,0.9973002146084653,4.332945522871046,0.01978256999996475,1.2754839658649408,1.5382155549165257,0.35381113180325974,2.7471523752959284,1.5676508300111327,1.0573371633978232,0.21135428833310455,2.3282757785764945,1.0204031290125597,1.3927069844831297,1.6837479735970216,1.6875550787233145,0.7608557342450981,0.3685910880201744,0.8918224639124288,2.0484277530450967,4.486490388955021,-0.2195851482294331,1.5097606463809967,2.3333387337469627,2.1397818926268473,3.62884459399937,-0.5983101043909533,0.319530589233894,1.2668278792512324,3.1526362248247923,-1.1259097699854772,2.7469257146303785,1.0662651243548624,1.3139543103941775,3.5798326594273973,-1.419460838559814,0.6691040405551275,2.052324943566745,1.2093715580430273,0.6357897766610905,1.742892342509132,1.0627523923964564,0.12413842922198848,1.052078393084681,0.46212801223903766,4.963331633888616,1.153977288342377,0.07887035194772796,1.9868216526951685,-0.09623249499558018,3.0222028414620405,3.013156945118694,2.042173678106783,0.1295512835533258,1.2291407304575985,-2.099212371826064,2.444541597070288,0.8568236025070075,-1.5182262253436147,0.4125925267329691,1.675723411549875,-0.3691141708015988,2.2363397751884717,0.9669772598092417,-0.6901002698487164,2.3006602207145206,5.760195274081314,0.8924120562206326,0.7831345259308453,-0.7969352557113738,3.520212339365147,0.4289673186200861,1.9482119214567069,0.9139531137739088,-1.1005919630906764,2.571113122925753,0.7340157716877318
20,2.5870444658232308,0.9502240999581297,1.8171453341369221,0.33224411248829355,0.9829484126154764,4.613055718105393,0.9023749426000025,-0.6662381276635236,2.284980753820751,2.2704048188356194,3.806633360433207,0.8195292850889285,3.6334782195062836,1.0973311428125343,1.6070116973921438,-0.040773139716249185,3.98259183261921,0.4489239833902443,1.1939698027808234,1.5896938510993972,0.2954959568198836,2.2486306162745455,1.4010526750000072,0.8762278359542646,0.061743483872266025,2.997044283706937,0.8624430200791875,1.73531501475232,1.6617700183163673,2.1577889220603375,-0.06708768417317901,0.8859546701497626,1.1235108510106504,2.2614406313081115,6.5422068705836525,-0.648315176274508,1.7040818963521027,2.367425722096188,3.6204416746225596,2.6751321911039274,-0.5748507224937773,0.32146350048785166,1.4434366065519386,3.124215558177496,-1.0176922843776095,3.4599741363266068,1.1947671727226368,1.800320670046729,3.6344164959095813,-1.1130045009594305,0.8192066147084383,1.4241692602981768,1.17992899773667,0.8471106304906386,1.8034169286626374,0.9753948345019507,1.1029184866892778,0.6729768846513979,0.451486947458271,4.6895654085941505,1.3046977024882571,0.002711472823571759,2.8137561100856887,-0.6567999861668739,3.0475618277454593,2.5683508081463016,2.6991351544528834,0.618408396893741,1.403909993954724,-3.6439905304833653,2.7571947396484617,0.4937769904047711,-0.3831731440171273,1.3402978179796998,2.2246575236087427,0.6714582312303434,2.2332758416460594,0.4686224486031496,-0.28291610418683877,0.9856991685940601,5.07329440242031,1.04217705480125,0.04654752816151464,-0.2692309368858219,3.053523461669937,0.788129623884037,1.9079047851415398,0.6857271482450069,-0.12046156468984037,2.2988115160928686,0.17921244668539238
21,1.1800226960171152,1.4859492346701337,2.96770289392152,0.5230813657431295,1.1074919639834162,4.548370978994996,0.2027103186168121,-0.717652916666724,2.15488665946312,1.3211520950147466,3.3186051978720705,1.2150822096245886,3.1483185510883143,0.7670542490415349,2.607659327314148,0.4786865667508089,4.314802426145453,0.24999165904839238,0.5854057458995038,1.6348248893646367,0.3720488337465002,2.0688844218143276,1.172091363282617,0.9246761246176061,0.2536299652740719,1.9441045694738204,0.6339145278408846,2.074981893886545,0.9942978598499255,2.0929394076774552,0.7985083896666166,0.7219614853554046,0.7924361130936837,2.1671200907163684,6.766727586019993,-1.4988550842382584,1.5848900608918637,1.9480312956422332,2.4722616676884606,3.094027444102351,-0.3430195737896824,0.2549280500782123,0.9333678699486574,2.7435273550405133,-0.856506939161094,1.9900582450972335,0.9915197299696515,1.6715340357580648,4.505344547109715,-0.6893607071791052,0.8213459773091594,1.9954732617388173,1.0462210210870433,0.6708421075775252,1.3104686675795234,1.8155696173226443,0.14089766497063383,1.4104438964069477,0.48541292943726444,5.096454209154656,1.1225949268956041,0.08261024922916826,2.526286206183567,-0.3456460494864455,2.9689734298277686,3.23740647976037,2.273308258210276,1.2613047022253474,1.2798525394836404,-2.7899175815702537,3.0997301485200084,0.7124924518245068,-0.12629829106861035,1.594715830733287,2.625598604812371,0.11243205861463546,2.413287126200852,0.2533112855020494,-0.43848955810930357,1.6552199957372837,3.0974071940367454,0.8200348829095476,0.45921864693670167,-0.42830344091362726,3.0998114411580997,0.4757269583904853,2.5640415597970065,0.7620348082482145,-0.06135251261653424,3.1050835205862963,0.6956916530124406
22,1.2004769076150748,1.8579670414476155,2.273793338876782,0.32466412383081167,0.9620177049189351,4.569738533257226,0.4865678688472326,-0.48763696873201035,2.700584815890112,1.3835531751794528,2.9671699280370794,1.3667965786676382,3.24604867067222,0.9033373524451325,2.0177954377916016,-0.2362888632578264,3.961905652016176,0.08368386981660902,0.738037258068037,1.7330566860107335,0.4061685293198578,1.3208822868370755,1.3561706899442652,1.1761903512236718,0.2620866728602139,2.19676072011474,0.6137643901404233,2.204101875890046,2.021368735856165,2.4620126650142877,0.3275012288148873,0.8335360921074633,1.158601552979527,2.481784542792479,5.562925132521466,-0.6859756421853231,1.9804157731940442,1.8374933694270401,1.6956549799475993,3.01675311717049,0.5660607486000191,0.36158493473502373,1.6036487798991572,2.954875008823416,-0.3590885450060244,3.380774270249015,0.6389984667593469,0.25698019509433223,3.9393130033275536,-0.6213538592182456,0.945514066246977,1.584402916836149,1.1777987366205567,0.8358604053554223,1.7203054535612885,1.165145186782203,0.342358302734739,1.3350254899651086,-0.05440578989678935,4.5598368342771245,1.5847598883141396,-0.3558991308031717,2.227852013439484,-0.10737990137263598,3.3211332129062408,3.3378782368824105,1.9517743497744358,0.768368800155497,1.8969004233263245,-3.107098926847466,2.0777643356267705,1.2139211553467275,-1.4892196642923068,0.9260810981297734,2.7529009013589008,-0.05018754260055669,2.1213895987014832,0.44841970976816214,-0.5039375697942636,1.2888040402042331,6.084172030749837,0.7645823692851081,-0.26712260729518555,-0.6679467882847785,3.254707407512507,1.0282431238434333,2.136054656285542,0.7482166111069215,0.2714249392300101,2.464594716969989,0.7573111942185937
23,1.0833876136504053,0.8511586690503834,0.632916002134186,-0.20198060078616908,0.8569615653936609,5.323186046248734,0.14572781403372193,-0.8137958101906051,2.457601938220905,0.7636948296442584,3.08012013943259,0.6037042441511408,2.4170723187041863,1.0719326937645965,1.7413871634705973,0.11309947115019048,3.8952268068831493,-0.08943509364280211,0.974778461895904,1.5070735452150519,0.19354397630549425,2.275931835701017,1.020320551889147,0.9244652860942099,0.33357296089909405,1.5997915527458928,0.4947482407004884,1.426246967122715,2.6527273144155963,3.0097736427136104,1.1865833945488893,-0.3270403727810134,1.1026848223869523,1.7917461935724672,8.61367732561327,-0.8297081394526932,1.4245768189469088,2.0269353215642365,2.457110166222109,2.43259987896526,-0.49076488388129924,0.13653128900434286,1.6907596345040754,3.0812199561058318,-1.091920890930033,3.102781200882484,1.5525438828401068,1.168484590188049,4.1858093400969665,-1.0528268522789948,0.6943564895363701,1.0147303184151113,0.7971536643471957,0.6510106893312041,1.6740543675267183,2.322899938033415,0.4143907108047329,1.1794966172729007,0.4220623212343271,5.355356316044067,1.2943070641477972,-0.1992824141943914,1.6400948076125705,-0.15936802328976274,3.980845518565448,3.970892041956302,2.3536529468196052,-0.21663942538566727,1.3735551913415802,-4.357371317301202,3.449284784985374,0.9421836201004983,-0.3891170460573985,1.501989205333465,2.082042499073035,-0.16435251126560857,2.3759156476700483,0.6481575447728896,-0.6914643917129119,1.5910836254990004,5.195520772440275,0.6737436858979367,-0.3400607249154721,0.04927185805534995,3.544194305716257,0.5447350623671829,2.5078731732635724,0.7196702179840959,-0.7708751836759846,1.6481028724680729,0.44350296501316677
24,0.5470177230886843,1.2645720660548871,2.4518628367916833,0.5582960335894493,1.099180706762656,4.48540603485791,0.6344794356877426,-0.7227454054346869,2.6762702108561545,1.2580726905603534,3.3277614306438865,0.7654887233425143,3.3707005097487306,0.6302134170310008,1.098339784604092,0.8100509478387845,3.7510165749593636,0.26431857980421625,0.7216876531202083,0.9929690890936893,0.388702085075713,1.682471434736947,1.0656978866401459,1.0094806187251848,0.13652325282266276,1.000129398274777,0.840315737382217,0.930854538023445,2.6847742584650884,2.161293385591959,-0.16121213439464266,0.5863340448635124,1.4340691892647213,1.678887338065182,5.46339712703768,-1.4597926903257301,1.9977798075286335,1.9739950532857256,2.0122768847848067,2.740286753610935,-1.127265154208391,0.39830298260781927,1.0751806187675292,3.015165657524923,-0.9515794833637987,2.4524632487250484,0.5202244534877722,0.9727447432921541,4.036102200957517,-0.5419360693847995,1.1070384849327621,1.7596405196051117,0.8136284860530236,0.7584063904127665,1.9149748551209707,1.2441128610862204,0.35771523161104735,1.3263216272559808,0.4872998781977831,5.954864163778175,1.156402794937883,0.35433073055365094,2.700162373778683,-0.8439150578887653,3.325736587592803,1.830015448774585,1.8447323281247767,0.7813066370970695,1.8907136183796749,-3.6362367324178724,2.8428393908914944,0.8311750834282527,-1.7448809639700875,0.9099983967854199,2.237779020328754,0.3034988697562975,1.8983381763274363,-0.24411114974950765,-1.0186108618628211,1.9114840423181885,5.463303801878659,0.9164608016371307,0.3974436340888706,-0.18128848223628213,4.217153701298898,0.4862792856551619,1.6872178828470725,0.5991570151097307,-0.0766985707004566,2.5748125386088376,0.2412801561135085
25,3.4173371303045044,1.3877675968188485,1.9515782051115838,0.9333045022120936,0.8749538543388198,4.84046828059634,0.42189287358579575,-0.6798040168923971,2.510609029080215,2.0412060470627718,3.356773467294924,1.84110868305996,2.5956355007364564,0.6040106698284016,2.0764910470799753,0.2029299447332189,4.3141141333908966,0.1619553904368991,1.0783849985078757,1.6298183086016182,0.42831708451315853,1.3096154894826322,0.8066757816223968,1.2291765229117542,0.0867155653464331,2.45123086197853,0.3129270142072009,1.2372119295876884,2.2153978455107293,2.8994054002078755,-0.31504226361956955,0.4750332841880851,0.962190457998806,2.4826195330910563,3.744829594837813,-1.0732906585434427,1.7228141761324793,1.2958977519336061,1.821424777788405,3.0380652753359603,-1.410180874709173,0.09923535424625918,1.1197446511340252,2.5745457889824297,0.01189929047756233,3.3851348524942915,1.2868256711982595,0.8187583174566405,3.9844460495502414,-0.6067873862157813,0.7625335041521613,2.057973435238405,1.2280148448576775,0.37011715214508256,1.3733235034476838,1.5712998452292126,0.1627518457147985,1.0353586910375667,0.4316565559197034,5.299714835490572,1.3963490791210633,0.3733684926528613,2.0983736335448535,-0.6644801712435804,3.15824050663997,2.3579907085541336,2.108985185416776,1.036034427208064,1.0740373259821443,-3.8701220761778585,2.9055388116235745,1.5185447552174258,-1.2767657955584535,1.9766187109058373,2.6635784118066623,0.15338875393421736,2.698014021631746,0.2702577677806781,-0.3397270832556072,1.4918665942988905,3.2857313713119005,0.8931569788936753,0.1856121381428617,-0.7348721528113655,2.818972784128949,0.5514685746690575,1.5576119728331284,0.8935646940658435,-0.3100514928787884,1.9015975193002363,0.642613296273506
26,1.6032517976099756,1.780787487572645,1.8480275476494978,0.8613168459816216,0.7906309134703513,4.780395459222696,1.0332710741394229,-0.3639839671421208,2.3606385587776164,1.9141276790203006,3.3420192896098335,1.1807724141955886,2.9737525712099595,1.9382616854789865,2.4667288061624473,0.09657028022548308,3.4869901875459757,0.17955313005718287,0.8279938264939011,1.6313360478664856,0.31557211911862737,2.6690792065826106,0.8997622770409792,1.0290657409572024,0.10824217546019499,1.5933824079577568,0.48039704157368046,1.4105890320137808,1.4612647968875092,2.4337130591312395,0.12104397234038822,1.165562176852922,1.1066549266509185,2.192768898187014,2.9347230381473794,-0.5723664585714303,1.8413463924115188,1.563536964558804,1.8400883609444096,3.0322052366024668,-0.5928295411484883,0.3219825321486276,1.8394070672680787,3.0313396728573383,-0.736283688030358,3.3422094950894876,1.2077592470169,1.147417132036343,3.5122948333883404,-0.9185948959153887,0.8071200990036602,1.6709194946600323,1.0242660853736427,1.3453020029203104,1.7947739622723078,1.2032491861797334,0.2513638132326905,1.2704012195233005,0.39013246045249983,4.418398822792895,1.1072953635417044,0.1893712453465578,2.288244944672324,-0.42323321765460964,3.162609359958812,2.434227613761312,2.126827374001748,0.7578108471822094,1.4800867764448347,-4.751546110255407,2.849840113045837,1.026707482195503,-0.44432681195713597,1.3277969701812253,1.9756146258187044,0.06056647795309189,2.6475617989538445,0.44052440993262865,-0.19012498183414928,1.0301593921365382,3.976066732237581,1.2482306505583007,0.6156911722626464,-0.18401283877387287,4.654593046859807,0.4106400585505876,2.0707922179668765,0.8901346106120985,-0.09577829731106191,2.563578751432615,0.34569306777559383
27,1.623604900896792,1.0442075332586378,1.5872084719760937,0.5661365526750708,0.9822598211027707,4.967233517823319,0.6449367604520667,-0.8534198475227719,2.1609385283620757,1.4057942097117255,3.396655468246805,0.6609600261734365,3.4196332004004555,0.6119504530306177,1.4167741439219572,1.1488921559653948,3.8772306011631694,0.06422189242398657,0.8492931011592395,0.8387217628803385,0.44349115282496143,2.33660444978377,0.6961342477723533,1.080679105726282,0.22411678349590036,3.2326908359137465,0.7373957198424925,0.6997240657908388,2.3057084254315448,2.22018210243362,0.675395519298536,-0.40868966424277753,1.5593345982120033,2.168372665454055,6.400578885942416,-1.8000366432357662,1.6140637752841274,1.1595113691582029,2.2273929983154996,3.0828937703680612,-0.36467973571394907,0.25579881397661186,1.923388067450353,3.1745552258514302,-0.10545648054797296,3.472233896313847,0.8848616611358312,1.4504688320401251,3.9085618060039153,-0.9866538737896201,0.6928401224497254,0.893900440463689,1.33830301847984,0.8832861335494304,1.530473786479981,1.1500476751462407,0.2810153917398259,1.2815355871167466,0.2122981236664554,4.689506879278045,0.8206167332367293,0.34054621302694943,2.722983750642509,0.11319130115443876,3.914707181626068,2.87980283459085,2.3938060742244387,1.4987107887520827,1.2755881878324915,-2.1507511632102156,2.4131835111309616,1.2680300772039794,-1.0675818100231664,0.6805366994325659,2.1552898622732792,-0.0025218157926487628,1.8253011233258274,0.5995761419500018,-0.5281663294837031,1.0101607193761848,4.603423528681141,1.426774904557584,0.5627486876150067,0.2564108153131368,3.922771518201299,0.45038961548123524,2.344328881320276,0.7050227145056857,0.02834677042045186,2.403208265067083,0.44320280369239207
28,2.874778921037733,1.010488915070617,1.992780381902372,0.6568415237462952,1.4110895117073756,4.747276748201118,0.6278525179672574,-0.4432446812193769,2.5128183746222,1.7976391543985195,3.3701666048560663,0.8590003930035426,3.5036559704987162,0.8077741469004847,2.330236002081397,-0.0218499941470649,3.593219123809715,0.18052243130481593,1.0882042296815566,1.5623042641596037,0.43780007470674587,2.33909582100853,1.351383643107171,1.106512001854522,0.10944437201008972,2.631042765905997,0.5534447288214817,1.1787046085243391,1.9581788349907345,2.115509019257087,-0.0363983890803915,0.5889519713472421,0.9018831963119003,3.4556770569376525,4.386095581258085,-0.9063811111854894,2.08838832988072,1.5199105288085386,2.936790554571238,2.938357523243663,-0.11846253151455333,0.38975350440247913,1.6558413158894687,3.165081059260184,-0.03244876779647621,2.2237337025061596,0.8359500510039375,1.0785545332482962,3.97530353573316,-0.730412512252945,0.8133673718837686,1.6655721095809015,1.3979363577480088,0.7616055156637946,1.9260919858236982,1.74400129596712,0.7134239867018715,1.351591125025387,0.28115847069012645,4.793641546994934,0.8823771085722428,0.07894229879858194,1.898086097209911,-0.06866830299370008,2.833583462355611,3.4223197208280216,3.468599875102436,0.8048732632038079,1.65676061100381,-3.260059683009281,2.9865634316702327,0.47416383231743753,-0.5987180250077153,0.9891508948447651,2.1182207669140967,-0.11539164889901121,2.0854292151136358,0.5150132589586613,-0.6084975491950222,1.9923476000145663,2.9651995997294667,1.0407474928388787,0.9087744786512821,-0.08072577352219379,3.2434404461282207,0.8813588774721633,1.815262568121795,0.6774006259605865,-0.39593733337248094,2.4486379668475786,0.6875854035956861
29,1.6165359245834736,2.03648505279517,3.617023222024265,0.3127124154353307,1.0236430916511061,4.492379084137218,0.6962874483888792,0.11952327465103707,2.523594792479491,1.4328171139570676,3.068805917941596,1.2303711310161989,3.0020133610328292,0.9391142287221514,1.7310905486972168,0.3589768543387495,3.979456770676691,-0.011609036850514398,0.88086844155536,1.3570020196101993,0.287023481353621,1.964270788292844,0.5407595737622463,1.2968647076950228,0.18426538855013286,2.4262905628563214,0.7236937658202596,1.839736361673868,1.4871976732232377,2.203620694637607,0.3987886797734458,0.2676861602146978,1.4758301378077667,3.075793557618696,5.007728029324024,-1.3062986372071674,1.7305108780952412,2.0555887085483624,1.4773262924095443,2.793491432526694,-1.1153565054215506,0.26881241514115795,1.8323717789528011,3.053633807353881,-0.6337126816221419,3.4485408827222144,0.48099515585597885,1.197630184694048,3.495711895339534,-1.2419004877957163,0.9576798237733486,2.207053139597517,1.2445514694802766,0.8988663500913676,1.7934505812423729,2.085276605968387,0.2095975448697589,1.2562151446431007,0.042385493478421354,5.436668336568323,1.4281632973972187,0.6467778061717245,1.145912864098392,-0.0062320963784134875,2.631273642631469,2.9555220673982734,2.289471656016817,1.4516776623787597,1.2546516380066195,-4.509757962580732,2.4639853620459826,0.8120056456085447,0.21729303251640353,1.9007974113513268,2.395935049328373,0.53481911319942,1.709380190477943,0.1845842463550973,-0.2678029686796781,0.9682407478626296,4.535965169861817,0.7137535695462045,0.7218218300585852,0.044365581276446076,3.8144712198384774,0.8240444368784232,2.5536749701746575,0.769464729875456,-0.1977527313033598,3.372049594969782,0.6788213658534739
30,2.6379974015097645,2.1444441906600735,2.519027909724109,0.4374561709984046,0.7710720622150102,4.467076770214142,0.16947630036776484,-0.3966416864319564,2.498930324899539,0.8986743946096756,3.084677209234206,1.2248045433778523,2.2308671378426292,1.2819100547794418,1.55224223971791,0.22328787696308816,4.465254133919826,0.4244079177683868,0.7805262903461547,1.3819338108733383,0.2521196794222007,2.1044857495031026,1.318966728475644,1.2121815122484292,0.12910156956624608,2.788721090710843,0.3574185663927594,1.7481685839100065,1.0641641164851354,3.0974930627884745,0.5791070803803485,0.5919063253511907,1.4014932740429284,2.220776575455578,6.70961938230471,-0.5959846298922484,1.5591207486082388,1.90016851999182,1.8777310256386746,2.9771954202086244,-0.9385947937974854,0.07220069283651309,1.5626961590197648,2.7572525817464335,-0.3945753809363628,2.749011445370256,0.9776046706514205,1.104173161687725,3.192610384311554,-1.5553187741768644,0.8275596303250581,1.2069028454201638,1.3573515521024198,0.8529035362892043,1.4292331646921093,1.2835571974134212,0.039704062073108504,1.356505370892443,0.4126083658629516,5.200190751616026,1.1034623868125673,-0.006854672351637836,2.4324421275212504,-0.18773051774274752,3.409088038496729,2.834336736585791,2.315268175141318,0.8001134048875862,1.586339426885816,-2.4032250187149784,3.025628874913945,0.9263235692293474,-1.2712602349417605,1.2271904786589312,2.29393215421276,-0.4037766678813459,2.7240325905312472,0.45857210750120725,-0.44018786130420695,1.5291613468130645,3.541970559686179,0.8664772836224754,0.2926599087318933,-0.3720574969073862,3.83090540927517,0.6425898309609218,2.091960165231054,0.6809090546299776,-0.6310897904201831,2.182594482534081,0.6381136333613444
31,3.221520526643989,1.4032349770073083,2.5078905926227355,0.840978762087609,0.7168226210420059,4.710934516091829,0.6736670507237777,-1.3615939083970336,2.501297243724384,1.9432607096225447,2.586188985143078,0.8335406706977573,3.9485027452409938,1.6257161538695408,2.1894418217986753,-0.5158120287512054,3.9979531887719086,0.3083450722314751,0.802742576974689,1.5005500940039935,0.19465399876718603,1.857765751609548,1.3997714287637515,1.1450719943127838,0.19413186416845374,1.2205951446526226,1.0051919838684364,1.2479718797274275,1.5789275300255454,2.073650751042418,0.29727365947749973,1.177292613103198,0.8957306026249036,1.7938814452375027,7.6607601802738525,-1.1078610377603952,1.5558173861617979,1.813765506418763,2.423208877170357,3.0458999909447306,-0.17664718110158706,0.4650406834837142,2.004093325498351,2.379455170163774,0.004163903471329,1.6294628187093991,1.0022258377139948,1.5646602210570615,3.829407123305206,-0.9697398188481599,0.7750990318145443,1.5813522289052848,1.0534910718308246,0.773999641832201,1.8020065542936297,1.6936891875595195,-0.06756951016454504,1.5689226703232109,0.7342430498720809,6.435054180357247,1.352428450416174,-0.1701343495333867,2.089066190613525,-0.31657689915570675,3.162250741196471,2.2161995980390534,2.4855760609018636,0.285569397622801,1.0374300494070074,-3.194467300052822,3.8659400522574447,0.4000479293632395,0.16865450536304838,0.10406828281661684,2.033076500372632,-0.25077118446515945,1.641758488654034,-0.24126086946712166,-1.2924099103400457,1.3155174035845256,4.836503607634389,0.275233663685321,0.34648853247896105,0.27222091780651936,3.2388572507687465,0.46063234316809076,1.828525556155702,0.7342844348966142,-0.8546090415771279,2.5728134135529714,0.6069994042832505
32,2.550422758763757,1.532797458839585,2.0066586200600645,0.9586925548524279,0.8976116402870176,5.452074495997859,0.6277999290749856,-0.9125713253481251,2.9028161882044574,1.0812145498502712,3.4154061497458654,1.0197955724058052,3.04835549973117,1.5352189662861053,1.9686592575155477,0.38074810229460754,4.342592953215648,0.32437137290354423,0.8147279018980296,1.4811048534303541,0.39298393348245675,2.0860619426127625,1.279212233265416,1.0921856654079733,0.13626530044713703,2.2526806990345056,0.38581543453465184,1.1424798108882586,1.7506281813212456,2.479643789523487,0.1917430495506658,0.3043414322154141,0.7068931163475518,2.8856774398030085,5.678567669918438,-1.3904085165544429,1.928478367780503,2.389845438781805,2.0132884667691906,2.778096609335767,-0.7707490257239298,0.41183772510870664,1.418051586020753,3.032757590628038,-0.14037908307988234,3.903548696549499,0.596265881268581,1.008529023891172,3.691487234072838,-1.6710777417456695,0.8201682649201006,1.3951211203731129,1.1633344251835336,0.7708795203960164,1.977436921778326,1.882567658117538,0.4086070787831926,1.0708322066239047,0.2964276555553298,4.40179264397722,1.2762691162412172,0.1402160263984451,1.5868377778875131,-0.5242586255917052,3.6912725610258805,3.7445326271231143,2.377725510141196,0.40091525625978863,1.0288510054169424,-2.16476585833378,2.536013959269673,0.4854302688591908,-0.9456143996651707,0.6595867558265516,2.474427400547961,0.11786307046967659,1.404525189170859,0.37304543147991076,-0.6113587723196123,0.8438858911151943,4.822556296894133,0.6102673258441733,0.5322775926260033,-0.27378978987840563,3.522810605647143,0.5246075496821633,1.3162848651004921,0.7113033881036575,0.306749760387913,2.377308048432194,0.3944495445392491
33,2.256482940541958,1.3640774000181333,3.087716620672013,0.39941401460032067,0.8315910110802278,4.918781527846661,0.42643778112462694,-0.6920325045983478,2.555911650157916,1.1707146486509212,2.886467838150365,1.4253843263798676,2.6970983547779017,0.4699518731321808,2.1754051972680406,0.4288069177287894,3.8043824268617454,0.2836009984635999,0.9100085031269943,1.4819521465539731,0.5148910547924883,1.5397411880364542,1.4236482566797197,1.1773471378699696,0.20485011456873914,1.9052951716389617,0.9462627822866123,0.5821483584805929,2.12844050204568,2.41128624523333,0.41303176539214226,0.5859652819565271,0.9186648269919779,2.8012069376179207,5.253356885348804,-1.1232678886967227,2.034951908584883,1.757876214792424,1.468861787538171,2.853316859791817,-0.6876457153511895,0.32700423307199067,1.3575191025000009,2.8735503954010597,0.5614990352158318,3.501059679059381,1.5250769483937736,1.0987310410768463,3.6883179493098517,-1.2237525748123148,0.7076754211038758,1.6951019233187568,1.4483822615394533,0.5523106599345716,1.6379359319922684,1.4080043553897388,0.38288085550903683,1.5013597779370214,0.5457115831906496,5.2271221222729025,1.4489731128882788,0.3392070595788581,2.4968028011292667,-0.12497934277616984,3.6670701847685607,2.45564020069532,3.262918161597816,0.8348378318971752,1.8835172775634241,-2.9848370909081687,2.82393208251811,1.4743264103220968,0.2620777008120738,0.6874201254423813,2.592006560156089,-0.13535523060165966,2.0213694653791174,0.44126123268918616,0.11251330591739284,0.8414208795786191,5.514027473258558,0.7095337911544202,0.6325823360374119,0.3892364085018398,4.035102879020314,0.6503648769275735,1.713796099155522,0.72205273307334,0.09777786457661719,2.291819950654809,0.9458499172551953
34,2.731335603986735,1.4381424930756275,1.449813355909815,0.08596639982730503,0.7437371995357278,4.623103520697035,0.3228347598384377,-0.5923984077303852,2.402466217200006,1.6441006423932967,3.318311735250931,1.5107524965242805,2.833897652816516,0.5028710462240233,2.431425182554774,0.2484508418695074,4.1501751519076775,0.3238347931072536,0.42161332201748236,1.4718263709162835,0.3851154471568332,2.350161487690891,1.5489887933340998,1.191376370787421,0.289159167751716,2.1485443521689525,0.7865255105399429,1.6925114841960995,1.1767204067971455,2.234534638254195,0.39618426035265975,0.08046951907467559,1.6025934886092084,2.7092478046388533,5.818775252275635,-0.4654389853152163,1.7488819577894683,1.5668436055644452,1.7891108638592628,2.3265697555678893,-0.4274054241544496,0.28099079235628377,2.114592395575679,2.700606985175191,-0.9456584302084754,3.279191558188799,1.024761748807592,1.4207372946498573,3.741636749386673,-0.7844338584223773,0.950567822763498,1.2738559946763257,1.4482056561261227,0.8301818108017055,1.4795014865252551,1.5120510671179463,0.3236700683446476,1.3144569270971087,0.598565078047669,5.656496890569553,1.4540796663113285,0.20941376124168587,2.238920292154819,-0.012371659585145078,3.1701061602825513,2.241232605216108,1.1246004787786372,0.7682409597509788,1.8505944081491517,-3.290119665826802,3.210537303311427,0.5705247401174425,-0.3079514963507246,0.9443374742317856,2.5919651057067683,0.5887456804328788,2.85065150144788,0.4976812066159,-0.3917111196032046,1.3933517070906274,4.580209133642899,0.8372536070218983,0.6080047632942447,-0.20884909061504797,3.6229886419113417,-0.012051953209634148,2.339575043094246,0.7049637577763217,-0.7700601335650603,2.232743041108706,0.3483267209477994
35,2.1262203686735575,1.2928501914449564,2.107419870754688,0.6178218941377591,1.0554401244153722,5.355784367756918,0.9677426797871254,-0.7093574939099421,2.4133589296182563,1.1514931395983175,3.3707878950669365,0.8843122966555976,3.6826288879995532,1.7439876279958944,2.7508818393858956,0.021279779018874567,4.538643252871224,-0.13804673395746492,0.6478802590214605,1.113609523974198,0.27109962733241666,1.704309716791403,0.9739354988671578,0.8941879609625589,0.11536624735933643,2.2726744594073116,0.4888040586811524,1.2980508086193234,2.164408621078369,2.4858961125982675,0.7183174803429678,0.40706353524956496,0.9589301160464777,2.364575135342384,6.6760022596718755,-1.1734029423378254,1.952768190756086,1.69546873900795,2.1081183849393805,2.9618293578508665,-0.10000318230359051,0.14867188756814986,1.406035586129195,2.9315457201198214,-0.6701944797944608,1.8620175696008425,0.9054500329354023,1.0639910531434813,3.858959637624504,-1.205283414142469,0.7635627349500834,1.2676846249562945,1.2983693407111174,0.7673993357462563,1.993678257396543,1.3398405355384617,0.17157855576635184,1.4209750518750468,0.2972957898676749,5.5764180309819125,1.2924548595329157,0.19210274375475778,2.3496173335877666,-0.2930260664286015,2.341153629070422,2.4289529080546823,2.1889371439488663,0.9024623248332653,0.8592599381815652,-4.0395969107632945,3.303859339380802,0.4927721053210783,-0.9724843311755453,0.9041968561099398,2.4271726697520104,-0.22992389630644938,2.44840275426847,0.18153573763859532,-0.135088221189136,0.7838299211946855,3.6837135273809034,0.3678004380350508,0.26806580094965504,-0.2906228507400713,3.2039249688023776,0.7385349557230638,2.173498199048199,0.6672587872031248,-0.5210773623194305,2.4183159941076893,0.33764582121669484
36,0.9163232041995597,0.9759261639979888,1.646720849764794,0.7229045268734439,0.23555095220015687,5.139234557983052,0.4762928357008507,-0.786016977583416,2.496027588675488,1.9450148951983184,3.317121618694758,0.935623681882283,3.5151490026980565,0.9318690778148184,2.6077346662149488,0.38130242213889165,4.448378560327864,0.14846080752851643,1.0790619078424513,1.1000733908254299,0.39926113003294494,1.7654561982426387,1.1956314076153676,1.174475252640244,0.335730363772731,2.886213614625067,0.6395802147416534,0.8588541855103804,2.0331992909866115,1.9855007500744422,1.2656461973732538,0.7861126770860858,0.9059492017037676,2.5977034270480845,6.457625027347763,-1.6066446644055077,1.7930181139693067,1.138528062386827,2.5586766586321525,3.2765379821039984,0.24908866613794256,0.24540446300820662,1.409186276210529,2.5554874848492224,-0.6937396781375299,3.1596724308095645,1.2449718103365373,1.1871489480291455,3.804674949132122,-0.6768237618579057,0.9462824432206313,1.3907516947146776,1.0848196660531753,0.9468272618594669,1.6703361797157328,0.8014406103960678,0.4211628128441165,1.432900453147513,0.60510379909825,5.5840346063521,1.0337481413280265,0.159038211737087,2.7392875805903163,-0.40489288516302935,3.1085213578560182,2.7225476710715437,2.8026683075134833,1.0038908243010283,1.2809794082271817,-4.179344476707391,2.6671944814900153,1.0960707053287733,-0.7000631657577969,0.8393073499006345,2.165145543344531,0.16529361125523545,2.458558811351963,0.3796747120650077,-0.8435771087614993,2.201934060938552,5.621567764450328,1.4250997188621897,0.08116285662003825,0.052504919384738,4.018085266609838,0.9359472283197987,1.607378717550112,0.6548472683655793,-0.37992804659223,2.16073023151359,0.8612781801633655
37,0.9407629702782012,0.8391294244995056,1.8805720807173927,0.5688033530257566,1.1054160243581919,5.175529903389274,0.698011012612563,-0.7181531027013728,2.5399537240261365,1.3482964635175965,3.2163444551159737,1.1669393303426367,2.537178224647144,0.8852380124269548,1.578501685748208,-0.26387456953218313,4.777681292806777,0.047980062454118455,0.7070244183807972,1.275364852993297,0.2897314004067568,1.5380320344829974,1.2598770217636606,1.1571419792040842,0.24801883148468407,2.644524971117801,0.545649284556581,1.491042231039596,2.246825796541578,2.817156512584077,0.7348968043839847,1.9111325303487834,1.1769908884535605,2.121273345848863,3.9662170991289365,-0.8265143811923494,1.465455291194027,2.6146561325329403,2.546428311285839,3.0319390281242766,-0.2996388830750871,0.28764919442583636,1.1283271446266028,2.4645013569796426,0.5525281085133338,3.9589035956801317,0.4580790069119731,1.5744527517732234,3.61977072582265,0.027983542542497908,0.9235589805598203,0.8194728180577755,1.0922794213170819,0.2712645362099433,1.1719461597776544,1.4215598619309298,0.7419640754019179,1.2607662595046125,0.2755431547049292,4.6365616187651195,1.2360092117973087,0.8018648163514839,1.8735655161373064,-0.0672038801541337,3.622723171982064,3.3602575106283687,2.2332306005579374,0.45991758123880444,1.709270834444958,-2.9318502325495697,2.898217200114365,0.3787685556707743,-0.6321565164332275,0.9738363195219496,2.2974541138039193,-0.1761024535940523,2.356298432240381,0.5679957941907721,-0.4965662621967928,1.1598061796643886,6.15305395179408,0.6788361569215233,0.7767775431758712,-1.0388511298546073,3.3151062712681183,0.6821478131230189,1.8070717703847938,0.7143986018765576,-0.6514826598320725,2.1376097348895753,0.7123916803472721
38,1.471304197700329,1.6469493444124312,2.206183945441166,0.6958169165348109,1.0750289905952481,5.781151669993266,0.24085718249211463,-0.7551606966633457,2.5303369225933086,1.3542263664805654,3.39333960164599,1.2681431795817426,2.891480340191466,1.5564808830768222,2.4452896728071276,0.5093270787789174,4.414977591796949,0.3570951112166727,0.9303650646363631,1.3896445490280884,0.3092056635902045,1.864723140769738,1.009012095303977,1.0053989162828738,0.1757972417160053,2.2648652074639726,0.7672715847010609,2.167165474836362,1.7690504715848805,2.007664853787846,0.6564637264448926,0.5896834785444374,0.7620946911809517,3.064979026068637,5.477511763011584,-0.8175926665451902,1.7134111590595364,1.7373784631035842,2.8777881036108077,2.7542592281327485,-0.6353568979049005,0.3421270767167641,1.1500716168675607,3.1025342340681705,-1.0408941333765513,3.946762157574614,0.8935986036191348,1.7314952577933016,3.9293884723385406,-1.4903902660082275,0.821860060665246,1.4907343236007975,0.9550569251733998,1.6063157414768656,1.9130077853068315,1.9811493958720308,-0.23694717345227212,1.217496498382966,0.6337193532152747,4.725028120102578,1.4156816217644037,-0.36974393282439,2.148973037391782,0.1246361118328565,3.32040390630196,2.9549238364272297,2.802229960457214,0.8652951377631142,0.9326889816478812,-4.321452026337142,2.8353197670728654,1.432490799087229,0.028811745358262364,0.6865475987970386,2.333885284946966,-0.34592253242889104,2.5953622484303462,0.09548625153172008,-0.7525432381395001,1.7227147035304577,4.592197474276415,0.8319162559261111,0.08433834725201261,0.2675732103584505,3.944746817498202,0.8092267308919963,2.607095152308676,0.7894533640312473,-0.8007753543498488,2.563981510292733,0.7180471063350229
39,2.461768569394584,2.012388019812611,1.9818158382120574,0.37347003313590177,0.81096288602469,4.937052590681105,0.9854562404224525,-0.6592637293368027,2.1845390478773608,1.5455779830104737,3.0904483553559023,1.211425682085693,2.8671954484880073,0.9029268895988943,2.320964478802513,0.7916179993530721,3.1089453838862737,0.3465156456180114,1.2442488862844079,1.182731325448977,0.3305424266045014,2.028472598644196,1.1524512412110217,1.2417956459314983,0.21339862186021064,2.6030716874773328,0.5179073767769315,0.7709319082647408,2.1185290550668325,2.98474150269159,0.8211989674855733,0.00916510439344087,1.4176704249963281,2.8088604773847132,6.732380758632827,-0.755452907118856,1.8867080686230646,1.6326167878561844,1.9354471556762847,3.2622618749934276,-0.5047277602588585,0.5363299736764748,1.1376051520235637,2.203598995473355,-0.04461348536430987,3.467479522524551,0.8818447488325936,1.321952822467086,3.92139029713859,-0.7487210379750342,0.7270151398491203,1.666221947071949,1.39757456013904,1.1862463838397939,1.323918889286664,2.035331007227578,0.11690838533271086,1.4705871304423763,0.20168773263994888,5.392711650289723,1.2801717097071919,0.3768851653898071,2.1565659408185773,-0.17695525885890184,2.2456433695876177,3.1404157793608753,0.47687696826750425,1.41459148372268,1.5574775574392883,-2.395505440369071,3.240344482818386,0.916522649513221,-1.134435329094964,1.619541034850966,2.3765247501822415,0.028818407112495947,2.9524470606478737,0.35917215563688565,-0.5950797943652688,0.7426847315322098,4.8059556510611605,1.1977484726655483,0.3345296728371453,-0.023431504462835928,3.849429498530884,0.5152616066424447,1.9296588456337298,0.6963432986066531,-0.3531350279041885,3.1373072128927215,0.572118820915394
40,2.003959927712434,1.246329269189058,2.2456046166892225,0.7692708446923497,1.1808193874298585,4.82072819432946,0.747305154134045,-1.0917878423504255,2.501673828453592,0.8021540158741707,3.3763824121624895,1.266696164343308,2.264283729522454,1.294885518862987,2.007156292605447,0.6674184209934062,2.803826112097254,-0.013951706235099115,0.7382045346996606,0.6008594712117405,0.27241754707950827,1.5489302100665343,1.3564436381567335,1.2397500614455923,0.3465550259562,3.061998739180706,0.41685743684814636,1.2309231086985082,0.9728768039720759,2.3658755731654555,0.29090716929822513,0.42640215308818696,1.2865759524420655,2.556740681250016,3.6867245758174487,-1.209306792239346,1.7566115729773393,1.9845245223574182,2.2955785323817306,2.8605199018737615,0.08923555420541085,0.25280599818741845,1.340935925155247,3.1173900751016417,-1.1071903692802263,3.606165623433951,1.0712549760490249,1.3592136148998144,4.246561444296809,-1.0211801085118053,0.7756358941084986,0.45240901037744186,1.450866293003049,0.5433054223722893,1.3213004338716465,1.372096603670974,0.06794313625866,1.1710874836925869,0.38144018432447857,5.170882326722518,1.1977504201466584,0.19975888985456058,2.678395412787956,-0.18915977810410478,4.319793427090945,3.0932166994583943,1.6088537744978797,0.6389108980305587,1.8937691382169692,-3.681861882994914,2.5763037163413154,1.2805758159780494,-1.709942580271493,1.4022735994742979,2.170231075148623,-0.4692439124142309,2.558228414335781,0.2278208866743523,-0.5378169833235342,1.3349519056201298,6.049476260838086,0.4352940721701728,0.8074464847705858,-0.39121515083145875,4.461084287164619,0.9100230174958874,2.296533185333264,0.794353575104596,0.28261922043071075,2.5305741855698267,0.7154003809303928
41,2.0873642843677276,1.2913845597088773,3.5652229966585733,0.5520074521639982,1.0351398737964868,4.5005555886634765,0.3584406357897518,-0.22850114978671598,1.9019263975876062,1.3735054315320503,2.9854499321184926,0.8886645488671217,2.752751669195047,0.5876343350052158,1.4923886945520657,0.7204755249259949,3.7411992328426624,0.06969729043742778,1.0573308988926446,0.45725781082122463,0.3047420382491879,2.0424940099245257,1.1115514299411415,0.8519313498922316,0.21809943999355186,2.4768838347998354,0.36658534055706626,1.4772760727457515,2.431898698519679,2.4890174034521624,1.039786751665524,-0.6691453030394632,1.332196514282814,1.9551881916124227,3.1735453020850444,-1.3262294865765232,1.8659925002858773,1.9312938429183972,1.4852703046226703,2.857796986635468,-0.7762340935218173,0.18644257919245355,1.5796685499873766,2.92964969577379,-0.700136721146045,3.2544619140649367,1.0044431142454244,1.0669820763288214,3.265793839355248,-0.9589138498121579,0.6397246442427635,1.7912532764409659,1.145748664228071,0.5434655282646023,1.3919846418043393,2.2021242401658236,-0.40079261884374984,1.320465284647826,0.8161145089318167,4.5130968993797875,0.9875018088179002,-0.4199416792295908,2.4545274302997084,-0.4357135168163673,4.319753354229514,2.48794371430287,1.4265196761502832,0.16825767248901258,0.973024150337141,-2.8407731854527016,2.6136741465123814,1.090250243820063,-0.6065565572978633,1.164659013313014,2.428043910583825,-0.037382729412996696,2.716806766497915,0.43515492856071347,-1.0795699670968124,0.7841167267526794,2.7139392119253207,0.7946237909798386,0.4240156263933996,-0.01102805994025946,2.9796517538533918,0.3370250358132504,1.818570779731639,0.8090903458194753,0.30514975285076207,1.9822972124223883,0.7259266353498006
42,2.8078402741724915,1.443798022321697,2.58906975337914,0.1996559164648506,0.8115648812008178,4.68625649352084,0.34351070085356905,-0.9282330466077608,2.9246480006813464,1.6194652462192307,2.6627543070979742,1.229565308894244,3.013510884006956,0.5231453465432161,2.5098109821888777,0.44576793357321387,3.8414945505972176,0.4269155145236314,0.8272202851706156,1.9112806274981082,0.3670047110301482,1.9334200422984456,1.1071071556311445,1.2439564377414478,0.19954509891304728,2.1435080229339407,0.9137566071240046,1.252432005533569,1.7216909390022612,2.601038075248409,0.6277468549089185,0.6082645523860264,1.231408884360516,1.7946870256065899,4.965646398938537,-0.8984518349524131,1.7222713875692923,1.8974879804048377,1.845919012547881,2.4688970840032836,-0.6748999834969256,0.4569816545846779,1.2602525933016555,2.980433024712998,-0.12203196184460863,2.7003952814636243,0.9778060836789503,1.8583716493557945,4.303419600428363,-0.9136702907846628,0.8705943736650172,1.86715613574198,1.3781125614540533,0.8819974987655839,1.596267599006194,1.446038137281964,0.40092916727066785,1.341794812380936,0.39692914237664334,5.64590626050318,1.3019355263043573,0.21225318782431812,1.9678985161212106,-0.403758381085384,2.952409532030643,3.0684325672616164,2.292428128547983,0.6566001367413059,0.8505303544962621,-2.6708579690647856,2.342700483413685,0.5588078158570493,-1.0108379162922172,0.9820204454359294,2.335313521122676,0.031127487452498492,2.0899025243074507,0.4981313101678513,-1.056155684144314,0.5976930551648922,4.959153482849265,0.632065271375255,0.5486075471401198,0.05290823989346638,4.112191268537479,0.40003963991556923,1.879883425818302,0.6930697854683047,-0.11162864321815136,2.449305655512199,1.1949068826423073
43,1.243284096475457,1.0717103541304844,2.51135307051468,0.7268846017374551,1.3567666727195231,3.7459812672050394,0.4972478322097831,-0.25771999810921087,2.66669649626827,0.9467660876411284,3.343779713932241,1.099282068356552,3.1879286933136357,0.9489641300396374,1.512585615081052,0.6986591771584236,4.644913738487123,0.316157980014685,0.8372961542455845,1.612118444966931,0.369943710184951,2.2160630469615485,1.1541878479881593,0.966352496830788,0.12276550227806826,2.929966138807379,0.5327809526756218,2.0654038615639854,1.7359810746199698,2.2836485229057257,0.03495984744351721,0.009080690172066364,2.062401187819356,1.9251620621818428,6.927927483430089,-1.6676461868280288,1.8076245800612347,2.0195985469210407,1.9044532353635848,3.327347100261587,-0.986826629880468,0.5124848158903061,1.3479777713499725,2.9625274934895875,-0.5609610792785715,2.576873182746654,0.5348238375357164,1.320076693920511,4.05307361915502,-0.921393094789638,0.7721510120079381,1.9918579420257179,1.298851719201187,0.8875494968468871,1.9738930567841353,1.7518663673150179,-0.2942305948809072,1.816115323629015,0.19323625358171692,4.4686321913825715,1.3221546421401615,-0.3061353652888982,2.4376884559884493,0.08184879166835879,3.065160994415044,2.811330563485038,2.129732902920649,0.44851952684213225,1.1257309558296016,-3.1881927398991534,2.6918096284723267,1.0456418840786352,-1.6515833996692986,1.8035311271816703,1.8990958423330062,-0.3093266402714565,2.3323450224280524,0.1201808148728567,-0.7236662278088287,0.621286535119971,6.121849759700042,0.9646778981134396,0.09218405397336116,0.029100850752904472,3.041917642479958,0.6366887042073963,2.233064501629781,0.7892299940934921,-0.18155070521251337,2.0832766544877064,0.7426492754821243
44,1.1804749449980814,0.8300739349852577,3.5525593913991758,0.8567982323945897,0.9107291694219484,5.027466783905256,0.7273323362972901,-0.1869585008419561,2.4418758244404892,1.207815277107939,2.873547348011448,0.7870937369587891,2.3891431345689433,0.6835225859631152,2.2717792132555465,0.7414046834935653,4.6261737242448335,-0.0292918019012387,0.6855547241834075,1.5431582974575222,0.36391444373343695,2.249677291972537,1.4670683612099253,1.1804369994831418,0.20636682314229837,2.4412786099155817,0.9673683023451694,1.8797527693477156,1.0063101269597934,2.150273812362438,0.3149310109445418,0.07169473046284702,0.9972223422815802,2.7140827808053607,4.220353161081136,-1.0498788512339214,1.8773033598031121,1.2696559005248216,2.317755769885806,3.032657816441656,0.4276710985644927,0.454115335122351,1.6071729485408754,2.896207590451616,-0.29867849249326817,2.8793566467103973,0.8601472113941393,1.8106473710633955,3.826140935520202,-1.4692509111951486,0.8271875515364895,1.6307710807694749,1.254379388059373,1.030769023053668,1.369783543321283,1.7918068343856914,-0.03048753924002967,1.2618054529170644,0.6004366406282444,4.628713369484981,1.2254294855406553,0.012239341055344743,2.473473727847462,-0.08484399677031718,3.658027982504458,3.3536027582591026,1.6497747112628105,0.2939540955239621,0.8141188749392838,-2.836156236749613,2.83685157127303,0.4517539183611954,-1.7219154209691823,0.522465600479423,2.3671176195667942,-0.6252991617707426,2.0800203109042212,0.3678301604863341,-0.5718395401113499,0.9862467231841308,5.787520062373211,0.9789719711395297,0.5105685460335021,-0.7728206417669994,4.362649738205829,0.5321270490779872,1.8192576784710273,0.6373094264214916,-0.4578570806842246,2.1616471042503953,0.8670750075069336
45,2.134125626688082,1.0992151256062153,1.5872712722490068,0.7712288697171823,0.5809511383006516,4.929122680943981,0.3089775891720965,-0.5074770638188388,2.2554337191863616,2.2256063556125243,3.4724480581189994,0.9751334052247538,2.997846192098244,0.6112533198832375,1.366336804529463,-0.2747769928373158,4.029893762727255,0.24952103564260408,1.2094707489099499,1.8229548947863714,0.28299625397684824,2.150966211092917,1.546063552238823,1.2171975175096348,0.02472265143315977,2.2784976161879884,0.758481301866011,1.21785306317636,1.1788604948114594,2.5001676082931548,0.48934433604895633,0.46754320561999374,1.305919018854415,2.1532862646531097,7.816805105225767,-1.020723322429481,1.931072325308514,2.4029994041900222,2.359029753687107,2.258071077239375,-0.12364937109022245,0.4167464005432133,1.7021369751562492,2.8953753889694456,-0.6063125219467602,2.541426036813851,1.5134499375309312,1.6813941578955816,4.285680466326018,-1.183351737004431,0.8070494937953692,1.7652141447538041,1.0709980153024778,0.8520436637528974,1.4397362821804034,1.925133710880227,-0.12538563171299888,1.268475733749404,0.5487831072846685,5.127612470848521,1.2094394212546877,0.5190273522345185,1.2997593628378858,-0.6212212010410703,3.616949484297025,3.375105522673679,1.9304073313413808,0.32149543674050474,1.4946375578499642,-4.527059723596508,2.939419515335301,0.6834023598437138,-0.2572321834711975,1.1004411300549664,2.079999812783071,-0.4769318513193186,2.8723040957386337,0.7152864523325544,-0.22574350867406756,1.5569350796022383,4.12928002829866,1.2788763990139438,-0.10094164608447531,-0.15555338724857626,3.6776567008413696,0.7349390960124346,2.043925862320423,0.7055408224744479,0.38675702601340345,2.2971457565298588,0.8376669907032159
46,2.2495090329660274,1.348524905970255,1.6855458669353671,0.5928359579556757,1.245874930778971,5.027646269636452,0.5353697554940283,-0.6192051280265103,2.0637669961108984,1.6322530524757024,2.6645784648980997,1.3451760923982292,3.188183582424376,1.5296482141481493,2.60074941850589,1.0149868208203174,4.277579162094391,0.17229412685868972,0.9545444115805932,0.664320827141168,0.4216685350231133,1.9620846678633854,1.3643490559562748,1.1913691816825227,0.237890167753678,1.8414514148584578,0.6501637786122023,1.558579828051486,2.806011876548456,2.355832351545611,0.17814379199805397,1.2209395544711332,1.1738457250944374,2.8836318733095627,4.316056959688541,-0.5803999902959243,1.8451946297489192,1.6318093691355942,2.028974850957192,3.0844086267607516,0.23036741687285822,0.36815023690995297,1.6897840636720316,2.772889371091545,-0.3684460242501688,3.6617426034083382,0.7265016156968391,1.670928780549467,3.5891961481881234,-1.5062759860098827,0.6759999181000456,1.437871735879983,1.2458519396249845,0.7416454302345832,1.7205396693026929,1.12348065221243,-0.03711353462379774,1.1444436958547883,0.09418008978755177,5.534594976906028,1.1133081068282844,0.177768770260757,2.43394620903065,0.14742063850909304,3.794917349646515,2.9143923612123674,2.6108629085207564,0.4814808992942763,1.458221801662456,-3.33035914249175,3.019841371183458,0.9348538301825126,-1.1342045775608374,1.6879044064719728,1.8589223975145126,-0.28542789531397617,2.171203450707723,0.48294225059910456,-0.7689807424193331,1.1968807776694241,4.166863652904736,0.9061377034455295,0.2090358117656358,-0.3061550625584668,4.023373016506751,0.680754249019884,2.497928140989564,0.7754000522343674,-0.8631909910315704,3.3209848163591307,0.5653851739499416
47,2.1283622881966213,1.7094627560577083,2.4914732206298815,0.5810324073434925,1.1216172945586287,5.035156430360111,0.6331700762444652,-0.7858566493598107,2.538212507559826,1.094716504427057,2.3671531778260806,1.2821704908491842,3.1488763312688377,0.8142272527592516,1.7365753257074878,0.3166446255107238,3.625191814889055,0.37227484799865485,1.14278712502441,1.4603072021832881,0.45211487705319664,1.95344176612195,1.532165226070799,1.30349824151058,0.18294208992750993,2.8089756908201835,0.8142000491119346,1.736192875506984,1.762547424449492,1.891607730863528,0.7798916691548441,-0.2605456865044977,1.1155181118615314,2.6390459199450893,5.887555258203918,-0.5516328969454706,1.92187505323386,1.9831418476478817,3.134021423093322,2.841827311860733,-0.9706802420092857,0.3393952009824499,1.2012900521357128,2.770774448864647,-0.6335033231634233,1.9505283526825719,0.5531017819590551,1.7149643014850333,4.248971815110581,-1.6501099544121909,0.6327094442906023,1.9256744900641454,1.4678833587369087,1.0396235082765979,1.9842647351728606,1.4312023161803522,0.5779107655112867,1.2724605234914401,0.5491623746837095,4.894818093017342,1.3188114772562525,0.22034829586733096,2.5063964300133645,0.009370233509458537,3.7376937171951687,3.4013448486909716,1.6880240614128947,0.579696380644239,1.6808726310960425,-2.3925654823672606,2.881222262215253,0.957145283981435,-1.0601696818224324,0.07597240912338077,1.605657804222003,0.21335166445024845,2.4921270538523497,0.3246820193564065,-1.1796492650708967,2.2860048963386115,3.1738069322694082,0.9401925198279395,0.641426405477027,0.2657852297943699,4.444340431578091,0.7280540321674969,1.707050389962581,0.7545225421840709,0.12758974852347849,3.2467227686717814,0.7111952246692752
48,2.542247869372485,1.6090522683082527,2.2738608136032545,0.7537768969178855,0.9772625008933629,4.32234428661098,0.6187244141861232,-0.8687599172676661,2.3564510267551126,1.4153055578714375,2.7325787798689456,1.3477026293051497,3.125911569012907,0.7848129679502753,1.8890520265099182,-0.5189153830027705,4.387118246675449,0.5177631823284314,1.104758096473451,1.6477566086156523,0.3996627614226491,2.4070394876383245,1.1930518195668744,1.1989321126577268,0.2314966562875116,2.4348370931280754,0.836500943137946,1.1713277625536063,1.729663241556342,2.75153091219253,0.6822555175952267,1.1419736182124258,1.2760577548544183,2.40344141045657,6.163269228209263,-1.4286067294490965,1.9521591326676038,1.7503167266118989,3.2613814622145383,3.3504645441556464,0.21960500931837412,0.3043086045363008,1.0879232665186702,2.9234226807614654,0.3788973074451083,2.46744163721765,1.1039017982014137,1.3180505116706198,4.010987759586019,-0.8346078220662987,0.7600429082547561,0.8654749875216938,1.271515596942495,1.117214174464588,1.766918357580035,2.0229313606345047,0.10552465715235848,1.5660229935839711,0.5948072695250497,6.153300405726062,1.261486585766181,0.5175668289668971,2.636106734370999,0.32669717453821123,3.7840958110618645,3.2609060434088697,2.8747219825757093,0.38379591669646507,1.3749806905676358,-3.0816984200560245,3.019573203762784,0.7673736115225083,-2.2707781536158747,0.6608253780444926,2.211796689899771,-0.6770131264584793,1.8692236301748748,-0.09567461448802606,-1.522257574693152,1.2871345859491898,4.544977879619793,0.6248337015476944,-0.13268191815688324,-0.11208012096082909,3.819714575043865,0.947535144276926,2.537067486053461,0.6270083344494941,-0.2596272670797406,2.172134793089289,0.8603347090357669
49,2.494075783572029,1.5727454506652636,2.78144123640185,0.36266948569967417,0.8934068805970412,4.666778151542709,-0.09506145884683104,-0.7718978894115343,2.550110499818504,1.6882838802579667,3.7780099566538565,1.2486188137435197,2.9121522899749275,0.9564329963624649,1.7071756786322276,0.7143978859042504,4.439008486576601,0.036100616284251874,0.7658915708888652,1.417504299707621,0.14393247115871244,2.1700867763372527,0.9389570788366436,1.125863890713468,0.26541754798290285,2.07284693852083,0.36816103574493697,1.6950458987542778,1.827672369766308,2.412620633369174,0.7291014954792515,-0.36146760981714277,1.2120804823752098,2.158581476120247,2.434077850149,-0.9023450661228426,1.8050369326188136,1.259723871347325,1.947596311155988,2.8043936531824665,0.11184215292678656,0.07458092672544048,1.1854360360695366,3.1339376337730247,-0.8271667355109937,3.6381929398525967,0.8834205315248409,1.8753822628839132,3.8595986836796663,0.07336983557254584,0.7194390489781228,2.009425930796121,1.2460403421588182,1.0227595235523168,1.4437967419582816,1.388933381927982,0.22906362026338956,1.1356668555346108,0.35943054865363444,4.315887146951136,1.4436708541277263,0.06060704946262785,2.0926965185621524,0.10278498805608516,2.146932939856309,2.6417441398578743,2.253081342256925,0.42091184847398644,1.604639871064135,-2.317293786779328,3.134524764659166,0.9350949461758817,-1.662298236277059,1.4822514142368135,2.5133252456289528,-0.00038974774072331186,2.065901026908553,0.4365618244535896,-0.2109400507305006,1.1647158862185227,3.53227659536684,0.7506848792509295,0.7237107696510485,0.028034602940327114,3.824130214829994,0.7330227186222931,1.601894030309647,0.7402178457015591,0.3239302669575461,3.5981936944307753,0.796192640442265
50,1.1119508809291005,1.2587794630771914,2.518447233772612,0.4623551665134209,0.9228496094875265,4.930066591555773,0.36303713356119705,-0.7609230643552154,2.2929590446171924,0.9248015544011626,3.200373283145824,0.9776850820062706,3.2117560810206185,0.8699363211674299,1.9622132753052295,0.3646627713620453,4.193008086467577,-0.03220221084792407,0.7927372269688,1.8050305057261093,0.5031351900112941,1.9196040110514425,1.4743050023146331,1.108675227191935,0.22622398512070285,2.538122071969361,0.8670193928322911,1.405458285205376,2.6072467002422064,2.235084451986701,0.48579590349480917,0.5210906679752358,1.1503198007771491,2.4418575002941276,8.561342928861045,-1.4452071818024774,1.7392706016220743,1.4487329200099333,2.7291568288174335,3.0546571575090704,0.20634826137862494,0.4957724092886031,1.7676998796449093,2.5669936515591423,-0.9475192160394343,2.6577978793630797,1.012623574011647,1.129000306861865,3.8581008845834353,-0.92698658555148,0.845352409860836,1.5878700916108897,0.8257776151855276,0.8818725840238841,1.468095058970111,1.665712357387359,0.6651485538065278,1.3284473880851948,0.5304657093838834,5.035136257500367,1.270430377140564,0.17639846186384323,2.573728784049478,-0.5258781836173458,2.980738585183227,3.0374228346793974,2.0522154202513265,0.3553867461096335,1.2122118634184886,-3.871227988575681,2.3772220376101316,0.8743628820713971,-2.0207892307084387,0.24657497783248106,2.3152091596260753,-0.6250020233896532,1.9450503238678678,0.3933290322260523,-0.2925634593685833,1.5735576681862815,5.14139418771625,1.4946074195668682,0.05667812602170974,-0.2989878962684537,3.1646958678563446,0.31986038632413627,1.8896586948835168,0.6843368972217776,-0.45291588752585743,3.3123794490046654,0.6594074533522001
51,2.569445645702598,1.5307845249824794,2.6606933381330444,0.7034135870580118,1.1804968857863898,5.39049779217788,0.2925874358055909,-1.2325370752565021,2.2885883884832556,1.4588606715537997,2.5285441638918096,1.114651830984634,3.839742920090304,0.918607926696565,2.151397773385591,0.05066616877711527,3.802234139880154,0.06230468029254865,0.8620325798115149,1.3170573752874701,0.27320552525576547,1.7233241989903618,1.08381348775163,1.0385173604508267,0.12655731891476302,2.202877975408481,0.6603826825434673,1.780886559307707,1.8477117275399821,2.6505332504796324,0.6793602545599031,0.4027909723163934,0.9922884579555868,2.7816274278799,2.5487019004683917,-1.1948501773873743,1.9463104104835014,1.8652310440656463,2.078057200507178,3.4488118685618505,-0.1817385308795041,0.22660685772495226,1.1619836075464527,2.679046778913032,-1.1005104759643358,2.3162863344604694,1.4098124538803511,0.8365640289967589,3.3775831633961055,-0.6942040921788071,0.8872795705871033,0.8366640722559153,1.1388530211163659,0.541398310714521,1.615576986185788,2.651290424460643,0.43315190573367957,1.266749381598093,0.7371286620938546,5.841536865248198,1.4362938486614563,0.18389247642267448,2.2440055662556984,-0.6812684777519942,2.5804257557361745,3.08669394360484,2.3497389566481486,0.712764292254588,1.6290504089196631,-2.617646098953867,2.9987570741218876,0.8320579994773416,-0.7665836999222551,1.3008983552472257,2.0788077786645864,-0.19456146572174582,1.945055489049881,0.21239593195689954,0.124820299083366,1.5953192957930993,4.026808296673463,1.1680849047913533,0.5411477387274441,0.2499065138865726,4.118551648081007,0.4291533442824851,1.5952569046347087,0.7885426646344231,0.11007465010447293,2.454994124127511,0.7535555998213503
52,1.4408335436358417,1.710312551323756,1.1567356919169443,0.3552463052222077,1.110783136116888,3.9202414665616017,0.9105192263800665,-0.25167598842545313,2.2782045655712455,1.7296896269583377,2.9422485406668732,1.178066996695789,3.2241381060942933,0.8425802139845419,2.0678413352181053,0.12279210540821972,3.8022654576147237,0.13868854358126126,0.5883132979002776,1.8730100763524673,0.48841514112188245,1.9452238520897644,1.2985446741470934,0.9761691399131629,0.254608294374824,3.379558024309293,0.474600747813263,2.2666084271734297,2.018955682782738,2.2160382085979626,0.5463102472673569,0.4600596806993382,1.1830047614305261,2.3468902979494892,5.9135739408076144,-1.3131989049484212,1.6701024936207993,1.713005318577626,1.3964158982856198,3.372762736098138,-0.49788123150788177,0.1494276237900536,1.6341366429037507,2.4274067065033096,0.16059781864819578,3.2819071358578604,1.242538962768538,1.2555118939174819,3.644120152732121,-1.0304835253088593,0.7588202107277449,1.8831740536157708,1.0207353188192587,0.6554930804905793,1.5337158832691462,2.1999388078143003,0.3403646112734997,1.3949385259576492,0.5416221318727161,4.848444127665236,1.2571567850580727,0.21584427314628674,2.0553116917853345,-0.3551997084851566,3.4034366290290494,3.542812968309212,2.9767357702528305,0.20086455699083905,1.0616756179312807,-3.7313021239993716,3.054446146879764,0.920462406295353,-1.8253769559094746,1.8347678896313,1.337267614194335,0.3998179870360288,2.027603664027191,0.20660343682315974,-0.4669586589048764,1.2407668493105435,4.9040304271113655,0.9953323201559439,0.12753463400174514,-0.19389838837949336,4.704515393608276,0.8241437849120625,2.1359671505074074,0.8460383961082749,-0.05911452430063879,2.1876295436327324,0.8694263172373624
53,2.4348687933851254,1.680788273940716,2.2561112324838586,1.0606854732892994,0.8846836058209,5.319030861827783,0.5888731560633863,-0.8550986327142773,3.073542324751797,1.8613146673611358,3.1684743894866623,1.292722335123505,2.654351257107793,0.68371661693798,2.468024517460388,0.022116486291873683,3.7011779100013964,0.1900747354565384,0.7222410600018727,1.0969764658418883,0.3257661736682129,2.123672716323086,0.8569634277131462,1.2071838542956435,0.2391610717858128,2.6376827540422987,0.07104494488535362,1.1869697659574947,1.4371590691105904,2.416446979364349,0.5436457174259106,0.6223458738060723,1.0422931398972355,2.184317592750141,5.106456158854292,-0.2311135274702223,1.5926097754654864,1.7335479750611245,2.3542099991791336,2.937553214960899,0.48741524644226675,0.07854753282005245,1.1057908585435676,3.2069098736515267,-0.413753857703133,2.8025457797532836,0.7001028581426942,1.9335405574165478,3.115521108668504,-0.8697691265024567,0.8408124331210476,1.2579887911856087,1.0469104863388714,0.5681352605937905,1.817204020402516,1.6153785161768415,0.5654892371723297,1.3916573814196243,0.11352506744684865,5.150257457290264,1.2965559475481854,0.01679112221063761,2.210825210435919,-0.1612026369950028,2.7415739837589514,3.0417266564307655,1.8698623722464258,0.0793310424272834,1.8080254982310067,-3.0647093807218084,3.4754436897151577,1.0387362450275668,0.04662613776717084,1.166671299251863,2.0282450845665116,-0.36274880354345607,2.7415613777950396,0.26203482708558656,-0.2575823866827176,0.7495290957356697,2.8077846941003246,0.6278378911972018,0.3934828884562538,-0.8314015266152466,3.9129138405797215,0.7225927583208949,1.7546883682147971,0.8912033051975163,-0.7371565797979222,3.1739386671784557,0.44438830199200297
54,3.008378418179495,1.5834782764246724,1.6189484522719142,0.5975991199754263,0.8052606168097558,5.101405435535457,0.9651403709249209,-0.723247188716956,2.8251891599727683,1.0954080859641917,3.7304948195106835,1.0763620314307918,2.955355932114999,1.1393351468457753,2.070515498048276,0.8194777183725772,3.9976081794104585,0.5127570555795807,0.8455109492108296,0.9253567139555039,0.23598289536028005,1.7690648395272248,0.9566712731660325,1.4161544860997828,0.08591359114137964,1.717925385999947,0.7621252468862463,0.7905859488309184,2.3645109995282585,2.6965785386113423,0.6163244161113027,0.7092517225676307,0.7498195568875804,1.9242161364602586,6.63164908559052,-1.3005121326644369,1.5699713221379858,1.8867829123585098,2.8104090825171237,2.7323782041499856,-1.5967564168965986,-0.0631365622944835,0.9291948015468039,3.3290761070408608,-1.2693430121670877,2.908956584269587,1.0510884458859682,1.1650998419283995,4.25618599894392,-1.2472863702176538,0.8846286688356026,2.504967044103767,1.035356378605137,0.9498135951010616,1.1687204001341098,1.9664311399080094,-0.007904718806039268,1.4098962319008326,0.2547443139437533,5.1798107538162705,0.8707334782227945,0.20363074818363103,2.0226151154694842,-0.8661277483224206,3.3604258893820718,2.82867357239037,1.4990687046349542,0.08364229800766376,1.6768687329153078,-4.8918817237169385,2.926927195356604,0.7319255558387366,0.21098408072582497,0.510486111156851,2.378479952562965,-0.04184462947074863,3.0580402681809007,0.5806161658343618,-0.2958715524148716,2.3093812667571267,4.1217929828134885,0.687649817985025,0.1481370265289761,0.1226975844246545,3.9468330287483218,0.26938779854372763,1.6955458743899539,0.647918191668952,-0.011234678652942809,2.8392687154924197,0.48406065294500067
55,1.3570943296684688,1.5696024755506457,1.863785841440405,0.39238379236043164,0.8081869753475388,4.867168673381292,0.046361308509359045,-0.978917349773194,2.709533533972401,0.4523929890770424,3.8917634444323963,1.2798917792742348,3.8782662630715823,0.8785867980264654,1.9770853988313166,0.3404700307499757,3.622771577730626,0.2792834481391435,0.5123561642044553,1.2836993012132876,0.46177207600437464,2.294134788490564,1.6042398489100709,0.9039448986372398,0.2190988717083484,2.4603848059904827,0.6936903059053119,1.252885098568501,2.4834545310391856,2.291503515183375,0.04454717123509466,0.3873871793710928,0.9797441174727632,2.478895033866446,5.5078777519586,-1.543271092015589,1.8737006194140164,1.648751343141401,2.930946415473362,2.945583529553205,-0.6317557629769448,0.3092537478763213,1.1002788354654234,2.6540747876829625,-1.0093544052535155,3.348072595258005,1.4153584282988183,1.1993082915948199,4.48192212057004,-1.1080714574469797,0.8422149409043328,1.7641120836878832,1.0418537513908708,0.8447758310233004,1.6372901691289328,0.5405528760933422,0.3445140583689421,1.554795183323998,0.5300658010699388,5.2052173899465,1.3657058812850273,0.653419767466991,2.691033654089519,-0.36261420274116407,3.2251962457153556,3.1988891714085774,2.2186894473006857,-0.2828686592619931,1.8584504436269407,-3.9443859693722123,2.871582041730824,0.9294878438125918,-0.8535548405302715,1.5434786617827134,1.4885112838526418,0.4356506941457241,1.953621085601514,0.7089535906886604,-0.6358958037471507,1.0466425200192768,4.142626069884549,0.7862093476767316,-0.03594924621466,-0.45892378739205353,3.997169667287529,0.6422744271508216,1.7658954275652015,0.8490949461466457,-0.4833481482575752,2.795967437012165,0.35691860752741
56,2.4953861122979335,0.8251786442407782,2.650775589878806,0.12003717739290254,0.9270579982882872,4.293848488365161,0.1251753105582023,-0.6288962727121907,2.675770292433823,1.5650857508395482,2.7911055871095107,0.8474644645387972,3.365431013924268,1.5682969346685303,1.888620233013065,0.5545478214962966,4.341533884335245,0.30631370478841435,0.8038876543686595,1.2329194345496308,0.3570070148150455,2.572435345314909,1.3058248322150021,1.269673631369775,0.19994387302242855,2.722112277107256,0.5008170806406067,0.9912836433876202,1.8729024948031943,1.2546994756957197,0.29154095052039464,0.429792029856243,1.5136580504531814,2.2595825297756584,7.527449860728353,-0.2354195318247183,1.6742870193039143,1.6646806243310401,1.6687937526744892,2.8299638904936253,-0.6450136478051338,0.2411739080217803,2.6294032232496907,3.083070452612535,-0.7150078501947001,2.490995945476417,0.5259578665186067,2.221690661767849,3.2317206465461297,-1.9347907359220131,0.7481115865737098,1.5188494985342254,1.1637282680074081,1.3356809207948863,1.7788668058258763,1.3983767968952434,0.36758339147330166,1.1562417629371207,0.44579304219290306,5.397535585909559,0.9434482662710347,0.5314102468204704,2.6399939204847636,-0.061780965157344436,3.7125446772798485,3.7518193019987356,2.5952671110854895,0.6179772194383393,1.0052405851969004,-2.415394139773853,2.4097663833267875,1.1307194533170044,-0.3716330899737126,1.251816556957999,2.324258542930046,0.09945288168297717,2.1633399286067316,0.4075382291265124,-0.6667549026236719,1.490678007604279,2.773808599620331,0.7265762011123091,0.18141078818269984,-0.35609260172461743,2.487636022572575,0.5011446211918027,2.4779148361141665,0.6809033354969605,-0.8249042615119011,2.6601500501017097,0.23747161279574502
57,1.3177917188391497,1.4966411948832166,1.4083851027968683,0.8232519517934123,0.9387845384736941,5.302121132086172,0.12283385961256776,-0.599545635608675,2.865037301954536,1.4737966604689652,3.195085614506123,1.3064428651868782,2.5895238800620177,1.2844708554497042,2.1503046955991163,0.47944510884986224,3.7798559172357775,-0.005538861632513936,0.5561332867989757,1.5638554370008984,0.16877734326740335,1.8875411161627933,0.9465132016546911,1.0894276295169163,0.19125304083991157,2.953170302207246,0.9053043781839114,2.040052105770327,1.7948831430944807,2.707159078535369,0.6548228599295594,0.014584903482600886,1.08159874297142,2.7029605507852055,5.911587761901433,-0.5401665468344929,1.6910654849335014,1.1753025456661115,2.375645871338874,3.0942336082001356,0.901977677730506,0.3216225112802529,1.6304382929993713,3.0757588197596957,-0.6941724533511288,2.6639924020149968,0.8591619341870524,0.9263986682005751,3.950507813594508,-0.5744599732792557,1.0394391539113397,1.4664044218131853,1.1282446717607935,0.5454979902583652,1.7188170769967703,0.4644352129419642,-0.4564048837474053,1.3350492433106707,0.4106434778137582,5.48157417092915,1.3647642542844367,-0.35520312261305875,2.312836516932925,-0.37850433569157005,3.1149726189245754,3.5140182017795727,2.655384388869633,0.6664126301570346,1.8961315299023733,-3.5056942939193503,2.3035962969315116,0.6674496352239256,-0.19410375390173362,1.1107920867765895,2.1244701302501054,-0.7601370818517004,2.2682743117911435,0.4091873770847827,-0.8395419393911345,1.0015148112499968,3.645390503819056,1.0259636059267585,0.5924115556448186,-0.04209308969268388,4.231966102093152,0.29084878273922365,1.4487695620131718,0.7680515331831506,-0.4687817214665382,2.6125226574030873,0.5652079049645806
58,2.4128010768741737,0.845555358215762,1.1176372543078372,0.42134117828405127,0.7438039548254309,4.196676948412812,0.4413607771737511,-0.984908482901921,2.3239529365008127,0.6600181674513513,3.659480068803628,1.1029094576862426,2.904040069577231,0.735541914603705,1.50054980711099,-0.3670460855157076,3.9881850073520084,0.41218988119912536,0.864566251452719,1.5255391075888167,0.4560974919420415,2.024349829956895,1.6547904057680025,1.1244303414787589,0.34336372715718744,3.1332065271686385,0.30666381586994973,1.615324820343548,2.01109500844146,2.271455466092239,0.5449952271702159,1.0178862877189152,0.7815802340707036,2.69822753729311,6.888354710084586,-1.250639132363328,1.7831670733772251,1.913332014780681,2.2100373395881214,2.64819337191837,0.2815209301315025,0.26509991997658133,1.4202840206090048,2.630864030901657,-0.491961296893092,3.5756662516609303,1.3136848641664944,1.052350766725667,3.8822358842009326,-1.1292675036602815,0.8914249624360923,1.2971391279488893,1.397351546495593,0.8265834673171746,1.9446229091210356,1.9557848814489218,0.16974273950777863,1.288923394279009,0.37508877981385846,5.226477843699248,1.2703669276539329,-0.17242334624596456,2.2451329024478923,-0.39216800000257823,3.582041171547007,2.869418498828705,2.442077232319778,0.8375073548238401,1.4731795287293328,-3.0084607960186425,2.286685094939419,1.2674194812264905,-0.6973532212027433,0.5148526170186485,2.2331646711192077,-0.033944865655719525,2.6208626309578245,0.692679877504417,-0.5617908069708555,0.896896428249742,5.6723781630869885,0.9683317916801024,0.6294693937210749,-0.3564692503901967,4.063696789060806,1.04725340954779,1.9396902611223314,0.7191634345872333,-0.03525993947239947,2.726249305401885,0.8493536061121549
59,2.293535699886169,0.9399714977974849,2.399032781576886,0.4095747937318963,1.0961211108715219,4.427283679565866,0.6161132221029242,-0.615688822940631,2.557675590048471,1.6411363469264022,3.6023764657790665,0.9576826569969439,2.8154972118041095,1.2426845961301058,2.709403567446217,-0.1638874979049023,4.396499959720919,-0.043447866812507785,0.8493971224562211,1.1148388666702265,0.4293976012210634,2.0864556343116174,1.2840903412756983,1.0104735845298825,-0.19908892091285102,2.3869556344630314,0.7268579734499543,1.3579684735325661,1.889821843989072,2.7680814111630845,0.5289371315137847,0.3070012870386507,1.2815456006850852,2.2722005563361063,4.827398048053226,-1.0117753603146147,1.7211278923779745,2.1738454285596993,2.2897042348671683,2.846644781316716,-1.1098759522188102,0.35873914353528846,1.4601326901837628,3.3817924193229065,-0.8095742051576329,3.559996751113956,1.020827720469296,1.0720048374042408,3.6648265768847414,-1.457495048222335,1.0739811499450642,1.7584896379802373,1.2662080843834194,1.017337142917162,1.833738329792728,1.3401308679477055,0.7390349962143112,1.1912930425119637,0.48395528040565505,4.433588490455817,1.4692040987664183,0.34965391016748804,2.1526156726978574,-0.805889362639646,3.6049962955559147,3.0793437632954683,2.3909017611730277,0.9536248772311366,1.2061245255498898,-3.225743438223643,3.568384244273277,0.7894191268237862,-0.7367275616549454,0.4604873536139067,2.3685022665779414,0.1659857257983517,2.194960671026941,-0.0942628133447112,-1.0532040692068696,1.090513788875223,1.9733166814499639,0.8604056675994363,0.5162254829078241,-0.5718083813328536,3.167037509290907,0.5816859352560528,2.2011954269547083,0.6534157175521316,-0.5222150044857523,2.4680739950993162,0.6001317229407919
60,1.412251660990182,1.428634260339218,2.8112552921279126,0.05619924511940466,0.8335462189698752,3.957713552571726,0.6690657372001854,-0.8541860930599872,2.653583505533265,1.4124083956499205,3.0932612011133958,1.6540954450397996,3.2241778121276123,-0.08524864634573337,1.5177499640319354,-0.6002530079695914,3.551094323924808,0.059594794334023815,0.7314575037495343,1.157840472689645,0.2121602673468015,2.043094116726551,1.3601324574847353,1.2635357842630845,0.2298334191513679,2.1946652134582965,0.8201752837491529,2.230901259720349,1.5104874461484772,2.7693048765737855,0.5227459718219677,0.5784639255894719,1.340772954096043,2.5217100224676314,3.253033067027855,-0.8588978730101084,1.4889435738165335,1.4335364663418118,2.5230737454253287,3.0197419001046275,0.02083947635879957,0.6213160464836811,1.0620180530332264,2.760184556851754,-1.3278730024401995,2.9213995939758632,0.7220169418245597,1.0502556568769554,4.289399394545855,-1.2437572310842904,1.0062567908209838,0.7657556191331745,1.014474866450691,0.8333842468111714,1.9331198453575846,1.31482590926271,0.4551584287603656,1.760021806387056,0.614184121208692,5.931167010088811,1.190684340473427,0.12391908214323144,2.190351395803333,-1.1342445077373275,3.121425252994302,3.6273067260808634,1.4803416787940735,0.7529063987095295,1.7631194579231662,-3.996683273888047,1.9402988338089195,0.7477489433004854,-0.2843008064093162,0.8189476804780955,2.468905603568561,-0.026494770173993043,3.1017705846868733,-0.0254957231430466,-0.951045216747043,1.0521536270879297,4.418695670830214,1.205759267487521,0.6053908734128688,-0.18867577898772714,3.5339652292373174,0.3577002072780291,2.4479906289369486,0.6779208149960381,-0.9833747447082374,2.924786104143716,1.0918708412712306
61,1.7800643635471742,1.6090605952634074,1.5018743210302674,0.48291944959951216,1.1507635230934543,4.799937498396316,0.7389585678155717,-0.423036276641114,2.6266688482645835,1.5293210163057624,3.5484518111697705,0.8222025740633828,2.478518988268506,0.4320542519795859,2.298806874196976,0.12297288914913063,3.9106912853069797,0.20046112012354622,0.4903962824279047,1.8782737361108701,0.3020160549021871,1.844340866492647,0.821946397985426,1.0857507221091094,0.22926513096775025,1.9557760593810458,0.5993281030416249,0.9692140199746464,1.4157434840657128,2.646834295148936,0.3086896516912295,-0.018607990931741814,1.3784774034515301,2.0849249685795086,3.498992516137811,-0.8359547100547933,1.5578068844190511,1.9819967995803243,2.0967200284170233,2.6946184589037263,0.33321622435482645,0.2165282707632752,1.3859098420595997,3.2951907611288846,-0.041313350411177785,3.474208389202127,0.8463702376348938,0.9984006642700307,3.4807893659457787,-1.896791667900049,0.6843684397128873,1.6777502831361681,1.0501850808135753,0.7352553655705114,1.3822395763175845,1.061429322703983,0.1818436086826163,0.7160616114696572,0.7214994751937611,5.0371343083730995,1.3146616937978814,0.26424688006840014,2.326376406107033,-0.08984475746795084,3.808878581883283,2.428105551265277,2.6498964664081672,0.5584850638892025,1.0334323008074042,-3.16390341941341,3.1411591791361726,0.27346699897403404,-0.37284431458058176,0.6072612915399779,2.2164818962681685,0.0555976236607032,2.31416431197602,0.2839679687056804,-1.2519370926523785,1.298197947541675,2.89600871009591,0.6438141204533836,-0.1383715946159788,-0.3882662422568759,3.7094099230000115,0.5244124167530109,1.6682998875781163,0.6761902039286358,-0.6069876143252775,2.878381168563511,0.8196050238119454
62,0.9134451063040014,1.092366271936145,2.466696273840972,0.2776539683417165,1.0542003154183188,5.475328424362696,0.5043983743550915,-0.6707870957770941,2.3634321978914734,0.7667436259002609,3.6335223853336505,1.199276812057511,2.838926329796608,0.674531454753093,2.1595712981216515,0.7567033664048131,4.495871598368961,0.31626223546443777,0.7810542388726713,1.1735374817637476,0.26916418929822994,2.1565153046640777,0.832259634852158,0.865259955569592,0.3600649510090208,2.5959541328482234,0.5835625256980892,1.1645839098939899,1.703081658747701,2.726277129364263,-0.2076068117268619,1.1834763707051446,1.1059875145137594,1.6345716214434034,3.7597040043654273,-0.8644591628535502,1.9015890410854466,1.7696884422208092,2.5896027691860244,3.205824053507898,-0.4025244410152391,0.33462959691225125,2.1148379006884963,3.047915535254962,-0.19490139732012735,2.9826667704965963,0.9301705176066952,0.9571336779310404,3.8313874259596687,-0.7746047162487686,0.7127082512564229,1.7486360502173999,1.1179309080348667,0.9173389224524018,1.8153743203299921,1.989945298639555,-0.009153422639665676,1.2809520802371375,0.7434663052153578,6.047950568921012,1.1028365607023014,-0.2596493360359706,2.3979686305337258,-0.09564272878056101,2.92049139881225,3.6022316150819105,1.4418083664846082,0.343303160214795,1.5178185229136778,-1.901067349716325,3.0154654160722565,0.4866063580821567,-1.5121185851057728,1.2810833988821235,2.340085978895223,0.08910123389326952,1.6939366465201842,0.5401976600171374,-0.4625043225335873,1.5688420862839354,4.911762927681581,0.7834070085151286,0.8801677581296017,-0.04694786051341071,3.104037851614565,0.3363926281413556,2.5200879542850023,0.6593172304996944,-0.03624319012804178,2.9024300201660966,0.9355047707816517
63,1.5504766087558028,0.9363729735557906,2.637871271953108,0.11220477998859568,0.8215103205203,4.978727214950089,0.22159732190695958,-0.8319812886371398,2.186543475306315,1.2278221413127817,3.0064096541382406,1.1790527836379585,2.807977037601965,0.6983151013092437,2.1045569420838754,0.33090580791633695,3.922387270572868,0.48858818707774887,0.759618461254295,1.1881913305348881,0.1982632027119302,2.3010006139797583,1.236117860003342,1.0889129356414338,0.269582128325052,2.522105066184327,0.5386543446802827,1.8559528091815634,1.9652777066124045,2.315948980189897,0.11130194732662124,0.4807568798973654,1.238615588165124,2.3424044642500084,7.5268110122294125,-1.4429926088001808,1.6655345390171752,1.7198903637111786,2.5877783491713964,3.037241531026585,-1.7952228902296035,0.4880261213634207,2.0179016206751133,3.338355782736771,-0.8390118416268262,2.5418458032798044,0.8234619030402619,0.3661684102935385,3.811279865730746,-1.120515515404311,0.9552391207593836,1.6075256017665658,0.8968704115875223,1.154467034986944,1.7018830547541262,2.35900877929724,0.49089486096047996,1.4030096395460563,-0.05429775331294451,5.483970512479443,1.2006214782211106,0.2900737338723819,2.2462802482998168,-0.35197547661353834,3.2670784957993293,2.747912689798561,2.0356514636596037,0.7174855173939224,0.7224929916778623,-2.1542892534640017,3.5876900022054645,1.153275728347643,-0.6265090420401571,0.7090855064907116,2.08302841103298,-0.1333335954887307,1.8469611159137092,0.5992844499760934,-0.763227268334441,1.474761523834252,3.967563743230745,1.1289315234963424,0.39474672278338774,0.06925436517795691,2.8260307034010785,0.6710270685049462,2.190627138856078,0.7692168817585108,-0.06326132365693515,2.0722587860099937,0.8310500241230159
64,1.284772800457219,1.690446126313244,1.9661321373846339,0.509473570291326,1.0092489293345022,5.046816572221506,-0.05158434281129698,-0.09060841513739426,2.5773933035998127,1.261492110512389,3.1981413821667672,0.5657761273731976,2.886677500911988,0.542956091154844,1.4424919585365945,0.6764135723369527,3.9285072341359184,0.22019982676816785,0.6211634256345571,1.1307561753880053,0.25201895885500747,1.7759606742286653,0.83443517887547,1.01800425751785,0.21261795008363138,2.5669652101465372,0.385236978037804,0.7982846391275467,1.4353807018043523,2.4742343825336452,0.5515085753196269,1.034203039164437,1.299410869156747,2.3792417171305678,3.1971436053624385,-1.3235125397650156,1.7108429370716756,1.4798265501548122,1.9807938872936615,2.70994109081923,-0.8891558619208406,0.33222385959084555,1.4013770801321028,2.57729421231529,-0.3885219396477484,3.242441747367913,0.4271262989969824,0.8485241872183824,3.9937073120602293,-0.8170683315803944,0.7063894812647487,1.1865432051496732,0.7698136505256166,0.9018282367766903,1.7357730638718332,2.3171708391050307,0.6317912987002905,1.1952067551523797,0.5300551279683674,5.308271304852777,1.1459035567467493,0.23121944444554476,2.293391762195787,-0.36179956495495524,3.419667728756627,3.212206539105016,2.7580877045288394,0.4404038513996157,1.2494932621935466,-3.3823309492885585,2.976720565972906,0.9868311490827102,-1.329582106726202,0.9499496995996881,2.356778586397052,-0.20610977963088528,1.7678040276024332,0.8898041709834552,-0.3869864403265372,1.0623045351991647,3.4243998885945115,0.536749380712334,0.5573754547374257,-0.35895954429335775,3.3532266192176285,0.609520359645201,2.0644809000193094,0.7633359366320691,-0.2830527771226381,2.7184583782162193,0.4898549293746992
65,2.9846061149638583,1.2650561505472657,1.4485963555830201,0.9592920036020267,0.9706043290152824,4.535156095683802,0.6618861183481437,-0.8038992691650311,2.8511723356797525,1.0181495241231147,3.0584690623201936,0.7963779782013118,2.9494463369224553,1.0407502049223971,2.1442640247951443,1.2468468647427509,3.7668094499293265,-0.09649878467856432,1.1009741669552682,1.3293581809653086,0.5929833488590748,1.671555449477188,1.3569184785355295,1.065203122706408,0.16044192914776811,2.4190064918786263,0.7392157507142603,1.567244460960989,1.4227738494493183,2.747123102509836,0.15724824126174108,-0.25150052201455564,1.3313459426632888,2.331717833393058,7.551573067920824,-0.8464035027548957,2.010633991227974,1.574936627271672,1.8723017633680648,3.0440129856938833,-0.751303341023501,0.4741627900033629,1.7588292959700589,2.513166352182072,-0.3909820722023969,2.957847803959698,0.6906934818613193,1.8004428676380657,3.945126145029229,-0.4402009385668111,0.7925781514640591,1.65433244854562,1.1163485993039393,1.0577674199020535,1.51500220177874,1.9229576751307618,0.4322276714672588,1.035584539059244,0.5542313289780032,5.571485727098679,1.2105624355381155,0.04886499928081589,2.033702221916843,-0.4752612188516565,3.768732533481625,3.7829737000342463,2.3738436738003386,0.28375146670861007,1.608760802015787,-4.230271777893492,2.8344438680397595,0.6832550044810777,-0.10328568893758439,2.1657939492144136,2.1712980696782593,-0.04716676896768601,2.3426712621734853,0.5545741754311362,-1.233943064712197,1.2483717092526607,5.140637100848702,0.4184038415843965,0.22828171037690081,-0.3281596421824273,3.1831760664476834,0.4989190477177474,2.3533639338966936,0.7007859802268757,-0.10459776420729572,1.9002863038104458,0.6601116439741155
66,2.7789593768055205,1.2963399934408737,2.0782569977502696,0.18355706074402178,0.5647958768855723,4.607863627963217,0.3203291180003729,-0.8139989939075964,2.2286452032302226,1.498896796178454,3.05816099126486,1.078400934885195,3.5285828746534,0.37113606893410034,2.2739542621660043,-0.19605608955970433,4.110513099764695,0.22751100980343753,0.6491257550648513,0.636005829541034,0.510221247336144,1.972318657905655,0.9857920968355821,0.7470345377687402,0.3225694028445496,2.8444041208674937,0.5306085230824489,0.7840071617547197,1.471481444539858,1.8907474489301048,0.3624432181610764,0.4930352889741345,1.2940815006917585,2.978448449041562,5.754360998767105,-0.5275253030531171,1.7473492829209134,2.1689950219274285,2.2923415814633206,3.195279608326512,-0.5401119302598429,0.3640548705240465,1.9823370641077374,2.7775239559621667,-0.26643534018600823,3.5754595108006484,0.9269251844501818,0.7333723723382635,3.7464643847544266,-1.0067033517785253,0.8938197757724268,1.3869474216570874,0.6436484705348182,0.5080336819022195,1.5195164575562745,1.548065017870767,0.4905299628565498,1.29399519452818,0.2135659963677603,6.334605109595229,1.1206862409896685,-0.03138450106421542,2.5828563853324438,-0.690275701091025,3.31412105435862,3.09799556013524,2.3982906041058554,0.8993811236028476,0.8115910530702828,-2.875096163472592,2.0632664713222253,0.9141581093137858,-1.0110280404133247,1.072017883387785,2.6310511739953704,0.4863149896605128,2.2605397108799874,0.3606933141183237,-0.8393810687430733,1.575349861384817,3.9224139574086165,1.1870759528113708,0.4864249442514612,-0.1317165519941632,3.3468927481192186,0.272269806770602,2.079820118971594,0.6018285897476598,0.2853317483075073,2.1728991759371667,1.2167416869707228
67,2.4034251470468586,1.4111196890783118,3.2914300109962453,0.34621822568080285,0.8672533354995497,4.342227997644894,0.6729173728667855,-0.5391413845301405,2.42418553733551,1.4963967477149416,3.170954949020474,0.5877156758503461,3.259775796895518,1.0825270544720513,2.225153260974572,-0.44673026228514834,3.3857697703552883,0.06503232522651436,1.0785662689326,1.3205061145942085,0.3761669998764403,1.70353089632775,0.8428427501986608,1.1643222315008714,0.08282873932618506,1.5008029839354982,0.6587456029578238,1.864275489144129,2.0710616584533312,2.125867920632267,0.7293902546561579,0.860518563514779,1.2686913901616825,3.027864827059765,4.08231219837362,-0.5151627827931958,1.8384305219297872,1.7743362693822682,2.3801543890826955,3.0876849410332134,-0.6809567374740797,0.4199771419332228,2.3116059901979407,2.2999370902723113,-0.8320574346217661,3.5114544160878154,1.1377716528373505,1.4776966725083216,3.7235915887473,-0.5692097748655441,0.8067242050453447,1.604229338928988,1.1309882725944014,1.187350342927961,1.346162916860846,1.1292330385712641,-0.012362372898941043,1.1281528308724595,0.7656506677896311,5.96762266581855,1.4963561992242769,-0.14642721657491475,1.836519771918487,-0.1966328832892632,3.0742691400703173,3.4628719442716154,1.9796124467926068,1.2184364522575377,1.0020985715166288,-0.6318156001429772,2.6552628180247515,0.5729726053780811,-0.20879080387044446,0.39636999504844783,2.0872371946316326,-0.14819405234590377,2.055940826803917,0.06149471726830802,-1.1385244124630773,2.1121405561600985,6.187483533276286,1.0934139425463878,0.7554574864925572,-0.40316392540070667,3.9929273094287243,0.5328566325914392,2.3844458186816215,0.5554731349023012,-0.07900803000055956,3.209336759036991,0.27457471029740077
68,1.410046178179388,1.6948750403124646,2.9649677884788055,0.7015079389750216,0.8081443392594032,4.109636606897473,0.5499718025138598,-0.4398674676386882,1.9792632927644827,2.3130934719220453,3.9210748308901344,0.9866040285473664,2.906337820276595,1.0596199206364116,2.1048079944882545,-0.1670650597150738,4.597590261835026,0.24927295249914794,0.9574684169295969,1.84550254520169,0.47874157208877666,2.107531636098164,1.4042104970928742,1.2549150808705216,0.33155476126866756,2.43631538181936,0.7192054656453091,1.2690369482667585,2.924487492963252,2.611974615955226,0.6443688714572993,1.0552343008040737,0.8439330076196101,1.8858910933436628,4.878322657300643,-1.5590991934271514,1.7646866361811888,1.8807204037878047,1.9101588564947733,3.094380145611745,-0.03540621232362584,0.5354165511118616,1.3842191562148214,2.8703290583891388,-0.7420182766430324,3.609797547522498,0.972328550206538,1.4967627020795178,3.6446650659776836,-1.340514420229304,0.7352214157240353,2.0548399682109797,1.3337059477541786,1.2383555407321665,1.6866052410087278,1.346412706975428,0.5027157959017561,1.2860912669270592,0.17190019891674657,5.729106805362753,1.6229595480061105,0.26027891431976125,2.4624350933279495,-0.32454321433071387,3.339914436199174,3.184851768666993,2.49802737774268,1.1420332662873725,1.288669024866076,-3.361215461937094,3.3053671461204717,1.2523934391930223,-1.5216805121454247,1.2465438051554623,2.1857771286281475,0.23765035294915027,2.3211848207846018,0.3005965978071341,-0.5443588872919443,1.4190551534870333,4.676476720441293,1.1084046764951738,0.2980487159388546,-0.2841217340742843,4.2301856900806065,0.7839270467525106,2.088558350624237,0.7487740523986003,-0.7880933369820294,2.4081590248876976,0.41695210898938484
69,1.484554204190771,1.2617549804923751,1.7720118192903256,0.6052864361538166,0.4594702732375211,4.564856039936771,0.1551954595032199,-0.36619738744566765,2.1055963679274106,1.6719593794767325,3.9480153274530814,0.8454594844114399,3.2684608011642338,1.0107738123467376,1.54400499999273,0.49792541456519634,4.238829910865569,0.18659407480628065,0.8442587784405629,0.9561144574106724,0.3612296845800014,2.3561510133698187,1.312994127527764,1.1057445165260233,0.15653302963491378,2.071247291981127,0.48574528953915586,1.8281890772769693,1.5527893179547734,2.252944514863743,0.18591953242740855,1.1618612897601324,1.7804863664638133,1.908924607182902,7.363019448225797,-1.5140032978732574,1.570317358113298,2.3014953005911547,1.6827406844340402,2.6792109208360433,-0.03349056551835439,0.2851686556667281,1.4976540350106013,2.6840611909673706,-0.5585128017271432,2.6649809844565437,0.9777950553304824,1.518515112624298,4.307691647300719,-1.5229454336161938,0.9935244778102099,1.661136308511039,1.1929740239992772,0.7001123784999131,1.7228207616247881,1.8236352287363977,0.05261394857635593,1.301413478167739,0.2424577664381964,5.022414096023218,1.2693695139762304,0.30212022495655355,2.2766089987406426,-0.6526094183557207,3.069138703709913,2.439772022662182,2.9943931173209806,0.4563234417202624,1.2911252878357984,-1.950896059156622,2.920630671111499,1.270533510563167,-1.3066581154774832,0.9212613401944816,1.5831223633322933,-0.38600519158647195,2.215087577289993,0.22082777111539809,-0.4251857080644875,1.7266431186320803,6.026392250678348,0.8822023702314352,0.46203239888672976,-0.3560191993231183,2.8798954248054396,0.3141617402646736,2.050841866048275,0.551227554134863,-0.15683680640906372,3.222749328332052,0.2600658570397343
70,1.793803673661607,0.9422740794941804,3.940705115776968,0.7372373513293324,1.1409586003517092,4.415576625005546,0.7051711641339322,-0.675786573559435,3.1433933118865034,1.5203723707749528,3.637466558389785,0.861635647741402,3.4355064672400926,0.5144507262199032,1.505905436651739,0.012878062643462473,4.080523825179585,0.0666207279995692,1.4685640042159642,1.0555965564852663,0.4586412928891641,2.285949652157814,1.1149921175736588,1.0981221115387556,0.06398526730121756,2.6891397385543874,0.9332793183584096,1.1798070280423456,2.5641795247262356,2.524132488491066,0.4125607412603618,0.4161001881422066,1.0561131138943665,2.5111564225784218,3.2824272914582324,-1.3688540956928366,2.02617315737922,1.337720315442581,2.2816463988239497,3.3216655313659897,-1.6608872093916554,0.1911061483736578,1.2770623367819622,2.503490653732962,-0.1949243850447493,3.582529833353221,1.3377001788076825,1.4813161591531736,3.7918968643777817,-1.439615300166704,0.9806469531589685,1.5483985011282586,1.333516489659973,0.5688531887823076,1.5581792186297259,1.4984857812686696,-0.28673857204817055,1.0749144548627139,0.5362390449609,5.182278117827396,0.9557105292070474,0.41440741117748014,2.584432164922797,-0.7910149096677124,3.5394781723663145,2.6340307420457063,2.304870697884781,0.3729630182008309,1.468268262631845,-3.891363323879797,2.8309347916022523,0.8924607837190359,-0.2301495985687918,1.4691126698562067,1.7555833491511632,0.47869074175086634,2.4781027997981333,0.3713157725731385,-0.5842783211576772,0.49252272258954655,5.4824394703655885,0.928472609552986,0.08486788803173195,-0.19503415269516755,3.085659890337586,1.0213310265583946,1.8736146649541865,0.846855657743721,-0.6593601478872462,2.792850109689647,0.4210673646994323
71,2.1617165768387645,1.58795220044769,2.5326350348392648,0.6058527293574567,0.8118596592962746,4.396735683939566,0.5588044861920547,-0.7231841324370789,2.5203060340622896,1.5162385071815923,3.5493987758511008,1.2107627957769556,2.7454089367341887,1.0272444430668357,1.453563039337853,-0.3632310458620278,3.9828762559599897,0.35150776766044145,0.7606495683898098,1.2636325885421473,0.5472854688571411,1.800814790886128,1.291631812754416,1.5451297550255088,-0.0326321338570863,1.7220867047487514,0.46011337528954677,1.5204042189333187,1.7432149424661656,2.62266508166262,0.38443411294097385,0.495389073601181,1.0034438433521222,1.9003692480685044,5.2738338351209615,-1.4398263964874247,1.3193017055739888,1.6583037731358385,1.6923429897857436,3.2026332253911463,-0.8814225442087684,0.29705276072040654,0.5282773402479677,3.2602398904587124,-0.8782464972090094,3.522350377433538,0.898183380486949,1.1593632553147424,4.4093987954300955,-1.1074809762251665,0.9830312710064515,1.5574775613298317,1.2674167223780566,0.6637555333687686,1.8403136796230553,2.157584469574136,-0.11162986925763252,0.8761117229651227,0.3822523012804673,4.762811068211411,1.1302786225111767,0.11317054510953883,2.297664185517658,-0.36572386447484284,3.4064769310520897,2.4928180796985813,2.63999507748266,1.1737309441520545,1.267210281520026,-4.269575314550861,2.4518865304682453,1.4423396197443041,-0.21428464228832045,1.1656234765381028,2.462735223575763,-0.46829066941672326,2.274167582939455,0.4196361641154258,-0.3258404214525723,2.372175405814215,6.286630589047764,0.7751378877665385,0.09359178331549778,-0.46633773421335967,3.2235478461438154,0.4389465587803787,1.9246891155627115,0.9521954440410727,0.5427481288870288,2.6858247048428527,1.287050266918767
72,2.357823589778837,1.55378177231864,2.1692846680752114,0.3913299678110549,1.068675201301299,5.216228838878569,0.3687209301987462,-0.5801535141557936,2.724288746809303,2.001270928965112,2.2840124628909284,0.8670180937226766,3.6051715296540383,0.5024628001830483,1.3225975467856048,1.08638522665525,4.461488632978087,0.3228081889139218,0.798871799950418,1.0721936670398593,0.352388136766411,2.1092516631724276,1.2737915719619073,0.8506917372875288,0.07160394703210315,1.7563105648005035,0.3270386967072385,1.3328385264853673,0.9055089515753836,2.1943731670436386,0.48758306969480947,0.7125703427297805,1.234980653944169,1.4445212731090424,5.292203144022684,0.18491843312691136,1.5652989099633394,1.834811629670581,2.335989816345086,2.759810547836391,-1.4684783116806597,0.17616516980274932,1.3211981136050372,2.5866425125846666,0.005679479320761294,3.4144473596856217,1.077908127109618,1.3855877514756731,3.5609476895699235,-1.491760981643943,1.0120345979398342,1.1134892968948,1.4035638393620284,0.8789307133439985,2.027362479755679,1.0981504606742205,0.44935162644389637,1.1810465984101515,0.2173436890670608,4.382371117485073,0.843387957793563,0.1660502902521067,2.8455207460909544,-0.7390578628320679,3.1406717517140246,2.9687071472985602,1.1896617411317316,0.48418267794628866,0.9523328985706612,-2.897291637806711,3.0909199092237323,0.36546498986022113,-0.7604724916220942,1.4586742460226567,1.3829502248385686,0.23292609664009367,2.255463604691374,0.21672635563719034,-0.3711599126902305,1.019401637891999,4.613594153086026,0.7007586657529012,0.0047133886130263924,0.08428181551464675,2.9144152021726506,0.0948372357167433,1.7045187080410669,0.8081474876061823,-0.5261703909182666,2.037366942412887,0.5701676474156443
73,3.0711701505266404,1.566434686770785,2.7479975470897413,0.3073037722620531,0.77872099572728,5.447612824373254,0.5635213762233163,-0.8819615609381231,2.7816274713595956,1.6556673684044507,4.081689215812464,0.5017693635596299,3.549840582663724,1.028746809784423,1.546858592177836,1.087984877999348,3.4189505892516463,-0.0691770274809127,0.4648897963815045,1.3094448013624376,0.4295231112390212,2.1736953349476993,1.0737962270652273,0.9529050978986461,0.1731634310131449,2.168029433180749,0.13997486824373606,1.3982320352001585,1.6186333587033315,2.726750801187045,-0.15872920123384415,-0.09134589502050616,1.383678316714759,1.31722205721691,7.149912410713196,-0.31776491652047,1.606353679588148,1.766041702276015,1.8089526073362943,2.897814526033211,-1.4047848122055906,0.4212072465888905,2.0514789449222937,2.4797244311038025,-1.0634886433606434,2.7779906096664675,1.1902672498338376,1.7022246581979823,4.34828352147517,-1.4043146916722271,0.9418124210583043,1.9652029116901477,1.2656170018151673,0.6667872061520776,2.1531160530675986,1.9167880495701695,0.04050312510420251,0.9613226316589978,0.4977853574580178,4.93629430818879,1.039177760097194,-0.28896555356147324,2.4968872205895436,-0.21583747849104506,2.6029192795343064,3.480052688821816,2.7678204650946636,0.38601680947509887,1.7340532708235012,-4.0799015937205,2.3321623648803724,0.361520669630953,-0.8958050344867408,0.7742232029808376,2.2053217336573807,-0.0003923213484045007,2.124214398013615,0.3382781585866652,-0.8508931885608293,1.960509165776176,2.3519008051838886,0.8437429013781816,0.16172588475836758,-0.14825052521488535,3.2830729715994043,0.5008871115305503,2.253151134141083,0.5594761441406613,-0.43958004068493983,2.8060759520890075,0.9338090941762038
74,1.2666149816911727,1.7879945004685247,2.398554720278081,1.007990768137339,1.207929895382339,5.070674062317889,0.3953589368219035,-0.4990694636262121,2.502867997331906,1.6852453524323674,3.3911752233799257,1.2201675905461287,3.4461997685273045,1.383788391822602,2.283501150819352,0.01767466111770233,3.8437712671487536,0.14541869835961108,0.9350430409729458,1.1791134181081224,0.23449221959080235,1.5909565156422958,1.0229236943073925,0.9348299836811705,0.18079781808559325,2.0576406401324867,0.551321781830068,1.605836410988899,1.3730900482021497,2.267142488796771,0.48522920061456876,0.6787303946928955,1.043087561589517,2.6501884592781244,7.985119166069007,-1.3415717891204324,1.7423758172734718,1.8900204238702072,1.7307706708049917,3.276711996688377,-0.16667110345326241,0.11111385298548182,1.15462202061107,2.212829583595169,-0.3669862179026785,3.138416446158458,1.270130025266647,1.0289153556166428,3.797496459606262,-0.09557393920971147,0.6671227030327405,1.3241064889164218,1.2256003801938569,0.7916091640098007,1.647612881162377,1.8685019005484165,0.41604088065575295,1.18572626310192,0.4285955330181419,5.64072719622102,0.8876070468952819,0.16113126601134553,1.9760358957478692,0.29609290671297517,3.0300442648924975,2.8426300776344484,1.9734902056391856,0.8063947115489034,1.1530941227316527,-2.4101895980005907,2.8662218332698246,0.9149236456225087,-1.6826549460958398,1.5915707301528967,2.0840828009121557,-0.20029578357407107,2.112977850667017,0.4992816394407975,-0.19318324211148707,1.4073220048188095,4.730701467403282,1.0680155156833793,0.19952977737436295,-0.24577036434422395,3.239292150368093,0.6857512646063669,2.0607737835297786,0.7856139225106382,-0.15705422500917154,3.190720402555935,1.03721691701758
75,0.6162314231435575,1.6068679715500593,0.8260541704166455,0.4653713588285622,1.0516974533499255,3.8735101364787585,0.8237004631552385,-0.7992054224756298,2.586982657530129,1.6930628473666538,3.1298543032570896,1.1363379308493786,3.048867728842729,0.16673997523717854,2.027731681546511,0.4858445252578223,4.426011275791228,0.26147451694485024,0.8972530749542129,1.2367381761267335,0.17823026730686697,1.9529828971406733,1.3868051609876777,1.2536472571515682,0.1692510707172239,3.0359658633769318,0.18269691050761327,1.6066480552527844,1.8185131521634617,2.1670792171414135,0.2676718573763688,0.5090735172244591,1.0972152178421148,2.284696301647419,5.805334892605181,-1.6446266690981617,1.3540460702734838,1.8600310239804374,1.510954628451537,3.2407518869730403,0.013153817220520114,0.07183339275558742,0.8506853150848244,2.7649708158114876,-0.11896513761280647,3.287723790954777,1.30384293991873,1.3450804542361003,4.275338537397719,-1.1994163320941453,0.6251890401506099,1.469489639786502,1.024146016379786,0.8334669335859446,1.726251892981504,2.0944150542840996,-0.03343315478145059,1.0717849323436126,0.07064045131915098,5.082362833592691,1.3032325561477842,0.5557641622535154,2.361125445617642,-0.3953625094719122,3.527409377610267,2.4160306794517914,2.9075376412244456,0.43683471826911147,1.2783964728069446,-2.2823231287791073,1.9984894648318705,0.7088640605437604,-2.3713635281366052,2.0690827927274995,2.04052454779324,-0.32498909989983815,2.3656100038019847,0.4593729806294937,-0.3294738749097048,1.2645737631516458,5.676014181413304,0.8055103444884177,0.7834319667450884,-0.903999267502372,3.2208787544100885,0.21245570112274592,1.7830472544281462,0.8954109954768563,-0.4553986492311056,1.9734364211954485,0.4597311130395596
76,0.7511639283829581,1.9051534978162294,2.6419831415933297,0.4336052041503442,0.902573562139378,4.453570751397839,0.1965784373988777,-0.6931686322271475,2.604811902246719,0.6049670958631728,3.3183032919866173,0.8719789264066363,3.6604243898398936,0.40944550919747136,2.084107442218505,0.7745708236806728,4.2353461128858925,0.04310677203488478,1.0169801834503365,1.0872162182322112,0.38352329640994354,2.378664656192252,1.3119760691509392,1.0672543343791479,0.33945856385350326,1.9901675702876962,0.3567986162949399,0.8055886900473959,1.3117702744724755,2.087221560200282,0.04650216108436234,0.5654131771640067,1.297859910730848,2.754894316581612,7.111750600563074,-0.9304031088078791,1.6629285981807334,1.7627691583485525,1.4524782921576853,3.012819124446638,0.3917774901787592,0.5880708351106074,1.1206613062003297,3.2055433867204455,0.21887110014086053,3.785921711907067,0.9246225352616151,1.4267267367772603,3.6140170982958164,-0.8757292945363244,0.7921089625833084,1.3837805710250644,1.3467485685317118,0.8414983108814269,1.589237630711991,1.1407892861478819,0.2049226815574008,1.3365978266615373,0.6092251260826647,5.051113793904566,1.44061438964649,0.2012468312635911,2.3034956621204,-0.4394808329890072,4.033045450070577,3.8323076989002303,3.161886502986973,0.8809842892967118,1.784960770132845,-3.6560954135325017,2.4748951688681924,0.7067481477261872,-0.6191462425396788,0.9952301758283773,2.2520139561825117,0.025243698448469853,2.120891802973139,0.31073064092328284,-0.7110156847201565,1.9494884224749698,4.974528560792945,0.9526151476796949,0.852403626348764,-0.009965546414498316,3.9550832539675094,0.7563709832766843,2.148234929998609,0.8000463599544787,-0.2578999363796406,2.6905659130034425,0.9254173237852701
77,1.2363671532824032,0.6890564957259624,1.32359814773764,0.7094728405107866,0.8478261211514511,4.967826892577537,0.4865253104505718,-0.45070783507028533,2.512667144972289,1.4507836132147793,3.0477723762557263,0.8754748294775119,3.471632069740293,0.6321066666497062,1.704093272626519,0.023931115139133374,3.8121983140825573,-0.003989776820265245,0.9503752381773434,1.6320895623097833,0.2306991034338477,1.9325146576927241,1.1115493067148883,1.1976305560392277,0.19915023729234382,2.5794993624336184,0.45626138968474006,1.0766944735220787,1.2370037604459143,2.980170692939379,0.6834894910088976,1.367639363726255,0.9685804414678356,2.018326586353876,4.4824631197388145,-1.8259984989306017,2.0662552269665238,2.0888262367124666,1.3475632928301429,3.033531355795762,-0.9933519974444716,0.4602205847576526,1.9789343360002405,2.6082699468765367,-0.3231054935270322,2.5646226976922484,0.8433380083688475,0.9080633163186931,4.1564089145603855,-1.8022417503829664,0.6933180400265774,2.336541225042838,1.1246045332091006,0.635410323557912,1.5508981975892009,1.9945304459881101,0.1437507316200266,1.3285683563619355,0.42495508539860616,5.35375085909058,1.3156634981212978,-0.14699623217499214,1.478685635881258,-0.22771404609717916,3.9504187247673492,2.29461218292223,2.4295485957747833,1.0537848581143685,0.9961470151866695,-3.5042696229255577,3.09045581011073,1.020719622140441,-0.48683354084891306,0.9099112772491136,2.4586265498426405,0.3229655474883011,2.578866472562716,0.4253791355554686,-0.8222611993550499,1.322136530919226,3.6811902961976646,0.6457392857507553,0.18667265520276932,-0.006861276642091685,4.218124448806911,0.3358313513907105,2.508688876766167,0.7055182558655182,-0.44385079827199614,2.051771025692295,0.6394035685941031
78,2.203250302729076,0.5018969881857842,3.1200286190286066,0.3456439881203073,0.9908188964477596,4.404483663863851,0.5744356723291346,-0.40061235844424736,2.6556298706672754,1.1680792895735403,3.957698394136561,1.1071109936224106,3.3762464320025405,0.625252044465863,2.048284252938907,1.3433705950058974,4.006123112410804,0.20501337027811872,1.2896482199490291,1.348218707316723,0.3316834161762987,2.0949938141077045,1.3495329125924056,1.1384708510990056,0.011769911965804125,1.3039566469268862,0.61521036309375,2.0917650030399244,1.254290105502863,2.9714234791465137,0.9216286518532749,0.5359509798554554,1.2711611067809216,2.494695778949122,4.8641442988664005,-1.3485731033027482,1.708695521386602,2.1107147232382397,1.754115135449749,3.2481554178580643,-1.5380902273765058,0.3542181402293121,1.6722701547732424,3.141707329553043,-0.45397901925132256,1.6806666766163982,1.1232288191114035,1.6265099802328384,3.497948946262532,-1.6042558128606832,0.9381632878960973,1.709459824249085,1.0251124544139516,0.8596150574075616,2.0413617642860222,1.1419308229159364,0.036946731860396764,1.5018797698616106,0.3881265264923408,5.204191320591428,1.2236419798368532,-0.4190631904006019,1.8521532570596109,-0.5483438077914071,3.493461841929401,3.15618978147386,1.9880290696763643,0.42106921832156985,1.463247478081702,-3.5395673749225374,3.2479726443204266,0.5772661205091587,-0.420249002798637,1.5439655407853192,2.057164027642501,0.1577438432997582,1.4426658805186694,0.33804066887793716,-0.7358684267706754,2.431852625269164,3.3854658475919175,1.115388320707794,0.6174935543676767,-0.9752167971826573,3.8124818237012628,0.5405723617038344,1.9349689176261697,0.9028843107010411,0.6057208834440293,3.9402231549167333,1.0321381060145818
79,1.412528301222789,1.1660597014124248,1.8255174239791145,0.776264291166822,0.8381585021122877,4.854994177919918,1.0396468772965621,-0.18169874557285093,2.0841387271168434,2.1901624205354473,3.3264777178866978,1.1935189262604118,2.903878324039175,0.6922757540264051,2.051058860469567,0.4316926613234596,3.615229128767748,0.3827893962604234,1.0179003929100157,1.1802637617464151,0.41316761768440813,2.2881337281640226,1.5462226320920718,1.12161640742073,0.27410584645100056,2.7294692770574223,0.6159892871505206,1.2766452454031259,1.4976296496727515,2.4661612186319273,0.36183557347005224,0.5754185651299366,1.07650208478125,1.9844677282325116,3.1655619345363006,-1.077565215349652,1.8577653549635689,2.0162095179130395,1.8028287096983455,3.097595395488597,0.16953230730775948,0.5827596864648519,1.1471061121841732,2.973570413050923,-0.7982753520929874,2.8029196201840167,0.8895493182026104,1.021868020011596,3.991407146498195,-0.8648871468528714,0.9025036116706833,1.9366886101229044,1.335441973446163,0.7661250458337273,1.6410570807601828,2.261700606777887,0.16190151190378677,1.4351023896920494,0.40292243495954416,6.0849925830209655,1.3298058633704004,0.2638464877010882,2.5335570537317658,-0.3281426582694644,3.046723155308715,2.4951962515686903,2.1463667163469715,0.2646661923708373,1.3842550253333294,-3.5908497343169907,2.673434929714971,1.116827428069728,-1.0578699863849024,1.353913697252227,2.440780566714043,0.15977101707321006,2.1948694687333496,0.2848106578385612,-0.8948093604175205,0.5478164331366742,4.746826781661867,1.1906749935375056,0.6159910776932507,-0.20233057484650052,4.850990558329812,0.798957966299049,1.6927727833279138,0.6801619173644529,-0.7049983311071583,2.19876963399226,1.0028719870886889
80,1.9674480794133657,0.6625807730495081,1.8712845817490766,0.657951030010518,1.0397226473930807,3.8551687218922575,0.6894879547880233,-0.4429555113465473,2.2505259506105646,1.5686720112679768,3.802897024513566,1.0526872862745218,3.157962035896344,1.0031679985172295,2.3810698427850587,0.06287382707631495,4.813241882669488,0.16587854844348504,1.2426958840549378,0.7210857943630451,0.3633763064277957,2.039077139178899,1.1030156192942033,0.9000967444065234,0.127603458175636,2.3307709569714135,0.32329720165296916,2.3581100135368915,1.6420722002042405,2.265190564541915,0.693064412164924,0.9357537258237965,1.105203880686805,2.606792273359046,2.969827630994344,-0.7685465224877566,1.6637884662434264,1.9385163590361139,2.6891672484387623,2.997892081197034,-0.1879704087762506,-0.08910845534157108,2.299857078738186,3.1382323242780323,-0.6159874210766512,3.8900253981635586,1.096763579445918,0.9439899918115034,3.828758250580896,-1.43367105422615,0.7398985371781,1.8237654440377749,1.2393731778961754,1.113389321461538,2.0486337013309566,1.5032634256465478,0.35565557565486516,1.564032559247202,0.19166191545502187,5.443445802596947,1.0714138235243702,-0.08414604957673755,1.9407331778550088,-0.11409706617344728,2.6722106525028355,2.580108351713549,2.8778004708201195,0.11756941542370902,1.6038693365201104,-3.6686674273843343,2.2411232456572407,0.7708247734258256,-1.156758102721898,0.9068202971241841,1.6801866246515242,0.09232526581362688,2.028450280876993,0.45658428823242225,-1.0760233199911355,0.7323615441668139,5.871824729871365,0.5470455166084776,0.7211250124388118,-0.423800243314,4.427612388498231,0.7305668160073583,2.3195432072732456,0.6511607354198832,-1.0427594343413564,2.5259238155059176,0.634108023850013
81,0.7140073779897955,0.652426473582709,1.652121225858087,1.035644938878555,0.7536583067825084,3.457012445655698,0.6789546156013749,-0.8794168586574074,2.486750118176863,1.3781993149491207,3.454548689257185,0.6523117191596328,2.7262954970493496,0.6745472217083068,2.1756732309321,0.12000456586150643,3.97021606755797,0.2424067376450596,0.755410157702329,0.9537493836306408,0.4598870446520986,2.0770268794677444,0.7883198175369261,1.1289814691846636,0.18592789637743623,2.330249248822282,0.3580188676491707,1.5419414257066804,2.0926420435135302,1.8606789488085345,0.46642831171774357,-0.06723231437278265,1.181644769652503,2.08275422663131,8.242139051114243,-1.2700404937851157,1.7061659049240445,2.1250417337855567,1.9029835573997091,3.066116056587746,-0.39123424969599085,0.43118115910922494,1.5938469385187188,2.72336513619141,-0.6213197538361284,2.113929045592723,0.7271566258271893,1.0508183590382352,3.615610747436503,-0.8454899735511525,1.1273303585351973,1.3925373964357128,1.0409069747700213,0.8039883507288108,1.926826979719652,1.0343159528199253,0.1730308320637568,1.4171624410969264,0.3872649740079257,4.90806727094308,1.5482575569369388,0.16454505167276434,2.377452396834542,0.2961313637460856,3.2851484919992684,2.6106974336369175,2.334556238835966,0.7104038511082856,0.7921834631106732,-4.571759489587416,3.1401990418104004,0.34597862818259817,-1.5871264934496594,0.8417939540502049,2.452023747675418,-0.27552003793009994,2.0489133983339194,0.11589765099823701,0.11722946260958134,1.6866036206472192,4.497477799666175,0.6414196759977542,0.6630157238062864,-0.2461415175035815,2.6115448324120605,0.7677482336849413,1.5416215163414149,0.6565349692833633,-0.5114424382973317,1.602017840913089,1.1615820206964456
82,1.0217902672698909,0.6296832711566669,2.0468359968813443,0.6145332303438242,0.5372640787453093,4.194993834078658,-0.27147983580871204,-0.8004152616940692,2.6220991036759247,1.6873023427704348,2.3707448276897405,0.7653801951717326,3.1515339281415065,0.9259964152216111,1.3980883132640463,-0.15371320965834379,4.00231470240121,0.4892201236506035,0.7469329556349185,1.4495189991532471,0.19998685629438206,1.8932819833832442,1.1492965653092666,1.3861099820950846,0.12777507282888179,2.484136126399508,0.7312134612298564,1.4349535153774573,2.4353262228574364,2.2884262858305378,0.1372109257195271,0.8446155212868058,1.2128040767347643,3.4873848652213764,5.832366778181424,-1.5479912018386777,1.9590024830600692,1.9878437350579259,2.0200912251723,2.372033415574024,-0.6523639416980624,0.4770452378897674,1.3555042329212124,2.4832851229377697,-0.8363053787617907,2.747084588586689,1.2447443898778074,1.1539984514847856,3.6765808093246317,-0.4776339086383926,0.9368671645248647,1.7603674659295228,1.1682394991298115,1.0277322173911316,1.693006511669945,1.6805360519616086,0.6352353831313016,1.3537196993479017,0.5868522132619526,4.3965109831097156,1.3207022100931947,0.04999195342882401,1.681068392347691,0.24196300037165575,3.593468566825042,3.6637769866369325,2.7648714898053166,0.698328929464783,1.380750997429995,-4.49098888348041,2.6602815668331745,0.6047508425055979,-0.765934826121851,0.4688270698339,2.522968335123238,-0.32391850112464793,2.5127465965967506,0.8365579810310689,0.013458014663620954,0.5113117034976563,2.940022541110501,1.2226389944732308,0.07784968581697305,0.029496351040654734,2.683703229918915,0.38212298666072164,1.9356453406347969,0.7397141053281342,-0.8170879015183494,2.3255554546236827,0.4149198377290251
83,2.3747441493381842,1.566805359215628,1.9891743350476512,0.433551631301893,1.1123820544468526,4.873099508390684,0.5346543656626579,-1.0345068793735752,2.6851253164292963,1.3006818290586413,3.519822831714055,1.6725494734389932,3.0270671018667854,0.7729779465140343,2.0763392794575317,-0.12814762523962087,4.080390219947203,-0.05296526121635803,0.976795322366303,1.3837994867170353,0.47060229585730395,1.7795570530540556,0.48474371118877835,1.0677207432001112,0.3379003392723774,2.0829971212800737,0.8712230555497547,1.9799523923762294,0.8921150008638872,2.4221824168780395,0.5202024858097446,0.6377759563674255,0.8816290601529719,3.4452638833617986,4.249237950253473,-1.128438698627809,1.7675431107113413,1.7461801242879018,1.6274812100457554,3.266607858555251,-0.9004205372772187,0.4311004061773014,1.8107499903245512,2.7104379904244214,-0.5593058879741741,3.9926214366279065,1.1830996795961273,1.1018052906335107,3.489273097361455,-0.8755643735155026,0.7000332515857796,0.9135076215467777,1.2486594543973946,1.1950510610843588,1.894331274011564,1.3869552407894017,0.2589881978958557,1.2508075555258724,0.6717405046209222,5.244517694491807,1.344200044537201,0.11633299824514287,3.012603648765533,-0.11832773512917916,3.338526656907137,2.639504322666925,1.9687339592367183,0.42563945148591786,1.1679785016941389,-3.635109805192445,2.7748149338728636,0.9146796070543515,-0.6593047014365867,1.100423907052524,1.790087502134929,-0.23523301560394394,1.8682295621362996,0.19982442482076923,-0.34465994943161327,2.201824602131368,3.9805972948761115,0.5400732618148916,0.2909714185011254,-0.852771727145508,2.88692533518668,0.4348427350076187,2.327403078823563,0.6674852016710575,-1.4211723944714842,2.926678745766609,0.9870100185672275
84,1.3032853338428545,1.1230307839631166,2.2113258214972022,0.2829131698900784,0.7892232805631991,4.16539380801132,0.39325714145709434,-0.14571852017792875,2.4547315156989873,2.0947878610331925,3.1273738253462593,0.8561659650502614,3.5169354427839616,1.4113473284014437,2.458380655051225,1.1314509439994724,4.1893493172145675,0.3040885519072427,0.8099734958873159,1.3902991115681083,0.4847591335095238,2.03438672809728,1.4413473652358668,1.0119634487838687,0.22997417203357928,1.6511785247379653,0.785268057526963,0.5001546311061209,1.8831941600409925,1.6655404051189586,0.09858999344242325,0.5432030274591702,1.140107402043784,2.270905823635385,2.572193662925457,-0.754308798531923,1.5726820103421455,2.124225912538182,2.2474131060404243,2.678413489062642,-0.8548017217032804,0.14106888010700702,0.6519980372224083,2.5669292140670725,-0.371231995849743,3.93194106289298,0.8161077698793573,0.6634230175763425,3.976446279784417,-1.5310348634403108,0.7982306421271388,2.029716153443693,0.8161879093569517,1.1234428145186892,1.7435407167244903,1.539529486411386,0.6554107634616513,1.2248757433648159,0.5508991661848339,5.62782139434523,1.4082009843391718,0.27373341263330675,1.1483351965829796,-0.19606536977325062,3.8306718104373454,2.6274959201542156,2.363849944123877,0.08782671487039106,1.4966456783608209,-3.9724805216915176,2.944531798595702,0.4665432272751713,-0.6831637189207376,0.7633702131495923,2.2982246089959624,-0.04327824322653795,2.2064698617840257,0.5576128660691086,-1.3478562267615222,0.8228122933009385,6.391364531522353,0.7871611944309393,-0.15811890781999294,-0.001282375991365381,3.5223655521674146,0.27471492854895985,2.268627336366067,0.6960037712058336,-0.3791826106898257,2.6749912592697744,0.6179836829527972
85,2.0300234755512454,1.365086314509984,1.7269548044678364,0.4019428348063552,0.6704938914888867,5.156391714884013,0.472915893929183,-0.46812142247841027,2.68659235261106,1.6763077092666876,3.00245596492643,1.0402455077852704,2.141288736488671,0.789878478366429,2.4042599636073207,0.546822868801775,3.8193351718124227,0.40824635057329395,1.1893922860299462,1.3658092083539968,0.48922928220894013,2.4066661940337273,1.4650541131359425,0.9672201882265974,-0.03619185332798769,2.4928698526774298,0.22937012747432917,1.9673599623932136,2.0969076841329364,2.1680980157398757,0.3033194459052564,-0.11030283093725002,0.7147431991362589,2.7661223949295084,7.74357245671309,-1.2620758788036432,2.0082074840573076,1.2216383466210723,2.454856018041313,3.069905446534578,-1.3275051056498541,0.2652371095203776,2.183444753799683,3.020265154916776,-0.7179531618083033,2.580411922528285,0.7908247050538622,1.5752727647590201,3.686712949630265,-1.1604819375008688,0.8437969469102704,1.3849574281595478,1.3029147244667767,0.8751087725394033,1.8026985407073735,2.2546087071377894,0.7549160019258054,1.0551046334212424,0.26702807919845095,5.232717903866535,1.3181599298595077,0.12475365969194807,1.8313900631699394,-0.2905824616422832,4.066644215528726,3.212064048673703,1.1029738095525463,0.8448799463425065,0.6430508255056613,-2.6058402573322628,2.5622823194871707,0.7302387993011945,-1.4249586752769035,0.9953622047421362,2.687071660271049,-0.44375761976177697,2.3870983991323196,0.8839101100673172,-0.6633826248285546,1.8862849458903699,5.894881101308753,0.543842028918565,0.49919794946758467,-0.18511032637635294,3.6551921725398255,0.7871211608094882,1.3452282985752233,0.9041015335275702,0.04196554291942656,1.7653091158664014,1.0016926828538093
86,3.2236337083077444,0.7452293865360211,2.198992122161391,0.6163942695572879,0.8599464302092414,4.214566974259747,0.2817815025516932,-0.4795032751235939,2.108670971714429,1.0759248781483506,3.1008340554616147,0.6792204779580062,3.0179181885617377,1.0292116444389976,1.3355011968293675,0.22347632758973224,3.741438690219514,0.16221668950451595,0.749816854073533,1.2530651611375854,0.18035074320406208,2.5031758066748,0.7867269784605313,1.5482923293209916,0.13937596278529962,2.589303431373245,0.7522813577878362,1.5546088626064478,1.7647400381076837,2.536140477776896,0.7431479586540329,0.7593403398165316,0.7051267856617116,1.4564702395118378,6.1998839810049455,-1.7580223592896285,1.8034140890568258,1.572955928302413,1.6943939266070205,3.5115590932590246,0.02489769554254817,0.2334057291575231,1.981192817306106,2.169639563599717,-0.7933673469837728,3.5811193250681157,1.05040606075923,1.067748076693224,3.5047347808226306,-0.8481686736061242,0.7875285342388434,1.0360983868248868,0.8060889253004814,0.764409383173668,1.5142492209022445,1.0539991174455665,-0.11835958897245602,1.2073568593394353,0.32800521769702984,5.223823906407581,1.0739681146512041,-0.23057745724320067,2.3796691558271563,-0.46447521886631193,2.9609746000292123,2.5739778989142574,2.2287265560277043,0.8056514716359079,1.6189561561249124,-3.037668170446725,2.2137356453199675,0.5482930109273969,0.14743318924400306,0.29145330702740635,2.730075269228567,0.1106537259258209,2.0747870157086115,0.3331663619786257,-0.5762275003936854,1.2125183928322774,3.0542153524025135,0.5020082949811244,-0.18006975613994647,-0.15027144679296778,3.3835836048117667,0.44149514902013676,2.4129373246724564,0.7537694513191213,0.5138987957407667,3.050472044501445,0.7861725692361894
87,2.8317704784977415,1.3987683989142154,2.672857790939755,0.3856814080860511,0.7137702932011827,5.002678596190582,0.6709950404041558,-0.8980314137795888,2.5737382493707255,1.2730861040283026,3.207806508333335,0.7739534761625939,3.1010686954935918,0.9031903061034736,2.367598726107773,-0.6072249423309668,3.460682190657521,0.28190768987603254,0.8649786250941341,1.7327407985781287,0.27397983305093976,2.0775646340901197,1.1845879413691736,0.9817075541707261,0.23717008418864305,3.0039081650184185,0.8440692654704303,1.8955313035175394,2.818166307729033,2.8739422981103377,0.5377066589681491,1.089931947469887,1.3197878003585766,2.4691763479989985,5.4087503061169215,-1.1226613264648138,1.6798276753344883,1.876013956407616,1.9417794701311109,3.266561585791694,-0.6160973540094661,0.3406242126047454,1.442580823850172,3.0778270346021404,-0.024705808140558005,2.961767775615484,1.0559759210742983,1.4793655729339905,3.987731840475753,-1.2254503427747143,0.576896157376529,1.3897667362487707,0.8053035834680116,0.5117079816021798,1.6140087969916728,1.1018628374823807,0.7599813751911956,1.200744737621624,0.4441247995968616,4.673678481646204,1.2038636125388937,0.04560698905347904,1.8352561657911037,-0.5613193106827659,3.488373521263581,2.8713774686794364,1.113809997367,0.476247902905822,1.1080810529893341,-2.8801388853063608,3.027528086726129,0.6323650920706199,-1.1603447086913823,0.7801611604547312,2.241682514486519,-0.010711856849196622,2.424559808850984,0.28919233699586533,-1.2563210363722375,0.9777958189495364,3.536756998001257,0.683607211181678,-0.0719102497360492,0.38742366291932817,4.1970310404154265,0.7640023823731337,2.4044405512287295,0.6537295567317676,-0.3838825691309051,1.9068748216599172,0.7633577950343611
88,2.355101280532332,1.393563792841428,1.6370378855508694,0.603120963986336,0.9479508600166522,3.3742957517355068,0.624081976768134,-0.935884121275059,2.639760780838532,1.6495520566200383,3.0282681008476935,1.0808958585055626,2.7406188248954555,1.0794997330660796,1.450734907560916,0.1980908221212777,3.872733982916481,0.24541659828696694,0.6851088977530764,1.5700162070352892,0.38838357580114646,1.4708185989540603,1.3075092795462835,1.178057382195618,0.3955599659280863,1.3264732658472296,0.19468917282452658,0.5925675890482713,0.7692068450005773,2.501512535920527,-0.4352794189551725,1.7496958209351958,1.3500385706660192,2.7204439599499226,6.606192841535256,-0.9390219560185552,1.7857745884783858,1.796306412354452,2.3577163402042727,3.0236421282518835,-0.13750093853018797,0.061583967925786354,1.0553987843683923,3.130611302564814,-0.7658459179486623,2.4894881980647052,0.6430754002069152,1.364837719064173,3.367740708765523,-0.05016115679842237,0.7864602516703032,1.657154686232187,0.8286285759222799,0.7502825291536444,1.8366067098206438,1.9023036431296105,0.5999158069481891,1.4448388216952925,0.8153288949703326,4.409026142370516,1.3127825644635993,0.2583264620634964,2.5635045882509324,-0.25304047344741853,3.1596747095448623,2.9103625324412254,2.3900114453296712,0.4090741559501231,1.4508330380250634,-3.168403131100528,2.8337159738456954,0.9589534927186021,-1.345373779171097,0.752283624282001,2.0159062301928863,-0.2750840126605354,2.3556692860269313,0.34580715425099173,-0.4853496592485096,1.3777202224266505,3.3150363853717097,0.9971559800380647,1.1022906170992652,-0.7971633273491134,3.7781011960515514,0.5190372770748078,2.2438170009437894,0.7324591803341549,0.18020805295191,2.5189926249915366,0.6075477358344319
89,1.8833306719526188,1.1165599474916785,1.1278617068298487,0.615867823045753,0.7586611682777296,4.374432191886372,0.4584181942488985,-0.19367635763892732,1.8561116134682754,1.9881030490360025,3.525014161551919,1.2232736445461638,2.4979480250427617,0.7417650978977985,0.7428913599535907,0.20219740149031207,4.220635659551219,0.5727997097281896,0.835665103074551,1.575193472799247,0.29143102294060874,1.800054835373379,0.7825713252492922,1.005004521803412,0.09451792525366653,1.775815695709953,0.1189390094635252,1.0502756326784661,0.7691683606170068,2.541478186105088,-0.022410123123086878,1.3147635290746984,0.8431045009214803,2.2004136807640657,4.510299046463579,-1.2476397542583766,1.7882451564015727,1.7335011311585626,2.0869030466957765,2.6109016622739563,-0.7553495772099894,0.4057779181987229,0.9644026032496766,3.010013939907911,-1.539042796050209,2.4580647116987673,1.4390886107338754,1.3839408650281202,3.8865093729908375,0.01548058824373455,0.44589544591794006,1.9755749439502592,1.1458447755597967,1.1281974730000548,1.5273418601761064,2.6971836930424313,0.380937173649326,0.9217639712945802,0.3072700002215798,5.6208874133338576,1.2262278933874373,0.28975465384342636,1.9876678739994889,-0.9461132909932681,3.204155200378766,3.3487254276744793,1.7951688012702707,0.7296121224759087,0.8444523194202989,-4.561985600695805,2.6878750688140016,1.1351569336359204,-1.1092605053425553,0.9044328953974541,2.1212924767928634,0.22281642683381753,2.213124676308989,0.34985489275633364,-0.5605249030020185,0.6732387055152893,4.0724377377338286,0.821189193761481,0.8389873583842371,-0.02357051872014604,4.34270396047447,0.34831835877571204,1.4070986680115847,0.5855481915069296,-0.4599826447707639,1.935070141360202,0.6094611205349967
90,0.18542503402380728,1.5489821620876327,2.735345898922783,0.9678855626644809,1.0487585130742687,4.878726871441305,0.17608916569842625,-0.7925715224949013,2.768008621292795,2.0998901976661646,3.125598693179384,0.7576583515114725,3.6251987627302933,0.7750929540082832,2.2697350065445097,0.9633081081527723,4.403194162017037,-0.11214492887938476,0.6613018695175098,1.1000770360045036,0.4764967578934951,2.0876380134312456,1.098997013858903,1.1699049751423543,0.24829464535161172,2.292728912871672,0.4938892985591923,1.8859573673895729,2.0110020766891727,2.4257908679978466,0.7072612599082876,0.9191764898399137,1.2600160018386022,2.687701940694687,7.846775108141571,-1.580384601681574,1.3894092653955867,1.8578896110956753,2.4964778665066767,3.103638224982467,-0.3201402211818163,0.39256154109373487,1.2293513507984062,3.1422236510104904,-0.15124090898400122,4.012764063416397,1.0124300039330498,1.3554106101425747,4.111363618399933,-0.8163126138065625,0.833240806925386,1.4044137661783487,1.512800574891536,0.7123896608534614,1.617197498261796,1.2477125857726772,0.3145845581520803,1.1418493855422762,0.8313897158039874,4.95181903456025,1.262309692061045,0.26551546107714163,2.269076933875467,0.09233737589006363,4.195195470134912,2.8991837763163915,2.279087054945043,0.28063838190090684,1.5445461089929218,-2.404813096128217,2.572980443516288,1.4697632066541322,-0.9352453649115868,0.9625122998343598,2.3532772151760843,-0.028818337417405804,1.7896406337581805,0.23430000681113405,-1.1804911228487431,0.756237529373201,3.205653621903349,1.0832247443752134,0.6396561905888263,-0.46347159733690013,3.5954993901256587,0.49590596559404454,1.917058673794782,0.8266673837914393,0.14562759773874812,1.8048495700262497,0.8348847638206767
91,2.054143259868777,0.9562922879610571,2.2631405301629735,0.4821334031941311,1.0788725289555678,4.784440170312302,0.30408977197452236,-0.3225671758276669,2.0822266053726333,1.76280809867651,2.665865505873768,0.8634155101584629,2.6653345902804166,0.6443935841714434,2.346530926667672,0.29727030085041783,4.532626911433415,0.14220446436621526,1.1032783356654314,1.5394261690393138,0.33636735119820704,2.232383043997573,1.514047512612195,1.0630078435854275,0.25015957304636416,2.431298123552222,0.8244021877042913,1.1632068799795743,2.827284907015639,1.4889416960703281,0.06892893689337654,0.5333928729431028,1.1594508124901688,2.1491895517122623,1.2778306009670302,-0.5970526573945885,1.9335809071786976,2.0338263260200673,2.8899792905858837,2.5587852371957136,-0.2848411854963926,0.4818739833552037,1.3320806379274437,2.8585112396122994,-0.16199936124681624,2.584722161068936,1.0006776026703776,1.624143802535423,2.8635342363875464,-0.5474277238368583,0.8743264640026136,1.6321770923509704,1.1956508044998726,1.1640651950795007,1.3981093664550008,2.145672166056557,0.3664140201823549,1.4094908041430882,0.1729404305884037,4.988746905026277,1.4654186194871985,-0.0045676820309688,2.2578654918483805,0.08300539750890668,3.2016396762507533,2.8549455084397035,2.3140156258877163,0.9083150528346224,1.8068037659141782,-3.128851022068811,2.9795729026670887,0.7768967669284952,-0.6815985884848272,1.3161842508441572,2.7334667036898703,0.13771427892194588,2.325764768717972,0.48571202984398276,-0.6017703211214027,1.3226603343846723,3.2746236718580826,0.7634179510992976,0.4710021720150206,-0.1447369918016257,4.307123494702481,0.5501036316150401,1.8450774550782763,0.7115586743800373,-0.6927862657484531,2.778211834671569,1.016567960262198
92,1.9636345409619707,1.3343526939942976,1.9863628992268945,0.32801481226995755,0.9677195150397129,5.453214824150261,0.9035736590903956,-0.8066124393076441,2.6574623942477342,1.5337188794563077,3.5546923738533636,1.1911869094950018,2.5908365523388457,1.0109889411359703,2.0655225698702875,-0.5572885988803205,4.465748387182882,0.010385073895731622,1.3967862931629058,1.5820551898384907,0.28505085818915354,1.8682901064865747,1.1793238297534456,1.1257080236376247,0.10192866701465042,2.083650557431338,0.1953415836079162,1.533410733612828,0.7737436211673114,2.699977981323741,-0.12482607608875385,0.17756936909701704,0.9489767095993646,2.6398850587762235,6.942886034376941,-0.7382707830813615,1.7665844165425153,1.8980795269486,2.3364058619383377,2.94377424955576,-0.9167709780916524,0.3541179861549755,1.5796266807888957,2.7465165150902804,-0.8294384370064326,3.282256328111004,0.38174333056185716,1.0016374460529738,3.8765364287758883,-0.7447025143278144,1.2245730876197713,1.8110639178190997,1.2345206013028913,0.749483624527713,1.6192171724605628,1.1572454781431984,0.5739710724765218,0.8143490106575321,0.4987785076889172,5.891788836197311,1.0844966778830663,0.659065265984228,2.346420842184095,-0.0507609060174774,2.8842700152699035,2.43671076962186,2.8776825112206836,0.49510920646754863,1.7251872568248285,-3.6145619069361703,3.305484921122689,0.4225246848415851,0.5141546591894572,2.169082491799669,2.312466026569814,0.010888997855816429,2.074122135777307,0.22977485747248227,-1.1202496964837763,1.0136109142128098,5.302473734926115,1.1173005430080378,0.133330624120373,-0.13864057827983567,3.658439022125926,0.46295647444112553,2.4181202474375616,0.6500180026348754,-0.4352410633668775,2.0022855745352652,0.8631794513205922
93,1.4353762414285112,1.5658661217105725,0.9288675056864079,0.3668722490999916,0.5926094417316676,4.29423849547617,0.5519279541509832,-0.4752692221059305,2.550544439662871,1.1750017518105276,3.436856159141533,1.6268192155968755,3.155521604939292,0.5028402549856869,1.4935233910157613,0.7906198188722262,4.565167719983272,0.4016530006830794,0.771163449533291,0.8786893619784326,0.394046672384909,1.9981700429537699,1.169988738082657,1.1585597987113208,0.3558843379586263,1.5356110544486266,0.7443638632882896,1.0694102475688956,2.1185897134158678,2.572742486939102,0.22745435910267342,0.810034794692704,1.2602872420362072,2.1898220915234896,7.423045516746493,-1.5098228670076497,1.739601004236474,2.476604070313271,2.3786710471421477,2.814573351722678,-0.26353626381849704,0.09052883894568708,1.3136845883868387,2.957015522643423,-0.1293358158899771,3.8235466077115317,0.6800203960185427,1.4554857359627782,3.6318077905642037,-1.2535043139735167,1.0972401703324564,1.6268689808813015,0.9812704280760365,1.0396088396541732,1.3792491842115682,1.6073217841149425,0.2058200985164993,1.4242937232838058,0.5826169671566555,4.981804167698694,1.0319650418092907,-0.053402964583025625,1.8603253780017543,-0.14450457181961873,3.3367953502850396,3.4367896574985286,1.9684805564229482,0.4164994411535785,1.5742290009173467,-2.8302865768773167,2.876116748675583,0.7920253699195148,-2.1280558013462363,1.421368021401207,2.063638621656288,-0.2028870037999848,2.5572438041968173,0.37500108667903087,-0.46405574585191256,0.7145351339238145,3.836123078986205,1.17395217247475,1.1170543685919736,0.07740057655040689,3.7118001876944007,0.5229686941598619,2.5944549046347767,0.7194646953255418,-1.0435789654620038,3.1956828168090774,0.9787499975401137
94,2.4738622095719354,1.3212054108460007,2.551211034176729,0.7061860128191899,0.9903895272251173,4.740703381311205,0.796908260841228,0.009675766666540131,2.881957510979734,1.6869100512588022,3.3711276924393476,1.0246859392339132,3.3635179818268797,0.8909125321251901,2.445167773422789,0.5234222682423413,3.250993250396839,0.32825778097852076,0.8640197934855118,1.3264227362334324,0.4556027847178963,1.933286647516181,1.3374769603183747,0.835871859405611,0.3750914570559185,1.410599044366214,0.7310562192661609,1.6034665121670622,2.3883052962863176,3.0159012353831898,0.6280630886663531,0.6206128757183031,0.8246518791923689,1.8235207044005879,6.1580065628286516,-1.6427766803814392,1.747804729623664,1.8753097774324898,1.9683278626122274,3.3624719388784072,-0.3698006166429586,0.5301861263687186,1.3774512005010713,2.9580161461901975,-0.7324981857452657,3.975264595264382,1.3142396266831442,0.885115995344969,3.7647643932285475,-0.7494670799993361,0.6460944219261266,1.594963614535096,1.114965705112739,0.8583808589109818,1.2523857380295507,2.0168188332723993,0.654190543414694,1.5513252735992662,0.4836192375744819,5.115918145754333,1.4810405161813873,0.052720579127538136,1.7089988018147118,-0.2984166038661633,2.218947223512082,2.9938301849091427,1.8722896094931736,0.5780316045112868,1.698072609857039,-4.106608562066414,2.8175577117257404,1.624664452139625,-0.8854630135893857,1.6489447836730158,2.0563033430739646,0.2816591644474695,2.0047072648405293,0.4349391735768884,-0.7133365971027985,0.6106077360855514,5.406048249344888,1.4796086523230412,0.7424894152625726,0.2842684694641058,4.034371507014711,0.5817714237761483,2.2138883397104965,0.8446873861260371,0.01275664242981045,2.970176506656263,1.2225161823754185
95,2.540317275389043,1.62225569197909,1.7568241136387603,0.5546019959887527,1.0655591261086386,4.959072896025991,0.20659598316225258,-0.7123477074557547,2.8496880974470504,1.1281538177350066,2.6507211668423025,0.3786791768621949,3.1693305574155906,1.061616726948594,2.4653585727163994,0.16530637581751684,4.107946087484365,0.30560836701832506,0.9853894884743597,0.9940941529794816,0.30042223900233633,1.808474780998902,1.3534905783262605,1.2827428533294805,0.09265515924152279,2.4175113756327784,0.7358379250008031,0.4432151901760877,2.3995679361925593,1.5108905020881203,0.7232811049617561,1.0257487224810151,0.9893917716181884,2.720633248566764,5.691871959733557,-0.26826879744993404,2.0003579072270004,1.694881383704689,1.7984040355664295,2.5854410386791002,-0.14321216502054535,0.09545220159072976,0.9042843963316969,2.3820438734455323,0.5733429417667077,2.012638451820053,1.4512416800491281,1.0365409377731432,3.6635436438233913,-0.698910120281018,0.7994443944317267,1.1254713512988088,1.4669265524012483,0.8627167790816247,2.041604936151474,0.8860542995884124,0.2883118269149363,1.3694230820740672,-0.15966681288024254,5.40770597985378,1.4976731613183298,0.10268575794140977,2.631771425063439,-1.0811096344141218,3.0235136332732084,3.2100509970454736,1.5919017235602055,1.0442365125845623,1.8263104299534683,-3.311829269093769,2.6487337871504795,0.8031203888468434,-2.3342763668406272,1.2437824871177756,2.4438568533008915,0.21165277090475154,2.529501567482134,0.2559895443962674,-0.8990213063935779,0.2107144765496065,5.818456961682262,0.749765884531084,0.4569993652945832,-0.04617043709972557,3.984410080859196,0.4638901529414847,1.6381050362748302,0.7736428706041987,-0.12297564444919906,2.950029447629271,0.5765390628484948
96,1.561455760519027,1.0273057901650642,1.6374525720598716,0.8816138951270505,0.858897578740379,4.5361229476870255,0.35949733699797226,-0.6903031095300132,2.101851021380055,0.7135039303281764,2.6091494580125785,0.5967061524969797,3.662617639861191,0.9218942182681082,2.395622726084137,0.7103569645534503,4.281470290719266,0.07154535890754454,0.8363884348060967,1.4245338319755394,0.3369673684911252,1.5558797897804602,0.6214627583461607,1.1934390547985907,0.19771571623569384,2.8030974283860246,0.35982153224054514,1.5602139564315083,1.172252255035688,1.8827311657271766,0.5635671586563783,1.5189432446833477,1.0003959692166655,1.8781016366424945,5.260366820556629,-0.7860052699983742,1.6176956938088984,1.7075658015244721,2.176248683786942,3.128380992664452,-0.7029477451430726,0.13906351248227944,1.090343179695307,2.6494999472497636,-0.3477270737898994,2.770332721711233,0.5543142684622848,1.7010062963118042,3.5483149501564606,-0.6473673649815492,0.6855761708488066,1.1665351949555922,1.1740918027528309,0.9015150431340355,1.8448057548246983,1.2073461076277607,0.2821272304348079,1.0769993376256555,0.6770882524013346,4.938206625973245,1.2815744070061674,0.35251775961435905,2.3155084278716505,-0.1459757225584548,3.429558169488134,3.1373545659610667,2.1951468732208452,0.5930119900470431,1.7572767661190893,-1.9992258764105362,2.5682584965483253,0.5088768794649223,-1.242915234778173,0.7449371427010267,2.388074940607412,-0.0018332135649115067,2.034823110167527,0.44082324714066523,-0.6361348126458698,1.716831158719506,2.489334011772138,0.8730046081637723,-0.013207915351579613,0.05067428845399391,3.678641342269718,0.490136879670522,1.5320161163090957,0.8153129889258017,-0.5900959728132511,2.7099209275496423,0.8499395043330971
97,2.164625341042191,1.7006978951854275,2.490245171326464,0.3551397054966521,0.8207444249481259,4.36863210558609,0.7384775847804986,-0.22099049252226566,2.5195905557586005,1.8034307696961327,3.224352468628796,1.0404781042475333,3.09754515300065,0.7785910333616182,2.6688866144068806,0.7025689988388056,4.047162404559507,0.2015956401483865,0.9589456695918416,1.6634968710324003,0.43871062903569724,1.5359838617665758,1.4610348980356613,1.166831077694348,0.1175188167770903,2.667340654653152,0.602187773306456,1.460081384376292,1.237000772112001,2.57386082823835,0.8754919524858688,0.2650467778214145,0.8045345661052336,2.6761630797987017,4.814038186782947,-0.8835110166963969,1.6324232969456371,1.4009394297852582,2.0766440454243704,2.953447971264018,0.5732186007969116,0.14652067597585638,1.2355656220986027,2.7122777084358787,0.12773367473808572,3.765449953205801,0.8243083150431547,1.0492844176402911,3.800415007029559,-0.8231220579825027,0.91839989387085,1.6097107864118985,1.4750806921304156,0.7412467275032598,1.3469394638582286,1.8918711800726244,0.18358091526465392,1.0182208150247263,0.3202570636116686,5.54045661664405,1.2658509722598432,-0.2830860139029987,2.3848761773136298,-0.30377514665650907,4.301019019625405,3.2926233013939914,2.173615709710724,0.6069566006436689,1.8084122962253,-2.8458462087320555,2.757140900277852,1.0203415540679521,-1.005945174757768,1.1488438931562526,1.9445620346844525,0.16867086766236472,1.765576918982048,0.0071547611743358885,-1.1029241648087107,1.3678801017866493,3.810727497339265,0.9943583929338198,0.9443370403931715,-0.2901125619238307,3.173064281036532,0.5754529272175292,1.4865895589777458,0.8250245668177668,-0.27157893673206845,2.5019505211220587,0.3789048906241046
98,2.847334919857799,1.2936443843176173,2.3419805452808182,0.9235330634481572,0.6554429877340482,3.726331436554587,0.20278948327674762,-0.4002660665012623,2.569707099825748,2.2213868928055245,2.6139526915612787,0.8920136934382225,2.9849347285779837,0.7971863722171671,1.6385785470849026,0.5186750051517846,3.94553795864671,0.15609245332177735,1.2199021996817747,1.634740330608421,0.3649607131770667,1.8997771866247215,1.132511333896256,1.0671449929455963,0.3755214167984532,2.508721832045527,0.649492243571868,1.6573317809019397,1.1303477581197239,2.2436970070645748,0.42199295443544516,0.6846502996888011,1.66563439952649,1.999824812759993,5.955005042642027,-0.833096401184479,1.7389805766644137,1.751381826076991,2.7094141241905323,2.858472404643739,0.22510284757908883,0.40357846972120637,1.678720946441934,2.402815094946124,-0.16392323408361453,3.282069102272706,0.9246854489230257,1.0879144247551662,4.042382740301749,-0.515082555954844,1.024153680871852,1.539497855896702,1.4534828344721265,1.1230064803939297,1.9610068549860158,2.024410888537,0.16114306520666322,1.070796080645441,0.30326874424410866,5.362909571872695,1.3621084574756415,0.2536800807859316,2.810192339489102,-0.028165883682556903,2.948990976379826,2.9436247910561413,2.1287013665183507,0.6448546160535005,1.5871807268777136,-3.177116859729647,2.407759543096069,0.9955418756626445,-1.1682796737800847,0.8665704260726022,2.4408481123112273,0.11153489605921418,1.509570561676261,0.2688613145675398,-0.7564676076462701,0.7172377252602563,4.323113933937006,1.0632621028856621,0.5808362894167227,-0.21712087578029182,3.3257671218726097,1.1275586631754186,2.043026089719267,0.6491619069939225,-0.9318857008766732,2.9056868449804316,0.7186591650398455
99,2.140546547830759,1.450167801194643,3.075018827944628,0.5475688543654678,0.9875926720873771,4.069052578564542,0.5478353849641671,-0.5079294747753131,2.658570840987971,1.6053087569188933,3.2115292287620667,1.3299307686785409,2.5650245761555643,1.4018971320076095,2.094819726776661,0.07183635339047334,5.083981467918716,0.4237423309770485,1.070364959843376,1.4860408003495442,0.3541139524993411,2.3094803866170963,1.2445289150954044,1.186300417499717,0.2248299981161932,2.2500386524466145,0.41517592344804655,2.2144485033369263,1.3569993544064465,2.6039872426660473,0.1588852977544828,-0.01574617146101609,0.6335510301080218,2.606902700043305,5.030641926465847,-1.042266744934833,1.8895073748187516,2.053300933625839,2.4031559207843407,3.1910155594981813,-1.2363122465753682,0.5258502979324322,1.7744743714182758,2.8603119433882105,-1.1322123185680648,3.3256129514920234,1.3339646812469808,1.3323999191115241,3.7852300634776883,-0.7580731245308026,0.9957832830818347,1.5680953891977523,1.4015418780221847,1.1914101295873378,2.0015495929375797,1.5227706225830724,0.4517901608290218,1.6273663796428504,0.6661108391996637,4.937795447092171,1.3308975234505338,0.08448323836605665,2.4433459150616565,-0.018171175970465914,3.6974348794780445,2.8211373623792575,2.1308431254032163,1.4363923947628927,1.7656672491014818,-4.3783966044939655,2.582660577542303,1.3132407716283847,-0.005278891472892955,1.2222342450425456,2.4488972361780736,0.24570515539461013,2.2743369884029128,0.006806037783585239,-0.3492133107674009,1.6051622398166114,5.349947194016058,0.897059226704553,1.2449398152836098,0.019919659849924942,3.3758315954277083,1.1098320638752677,2.0455132634942483,0.7636747482904951,-1.0913655927519152,3.487259342851999,0.9938220172478376
100,2.544725038160964,1.4179930927438331,3.0951500695004976,0.8394101828969172,0.7546856851667378,3.8863447827926016,1.0722758231587453,-0.8580596499427962,2.7606465081553884,1.3116326663446156,2.996946147678635,1.1211272810480577,2.7771149300146076,0.2552735853024368,1.64118996487367,0.6684626965910136,3.898317985951903,0.08749730538964218,1.212903322002168,0.8958544497424064,0.44327295154570034,2.2431574271691654,0.9628452473940577,1.1555706948390958,0.2611737894927707,2.507240245100356,0.4138225738670105,1.1381446417320213,1.261545752462848,2.571419322314539,0.6310824414714746,0.2026641158053306,1.4574800108672008,3.145338468053535,5.26270449409561,-0.8983187195817901,1.5940403900171036,2.247946552349367,1.9422139116528765,2.4120801733042367,-0.17524473025362353,0.2300038403873259,1.4491460757558343,2.8017355915576916,-0.7240146287549565,3.467044719489256,0.8675029655188704,1.3678749429632167,3.6827815757789897,-0.4650545288460558,0.7758894092636488,1.4503337117232256,1.4158009679039125,0.6682835935588567,2.1486052118805588,1.52839274208274,0.2780455598410496,1.0052996342302085,0.3357735385302898,5.095947904519999,1.2680563417491775,0.3131847131008795,2.395911564872583,-0.1446058430509254,3.4193355740326847,2.0327894227836363,1.6849902692956775,1.400516330942288,1.36089929538248,-3.2968375020302068,2.941521787555554,0.8508985087908918,-0.9328448440234194,0.6362013684342331,2.0079056861507802,0.15244944510134362,2.405414092199628,0.38297288356246617,-0.7339610996234807,1.8775468811639215,2.157478635669566,1.2314322510424258,0.9598313157747058,-0.31170243078401727,4.782033272124405,0.254485351370763,2.521274812808402,0.7559336332732065,-0.8004479313988743,2.0695351933923316,0.4293579912126795
