Repetition,Multisensory_001,Multisensory_002,Multisensory_003,Multisensory_004,Multisensory_005,Multisensory_006,Multisensory_007,Multisensory_008,Multisensory_009,Multisensory_010,Multisensory_011,Multisensory_012,Multisensory_013,Multisensory_014,Multisensory_015,Multisensory_016,Multisensory_017,Multisensory_018,Multisensory_019,Multisensory_020,Multisensory_021,Multisensory_022,Multisensory_023,Multisensory_024,Multisensory_025,Multisensory_026,Multisensory_027,Multisensory_028,Multisensory_029,Multisensory_030,Multisensory_031,Multisensory_032,Multisensory_033,Multisensory_034,Multisensory_035,Multisensory_036,Multisensory_037,Multisensory_038,Multisensory_039,Multisensory_040,Multisensory_041,Multisensory_042,Multisensory_043,Multisensory_044,Multisensory_045,Multisensory_046,Multisensory_047,Multisensory_048,Multisensory_049,Multisensory_050,Multisensory_051,Multisensory_052,Multisensory_053,Multisensory_054,Multisensory_055,Multisensory_056,Multisensory_057,Multisensory_058,Multisensory_059,Multisensory_060,Multisensory_061,Multisensory_062,Multisensory_063,Multisensory_064,Multisensory_065,Multisensory_066,Multisensory_067,Multisensory_068,Multisensory_069,Multisensory_070,Multisensory_071,Multisensory_072,Multisensory_073,Multisensory_074,Multisensory_075,Multisensory_076,Multisensory_077,Multisensory_078,Multisensory_079,Multisensory_080,Multisensory_081,Multisensory_082,Multisensory_083,Multisensory_084,Multisensory_085,Multisensory_086,Multisensory_087,Multisensory_088,Multisensory_089,Multisensory_090
1,1.235693324361348,1.642006555554127,1.894564184370328,4.9068880076133485,1.1488945814284586,4.544159122928524,6.255910557600341,2.949563613949797,5.801838588499398,8.10396360461909,1.893039972024224,2.4040478254708013,2.815078381730321,3.4993577951288106,0.26112173594854493,2.6343698549085195,4.216992594033571,1.4546636000159188,5.593251272939347,4.236044465626071,5.304729247425156,3.864795120586966,4.172718862351318,1.8195455197815689,2.8470151111741995,4.678057526246856,4.2387780512542985,3.4187123831253756,4.012635898137378,6.561452898984141,1.8717269252501916,4.975425140695316,5.206758625540013,3.007648099928347,3.9039204864026114,4.167250320687863,-0.21142353362278876,5.257850547635223,2.616412707205585,2.249058459287059,4.253778298665419,2.8211043081790423,3.165061885528681,4.220770995234911,2.911244868303851,2.39636320070072,0.44574283224561917,4.688385711792773,1.9439016645015512,5.063127621671726,3.28146775271619,3.838255527497858,2.208013321180923,3.900022007569934,5.75523922828391,4.3278456771387175,3.6769288065957006,4.333581830209183,4.065463584933658,3.2619838400859065,0.7251481146580847,-0.32240739618196823,4.208253750001569,2.5984040363074845,1.2079090989788674,3.400788558138145,4.318093754269075,3.1890390493956238,1.409988461101954,3.7603947240581466,4.359164955717157,4.267382236539199,2.4829861150910766,2.2566541192434353,4.40363932683077,3.877953442644335,3.829582014404193,2.21573141932351,2.1269903361885016,3.180119196129673,1.8900439601913044,3.677672156437504,2.6121586263447556,4.229008636622525,1.8671046268123956,3.3627438374414416,1.623863968195308,2.429082258297721,4.915996269022303,4.876272066250663
2,1.3858166136143915,1.6184555731551302,1.8874955037957017,5.052054869403012,0.9058098117067934,4.016324740945731,5.586641029731014,2.294697418104773,7.381169162988391,7.38261847301034,2.1187216756328686,2.291860836858379,2.7820011463504453,3.0964193905238213,0.3454294431503895,2.5426798487261246,3.8457276564044136,1.356620927522552,5.505074377848921,4.248610023571546,4.8917225878548365,3.1752236965658187,4.306715061867392,1.9074925336282322,2.786368892435191,4.585973892228245,4.3372807045662105,3.5693608790646882,3.9333163602673133,6.27006413816561,1.4828333346962463,4.89000099457715,5.6661065905178996,2.3153400999128233,4.010068673584377,3.5589340451481277,-0.23280143430658296,4.728144357372289,2.847977162911583,2.041519693479772,3.922516525533932,2.6740342788891995,2.971611633246374,3.5754978080014364,2.8704548402674095,2.3051689494218173,0.41481703921545443,4.252502723154802,1.629965550590825,5.633048920266086,3.1949036597600777,3.703884810711344,1.783832964029711,3.8082920915486027,5.120304780138873,4.45242836078965,3.7402731720864613,4.5407098150042176,3.9832511468297787,3.7747277012458897,0.9745376808686732,-0.4210530371030554,4.713229540185008,2.8690470165733215,1.1575101165195227,3.2064495253212355,4.208087859282014,3.8796767825090397,1.1264315365979969,3.2608898837843308,4.198901224314589,4.289810375269385,2.267693726220543,2.072221746362819,4.564610957102511,3.701988844208257,3.6293882016282693,2.109481997185493,2.1239557994775984,3.0177916145567236,1.8317560408843867,3.918282144210391,3.2839979021348755,4.52614822320267,1.9413717198320148,3.6770411884981864,1.7700292428836888,2.5410996465121287,5.368423698200728,5.268265626570914
3,1.4541742710464165,1.7064611356343542,2.417422171714836,5.157391035149399,0.9154060916004649,3.819819786371388,6.195670884698867,2.3744546896372145,5.406618093600674,8.008384212639104,1.982156106749379,2.259956208151163,2.9657629325221073,3.393634138850974,0.35792454571013055,2.480449646305275,3.795507562518353,1.4129178617682903,5.45412347908341,3.908584760950106,4.564689883710073,3.2546387721483425,4.389144928331314,1.8305553115971522,2.7786047436665178,4.680837453955511,3.8797439592270924,3.2784034192946896,3.8507463113909077,5.90852167755622,1.59694934742405,5.028366655569344,4.9371799669209455,2.7155308945396905,3.9446897797942175,3.682387351547913,0.43538496538604843,4.901786788562022,2.7827582250988074,2.1507339688550307,4.287067055590775,3.221219954745064,3.9107142729121294,3.500650324962499,2.940852227130647,2.440474170201733,0.44671799496605513,4.461066041434686,1.8915774434016066,5.01698885503751,3.0395154258899364,4.3069352274090145,1.636424027352633,3.8582022818511597,4.8623819896134375,4.131715537464407,3.6144823226982172,4.5543167837116325,4.003196408321672,3.648208706796156,1.1939995892820203,-0.2364573709994504,4.84902337013688,2.7629695507664573,1.2304378465114187,3.4432293379078427,4.354633184800988,4.11090849014892,1.2479563223637467,3.5267569953144196,4.389175311742445,4.3414459460455115,2.3632998813558848,2.172074802524917,4.654457941536305,3.578039465418425,3.7994785814088052,1.844830982810215,2.123807829822783,3.1100300450089806,1.8306823610039087,3.6075785645240863,3.2100498139483733,4.310188901464366,1.6830176784795394,3.179368907161453,1.587536993752993,2.610879931116833,5.5421680838902745,5.146730720516901
4,1.7496340268029975,1.564620889672312,2.058160761898346,4.992316650707135,1.166938624733393,5.0070008848790275,6.485557665586258,2.25321741722047,5.7890565404760945,7.900011044690756,2.293167868580007,2.1129004112840497,3.025645634926806,3.5064659267159004,0.1729782158846227,2.496900000927228,4.178438856188575,1.4821505754695758,5.899212638529166,4.337724192035448,5.245970647305059,3.1276697441868615,4.539619839331011,1.7345921294060778,2.759720329907754,4.436827371953742,4.336301242740661,3.766553395708554,3.72921816764349,5.795677202708518,1.731146009444352,4.696035008227698,5.457924949461363,2.5011612458641905,4.309300397496762,3.6548747984021333,0.15301266513696632,5.269455303907955,2.550324157344141,2.264181669382821,4.4218854528408595,2.9133302110184043,3.544385701802069,4.001937770262479,2.798174585380919,2.238754566515145,0.8682331894636179,4.365568616299586,1.9605390638078701,5.150090661281007,3.1004319420928272,4.401759462049574,1.4788510099602297,4.097674629591184,5.18780101899312,4.2846116360007755,3.712671488101554,3.816784885378399,4.285923185234031,4.035104197492438,0.7151167728046737,-0.3372564508720872,4.50887991199321,2.5942572967923963,1.137689898195449,3.326609461742561,4.599616555122896,3.3454134460703004,1.4297460066270453,3.2437553949153237,4.431929699232223,4.013381176934765,2.153135305890297,1.7578903502036511,4.550219305706397,3.903107296808578,3.9044299042980497,2.1348237471030367,2.222090925735337,3.6710814795816957,1.7227354754550617,4.298080194858334,3.206758627463861,4.349047034244208,2.096192718644472,2.9917616022623372,1.7592475389563593,2.6837793793021736,4.509473433084205,5.100949020071365
5,1.6754749835893912,1.6259915094776694,2.0811825733101674,5.15620424207169,1.0619152922147483,4.411808905549457,5.629270240667066,2.3714025089625537,6.494934959811845,7.26210243457402,1.9372035530586573,2.433165464457148,2.6623416086545157,3.5791662205723864,0.29587223711101185,2.98301438182754,3.748112016410322,1.5627090655437372,5.941954403136156,4.069737999120171,4.5825251758713454,2.821394074813626,4.182044350254781,1.78495171221419,2.944200563497728,4.918619928763892,4.261913549625421,3.9097157880636693,4.449814089718936,6.651460390362128,1.71345192182059,4.961535051212097,5.7211349310956106,2.6658542102626885,4.188123394825178,4.170369095118497,-0.29063969595052486,4.608254813105273,2.5257877958145176,2.3334799997390423,4.421953797986859,3.0447426477438477,3.6126697870462756,3.4565922706244496,2.9665303265381615,2.2046232517192683,0.637156396796489,4.588836168247019,1.8875599714237978,4.806631411707075,3.2338091617715183,4.016894995063127,2.546465852191332,3.678466586027701,5.866048341171094,4.354458978950124,3.738296553334754,4.510103567333706,3.742369920675864,4.118174921533151,0.9370197799758309,-0.3259303770285813,4.153976737276963,2.818313171630795,1.2744778077506271,3.6175739296582994,4.340607484792435,4.018994717994714,1.4568579822434229,3.758530482488992,4.843277993135572,4.223824188045672,2.74085774342523,1.936622175341304,5.064174362430316,3.6414432204663463,3.8343087107601876,2.055549652494312,2.2831943327565316,2.971937278115576,1.7179846008926614,4.085999971199003,3.181766620864835,4.5340292232085675,1.9650870978172634,3.4232396454896787,1.6218505373775711,2.3735777996239467,4.811296882191867,5.350930144643689
6,1.641296567921346,1.4075179104744562,1.9485657038695507,5.129788259114177,0.8607448610628241,4.246515160226788,6.147394585285586,2.743693673511486,5.5806435179268465,7.801101745583063,1.9107308427867915,2.488044506098049,3.033971261194143,3.4304890154810765,0.3549320133697327,2.6467077444536122,4.306454291831183,1.5311886847249516,5.5418442021974945,4.368196525876499,4.969057646844256,3.6614739868806585,4.2815918829325454,1.7079726114123464,3.0012261021646047,4.412539560002959,4.340782556190595,3.6053358855087856,3.9193404274695975,6.516747017640742,1.9595843516317832,5.271828635168206,5.311569056251153,2.535464061735536,4.264168241999136,3.8650812628761955,0.15587701492718353,5.052931838888274,2.4636886477370528,2.1363347655186358,4.1406175805113765,3.1088996660965122,3.430041543553795,4.060069154174647,3.0526468358970495,2.343386130101223,0.7706191843652934,4.185209598079759,1.9844775332664732,4.735212644278813,3.127945806108218,3.787586501272543,1.6526682116070353,3.91788757910951,5.483924606426625,4.409586640034172,3.4620402137319317,4.277271432958661,3.7829254750758494,3.6901748578793754,0.9902600053042883,-0.35731099668354327,4.4574933806439585,2.5335668425816196,1.2557829452427998,3.162758794852512,4.9290373668114595,4.064845951672015,1.3689398328977673,3.746919057633427,4.3329592294362715,4.201282058760375,2.3193582528863805,2.056949967633382,4.885477433304091,3.843372908191682,3.704168233530634,2.15155574772207,2.3931702846125917,3.0902682748408665,1.5467439105136283,4.204832170913864,2.6448351943003248,4.698014739694653,2.07475440667321,3.1495211089151036,1.9073381697092187,2.5918631615886163,4.806107163953714,4.880430836331596
7,1.9886693934836757,1.781591166580734,1.9509772526372389,4.682710583685195,0.9834201717255526,4.256751520593374,5.779119965327747,2.9123765971836755,7.15124370300717,7.273114249397564,1.8161458701645636,2.331673903469584,2.8438423483001074,3.4245696620148465,0.39517918246147543,2.637717406693056,3.880384521041213,1.3235949856525604,5.321757792977921,4.603571102494231,4.477437945970346,3.2245658427721104,3.914479661374316,1.8629957845800131,3.0184235175632863,4.505240016503292,4.149203366854004,4.427409386919792,3.7846350644737994,6.232358142714238,1.6717742055187435,5.208435194213758,5.986742072640968,2.3766505987624686,3.9750808323515145,3.5919059362083736,-0.2570078201706911,5.012130782181066,2.531474150027785,2.1000786175778337,4.399124974259156,2.6654438602280632,4.2971319869715785,3.7222599448530183,2.9719636443685546,2.3216407395903174,0.47906281004360807,4.45149514468525,2.1836162310368454,5.347374950692269,3.119558572443938,3.921567493486618,2.2292581720105993,3.777278705681763,4.931132492875123,4.162736339789148,3.2756348620643614,4.264133566395858,4.167490090812157,3.865338995524317,0.8366835554564043,-0.3261323306516579,4.762747107905923,2.8215966585463357,1.1876343535508387,3.2529097511997564,4.076981464074877,3.460316233100669,1.257304929152824,3.3640446416493495,4.816938885193894,4.529874738427174,2.2064291512170966,2.45282284041342,4.8947405865763045,3.563647634337837,3.6820338019834287,2.356738695619165,2.2019497201489817,3.0487036634006905,1.7274100125494005,4.316487825388906,3.5752815158511546,4.584921358450579,1.9785039848466963,3.1485606157779245,1.8212830760044825,2.5782294043362453,4.801075169467222,5.610067809274659
8,1.5699616973049837,1.5654176260744788,1.948515996956476,4.7570944378421665,1.0363818073928286,3.9067820753479747,6.05868757767609,2.7425759847550752,5.871048445836221,8.211523791965778,2.1759324974380556,2.221845102405263,2.913457648368537,3.010837073803338,0.5110349974874717,3.025775320652432,3.627302954658021,1.43148540824114,5.48176525827172,4.445306342704184,5.089283768698252,3.162644111880498,4.153530419854962,1.7286582715464704,2.8004175411312846,4.3241373409602355,4.5709310476777825,3.5435742214194375,3.8905747107940876,6.2210367493029235,1.5890002769572062,4.407086768864854,4.968381993239962,2.65291699229608,3.7372473971243396,3.5294428255548187,-0.11584648557532073,5.684353096039056,2.834719147875897,2.186611193537085,4.8665994826291215,3.4072608346533393,3.5812986149021997,3.6773876033278783,2.966466283088236,2.0664773551087046,0.5415066735500047,3.867707264833948,2.0754192241111395,5.0498774719679025,2.707487863486384,3.827043102945621,1.5150324609209802,3.552965487244218,4.975839597421339,4.390210459735309,3.5350896238457983,4.089202708235032,3.4518394144015074,3.787122081065864,0.9226598203560208,-0.2993721669202545,4.475919482305022,2.4155316977438748,1.3119955422389407,3.372844013166503,4.885528600005308,4.090499917026518,1.16851225869571,2.826572901349132,4.489402922578062,3.9968439141691254,2.7798664403602045,2.110874878678998,4.832310112401343,3.625065691835523,3.6298712205035883,2.199230637064433,2.247358866384805,3.0574124248135566,1.8146131550464881,3.9584192953642194,3.031927136449787,4.34635675321152,1.9179286943667178,3.060374957983826,1.5232203169571297,2.6413372739659295,5.311282962184447,4.964491864542664
9,1.9945985415389753,1.7435807930280363,2.064667240903456,4.743124545242868,1.074937716250643,4.218012325378979,5.96050669318654,1.9838478101296748,5.554331035180015,7.4842102205008825,1.848136049852667,2.3245551783967304,2.8288363043584352,3.093557598146014,0.4571757670163663,3.126195686787777,4.15929618580296,1.4026903654244247,5.893314910055047,4.038615200051096,5.3419499188330155,3.5203063463925997,4.193910010752438,2.1476104483808403,3.0935577843940636,4.689013637509069,4.135436951079746,4.458240249773823,4.002712054144832,6.068341400446957,1.7090495289810326,4.85627587555118,5.1348518475356055,2.6333896597315523,4.033868669316597,3.7386737789237405,0.26828711170893227,5.054299434287323,2.6751165268903554,2.1373328045011606,4.135245489127355,3.1080225398424144,3.227234088216313,4.282271012713995,2.8977349410494484,2.7730467789254516,0.6666583575891214,4.207047576711922,1.6364796673677988,4.513549787264793,3.0807343640311045,4.532408584022306,1.3365818401858895,3.8719667635472113,5.305829046271299,4.34272773795197,3.432020440999175,4.435380346918664,3.5841093564165334,4.391674508783275,0.9385038223083271,-0.3423537232848002,4.47434245333003,2.604150913192199,1.1640838876044388,3.3627083884425546,4.249866889333235,3.9933774183046657,1.2870593469531637,3.0604933617097965,4.144533271203707,4.04902682916586,2.3093240327938833,1.9514111874161157,4.536826358134485,3.4347288089361236,3.3812825386837795,1.9210934851932844,2.200286204518532,3.055471833515857,1.8041799171849258,3.769940659941256,3.7673468267436006,4.587863137131478,1.865398394455163,3.41673866110478,1.627332963574503,2.477661689049204,4.981049708897001,5.051395985613455
10,1.9395488655607265,1.8065888295409438,2.021661455392031,4.827293808842635,0.9691417634106205,4.299231636217608,6.233662282504177,2.47404573623818,6.607788569863456,7.506297526972431,1.8641035633666094,2.2292924189316774,3.1593956091266384,3.17121751689785,0.5423121627826326,2.6534305198081416,4.68939675988256,1.3949528708140173,5.666789526154746,4.191304226963668,5.329372771503525,3.295844732611404,4.505259926114434,1.545203142034869,2.6127955470634863,4.320969098725229,4.001891359756195,3.7100544582474866,3.9282261210845544,5.915267697440651,1.822029053544721,4.760704504245119,5.79788307177857,2.473780820132416,4.080626214643738,4.035043700455777,-0.23349024522794526,4.933213735254488,2.536547884902034,2.079882235369233,4.613784489998667,2.7511141602694114,3.326826021881916,3.6949984285699493,2.9449867402571384,2.3133201436878816,0.5732557367879529,4.164036133182449,1.6576043073230213,4.590280733146024,3.1061913338104437,3.9181273531144196,1.790067130679224,3.8932926163864847,5.4540689924298755,4.351960552109137,3.1844071730247716,4.611956824654684,3.648988538865564,3.692650706537039,0.9425989953644112,-0.3566076629654704,5.272858466296473,2.5789087861619526,1.1397661846983358,3.2997539234870086,4.478990603968647,3.9433413712788674,1.1612830663113196,3.2075562388219385,4.290263330703873,4.213668021366706,2.663510882353428,1.8631997702098766,4.661301269889566,3.8784913336850355,3.7036298811251545,2.188543800818429,2.315716926022753,3.187591096551297,1.6644177526481312,3.99732711798288,3.443104935571051,4.444687254226327,2.038657652178422,3.145909228679547,1.676800517774728,2.2586401100383684,5.053171255276764,4.925859595616905
11,1.2910764903487895,1.749280159920765,1.682497009611424,4.95402771955082,1.070289882539277,4.026968332438555,6.400310426297952,2.60084121993751,5.014751006812847,8.012583820548176,2.065227034745493,2.225573464553741,3.036072859871131,3.340789235473751,0.42802343028674894,2.5702367795570886,3.8094605632276854,1.1787766285823627,5.368196446887207,4.191486262793351,5.273806467017293,2.7647356528728606,4.316376168360248,1.6913604912442661,3.193429003645802,4.175732186038658,4.1637992470767,3.5439310450650927,3.8934944321458076,5.948954776870126,1.683509387448371,4.738949952381344,5.911778841419357,2.677919605828009,4.063552338506214,3.377203086759056,0.15678031810439474,4.84760713395381,2.3952762095268816,2.206255923631048,4.360069170556807,2.8705513557802433,3.5259617897790605,3.8237871874783234,3.00350484369662,2.6955105895070224,0.5768328530453299,4.384434611594484,1.5802492344068606,5.109853632668203,3.4013071758144893,4.518326753294661,1.5698383352529584,3.712359651515702,4.41655145063477,4.362433520144674,3.566437543252874,3.9975596816361207,3.9667314325986514,3.435707068719416,0.9256895017052997,-0.37285824848083493,4.4387215182398245,2.32463466983993,1.2012426209949056,3.189233528898729,4.032929716080892,4.10522190726757,1.2324469170967791,3.197798436325643,4.537776431387494,4.23815644022449,2.422782154397532,2.047958029103987,4.660961125141384,3.6029535450175367,3.7955841227456784,1.813824192189999,2.159096764116277,3.213737600964444,1.5145906957124926,3.9765434012297156,2.9686106281794844,4.454081605622627,2.0990220721711506,3.2610148717204934,1.676460750010311,2.6188891752651755,4.863206443047159,5.328724623309478
12,1.4537783149392234,1.5515718230618123,2.4487236603170666,5.067850023139039,1.0705961572492049,5.211948147342482,5.729649785681914,2.1450931156543103,4.875029322555004,7.7352021220082445,2.089787062098929,2.3792640320239835,2.769928980290964,3.6516034500492474,0.46677240452063606,2.577873005271844,3.88490083305825,1.4272515862991764,5.786569206791819,4.124140844809306,4.374768557651427,3.1578084461482616,4.3672755672396315,1.803465248735107,3.03706388484684,4.754055146591485,4.323598047911989,4.278435696925228,3.996989918670695,6.490761073001975,1.7038515232783376,4.692156985783702,6.163606509866085,2.7659563817021544,4.091764584206429,3.5710664809835233,-0.12708220254982994,5.575510736169049,2.3257359391992294,2.0755739986930486,4.835170642042633,3.3797732288567977,3.45339705994827,3.7105224860523673,2.8400427753936395,2.2388268793357944,0.5305767844306963,4.373503930702442,1.6736310198791318,5.005021030259625,3.084261939522631,4.150676528670516,1.6361795327465876,4.130918366124673,5.1886270642080365,4.2498479998643655,3.4883128253846207,4.405100155004433,4.114211803283251,3.5397041639899425,1.103792410195239,-0.30029303110497896,4.336271888541576,2.643719516609064,1.2166771426409289,3.547118871468161,4.073992194507304,4.009363941612088,1.1540114762156894,3.6322719604904794,4.020349100058024,4.072569913363495,2.3224259445692303,2.2092593974556824,4.834263901427133,3.834205805857934,3.874100855833916,2.089783395166183,2.1785522033454905,3.0519505355678005,1.782755636213561,3.8751723187845384,3.0195563044058846,4.479327220028469,2.101453813768957,2.9934532838544,1.7068933237444,2.5812116754709775,4.457502267423757,4.865047473741481
13,1.5955227954060973,1.6059591430991307,2.0868505227921976,5.066374423321372,1.1032363606083893,4.304623107911463,6.121220154965101,2.4310954817028616,5.638186180545599,7.814491455214415,2.1577864839552374,2.3999192664866853,2.867329249675977,3.310773407500621,0.3457277770247802,2.5635884432927214,4.155533051083466,1.407291359087191,5.614018712097617,4.581094525560681,5.231690186820574,3.920227011045732,4.3794144679592275,1.7422076488365374,3.006836697288021,4.64087665902005,4.143212657179078,3.567714937637457,3.571155447405678,5.797220828912199,1.6957580067401419,5.033740237598583,5.083209162135839,2.4540954148136196,3.731569813365878,3.488381951611646,0.06670894562974983,4.939034149096797,2.634155463845069,2.0608552233636983,4.454565251834248,3.185600656904774,3.3009365678561196,3.642425366142632,3.4441289787948888,2.334299584364654,0.42496171074238,4.452678336593264,1.742694338215471,5.287922217467079,3.4886625669283804,3.988722943633292,2.3897895544350787,3.8467014045304966,4.78267373951624,4.251163457919731,3.5819909631305826,4.4457172332185895,4.096825494867259,3.7426847624818302,1.3380848512147616,-0.48246546912734,4.521324655489922,2.4066175361536004,1.2029653809471144,3.0861075605353894,4.295486526156811,4.033464945540632,1.269465006761827,3.68590898774153,4.602426692998427,4.237906355572855,2.349061280187068,1.97748909598735,4.682536806223176,3.7369495705160007,3.688736437874658,1.9495273001016633,2.210117965947883,3.5822917133008705,1.5994253066284632,4.00776519722721,3.1845092199376674,4.4836934042502925,1.6995602120035926,3.015287540713348,1.5719087603773012,2.527611256604314,4.89814208264362,4.8832228965568545
14,1.3107519045171871,1.5375353942210679,2.3084592700227082,5.310331998796296,0.9585290711729009,4.514627093240261,6.506090296580841,2.3356010110781047,5.981281768028267,8.073003617380644,2.128517647457273,2.498695076716216,3.0763215814471563,3.0179066965122496,0.4531563910884131,2.639077951732226,3.836112583959815,1.543153159045157,5.962245037183319,4.051499108109876,5.110966794213454,2.9847478403239225,4.512053893677653,2.0292572441703065,2.9261161131213997,4.929192575270209,4.413320400535319,3.779432590927307,3.9027631201849786,5.474412845969814,1.9649066714736723,4.990179735266736,5.36631307498522,2.7054349672379723,4.367670049108041,3.769604065298467,0.0339629047052612,4.993220949171636,2.674222551451008,2.085971097444261,4.1122877775936555,3.031308807607811,3.20085797388242,4.153861728464049,2.881715541543048,2.3100818818360858,0.41158582416749,4.504193685389561,1.6394171794007573,4.9368949074886945,3.225925359402902,4.278901633657094,1.4724070505757676,4.019732592446451,5.416701852757638,4.515581224605474,3.170111590490863,4.587805354955892,4.015885673542337,3.974746657852678,0.9468673425667666,-0.35931770671820473,4.870277676553119,2.7321567306551513,1.1796969158488064,3.0656139626486203,4.313720505417201,3.1808405080792594,1.3635033715956855,3.5222057828382587,4.203091046546236,4.036018592137444,2.451490614058972,2.3604873357383593,4.35263090221838,2.734205963986746,3.4767237672131355,1.9936110742216537,2.201742777031789,3.1517079012592766,1.67399795382389,4.229495335022786,3.013358485669331,4.773660322470125,2.0030004360619005,2.9819813957045778,1.7571540714454026,2.349699823899119,5.472616540331407,5.080484468948616
15,1.4041363243899667,1.595724989933756,2.758662762682672,4.832187368187657,1.0198092024652956,4.263553139766312,6.535065693793818,2.4721086674168475,6.637788709050727,7.980669162569278,1.934980279646559,2.3614705110855407,2.9517680597828537,3.076762411373001,0.2674573364696178,2.616448454669708,4.122595159942452,1.4576199065428748,5.95788637999792,4.105843863829544,5.11341601892919,3.994774933801792,4.397358855063655,1.670802248420037,3.1558396287288897,4.354826379108497,4.22012705246452,3.4888862061871064,3.720116985337165,6.399303936618244,1.790756715851088,4.805602837917624,5.457551977812018,2.6652485988166497,4.2176733344498825,3.3765612197180843,-0.009367656942097069,5.199624294442942,2.803793501613117,2.152835179315845,4.279561569619131,3.0525806050221025,3.6322020352513764,3.8934730839276463,3.1244316108936903,2.0425960055747314,0.3958578756547281,4.68750704620363,1.876487456042775,5.007071991552626,3.1365780406424406,3.905836563167413,2.0804937937532504,4.0871170978649385,4.993294852853532,4.394113619397956,3.3332032203307573,4.224157715301513,4.232784555983496,3.858349092560509,0.9619599953964588,-0.43133921824331,4.350402656641764,2.8878153427667153,1.3156807358439104,3.246042949322402,4.556487600214753,4.029238739426738,1.4794126567483372,3.0815157972678398,4.328345373276128,4.295867589588842,2.3322618701138507,1.9748844868276056,4.9956023369933895,3.1584498352038306,4.040187775533028,2.0594534142885825,2.2453201237001457,3.551238986048964,1.4722955413757304,4.116558742347431,3.3184176327556094,4.7544863713213985,1.9554593563374398,3.1341881185772795,1.8320558666676414,2.465605943772297,5.302872257236617,4.915371544503861
16,1.4551795320125658,1.671488792327147,1.9875055940364073,4.655431790774077,1.0344853739765805,5.41304011758947,6.128024884467541,2.1688299597090386,5.36387124857319,7.569178345206803,2.032021705182922,2.3369436669111767,2.829717600706473,3.7841957625144635,0.3046575024903042,2.7106936056789777,3.9052125406634244,1.371884044349153,5.401606485813565,4.2424448904351815,4.495604464173207,3.772772436059895,4.104865939430364,1.480970951762474,2.942314739557844,4.361535123665151,4.1734895043114815,4.531482082311303,4.0439750688822755,6.421651936111402,1.6826350040907136,4.84078791736394,5.168426934581011,2.3791438632698783,4.002342022370215,3.411078639744976,0.007634025663830535,5.13300520513386,2.98019210957992,2.067155262419547,4.408009947137744,2.9680171541018185,3.4080806573151046,4.480667451631494,2.8239889814614108,1.8693180886252283,0.4853200559475368,4.574605470209672,1.661882983891645,4.996325820095159,3.1695343695464167,4.049145619871906,2.009839447626735,3.7955852339438083,4.898641590140085,4.207921400403487,3.9118917243438425,5.0878982037099325,4.34058411791807,3.5813569698803986,0.8688009636490186,-0.46536546992208994,4.925101029739562,2.588619740197938,1.2543690919695112,3.214187962606925,4.179159963762777,4.17030619544661,0.986751034944878,3.5534073678893945,4.195019297101753,4.229896921088594,2.225943540038116,1.8686862036375507,4.7509018359327655,3.6923330033321933,3.6559244698097686,2.0260716585600993,2.0264716321673673,3.8412677343864265,1.7000185142160922,3.504669351714046,3.206562668160743,4.552652685344507,1.9212763631081033,3.115905649346857,1.8798492906138937,2.569086513163765,5.0569811767231965,5.000583257185234
17,1.971742236698364,1.6452016057965295,1.9858059937220878,4.488182286749738,1.0423505577071914,4.069282080808293,5.931826161730619,2.6542713010606875,5.791701709691221,8.102213105583175,2.0930466799267107,2.2775658725123407,3.0958867344242895,2.926377565039915,0.5034114911022769,2.5211076098242335,4.6667482760133545,1.3607180676597492,5.885898518328968,4.257865962929112,4.805227895241409,3.5915744093060438,4.4504046643308355,1.5950048013886373,2.9370641168327767,4.831290570281566,4.179124477155922,4.251778013329379,3.8650711618405853,5.694055329346132,1.8233447332299837,5.000910970468027,5.582098156170499,2.4422153788655,3.5929934393678646,3.2395892789540426,-0.16188758198103192,5.209883641397424,2.765343350809161,2.1129624037442243,4.119146511667324,3.092587370044156,3.742790128530502,3.3411743859004153,3.254507316594368,2.088025092311182,0.5543792432115737,4.0246629915502155,1.5428273434860906,5.00113785127986,2.959101953899003,4.125426853450442,1.0808326406091049,3.8823682296509823,4.731521797761673,3.9572792265908006,3.715549088482802,4.685310595554201,4.466957545390216,3.809229292525039,0.961701032999358,-0.3863255482793915,5.331566365011155,2.033709075889914,1.1945031355162608,3.119944349025938,4.420148692703312,3.760581936569913,1.2056117310284757,3.4750348336485817,4.4305964052199975,3.7569513629301174,2.7336261446836883,2.3434940427840636,4.309149603541751,3.8500946230496833,3.578395593749465,1.9149782895081977,2.2058974906114925,3.1557007574631513,1.8453875115743141,3.888065719489281,3.3569516111140714,4.5885465419133755,1.8523818304236657,3.3346506436075107,1.533371273684805,2.8097865904700887,5.048281719790898,5.015068904090459
18,2.0738286593264217,1.6894648476328735,2.0102512759306976,4.6111328490832415,1.0721122808730104,5.268256961612222,6.001096517115649,2.1790561044690233,7.099617670572387,7.577466956724219,2.0385298557186307,2.4845253174937403,2.6332816161058687,3.118261820204072,0.3318124002828129,2.368281646588536,3.932573047212802,1.4751951457346522,5.266643017941222,4.457923211728069,4.869014308324177,3.040351939407275,4.172768188210492,1.518810296865791,3.3100031914028385,4.5009861339111525,4.11227044869464,3.558314070046241,3.686080303602822,6.178320749291588,1.7494700556953309,5.0816827119506,5.506232283934331,2.54137958616307,4.24743748778326,3.4939424223817643,0.19308924590332377,4.977126009404643,2.439600212409994,2.194021978861077,4.735585010713437,3.1032367400241174,2.9255882285279275,3.545751931487755,3.060127562085163,2.1746863287149836,0.6322394198326451,4.40796516537782,2.0033545310260155,5.14257033422813,3.1628420428431996,4.216611618868993,1.4471722739305586,3.835996135313004,4.126684051525594,4.1544930982121855,3.3937841494785106,4.059678502730276,4.689252783494914,3.8606737170566148,1.016103395015958,-0.43038753100321436,4.721684557473017,2.4911767368374544,1.284089809569712,3.2172747363400838,4.273821882168561,3.9907686173610055,1.2009332000070743,3.184970866644447,4.558254240572833,4.472382742511354,2.3778558626599513,2.009546345482269,4.659285140769345,3.583367384569459,3.8724228858319245,1.9728284844588488,2.1417822177479593,3.60380455812944,1.65467769074482,3.908469484252551,2.8412887626451635,4.425633341384028,1.7682928663394466,3.163874271338071,1.691349160068167,2.4214722715275085,6.007084560290947,4.805842678042782
19,1.6250518246867625,1.8457419337070955,1.8206150395399638,5.37694437931177,1.0021074444930456,4.193359122027442,5.656579803360058,2.2056605470308064,4.942413331569792,7.613574964859552,2.0858970704690263,2.5177832020626667,2.7746077933587934,2.7647960251056283,0.3904815554053953,2.469124573948904,4.012523346864801,1.5781639810622567,6.067759264804927,4.410583797738525,4.882908787749712,3.274899927586964,4.735496664479126,1.9782047241936853,2.9504021524763884,5.2197859545546805,4.379445827906259,3.3741466178994326,3.7497340462362647,6.699029808889427,1.6019909735218556,4.791374973570915,5.354642940841232,2.6653856474664046,4.132189753069625,3.5590677734925427,-0.30160194314992683,4.7079984675711986,2.6489258450966497,2.1971050632812816,3.7529811670558493,3.275920424385004,3.0885471562987084,3.219178619523149,2.756407865772539,2.9681750442501453,0.5942190903426585,3.949894066059586,1.3374325043555264,4.864178234086204,3.332075531369015,4.448457974027969,1.7042862334742235,3.9868318483852327,4.927264652729888,4.45812908239745,3.18874901843083,5.127181087268911,4.745937540120063,3.2742487859235303,0.991449647225652,-0.4589839057690761,4.851185086986915,3.2507875078358834,1.201864031426625,3.69967392764363,4.254189299785924,3.331994635743392,1.045760904120197,3.549861123399819,4.651631763042767,4.032873572901197,2.3372241840955557,2.35255873181983,4.74306546640681,3.82489918712405,3.9280335321806414,2.4098708697716535,2.233110825422716,3.221986615378542,1.923412135195691,4.285216759681184,2.827148604729882,4.542796493500679,1.971531469605762,3.4527392130206502,1.6794935403085693,2.5438144470681,5.206259808613062,4.775770309801952
20,1.6714011084337717,1.4328939213423533,1.8115737812047412,4.970439034258064,1.0531841915089153,4.068993079394766,6.406246689459182,2.6102292735156762,6.532407071103395,7.431872734051224,2.0571589899389826,2.4328963228754117,2.827980322679995,2.8833684312043117,0.46890754700829085,2.562355829058569,4.172791446281746,1.5329440049372969,6.048724216109935,3.8781645986013307,5.098053697234926,3.299462529416154,4.536172689768867,1.6133937844017896,2.961211891458941,4.719256020825411,4.031583916325755,3.7943902191158125,3.947223619768973,6.260165040296322,1.5450505717834406,5.059036174992144,5.412277420824426,2.8004118294771687,3.904065228385358,3.465866326726303,0.26136445744995007,4.9762130381930145,2.4321527246890344,1.9155868304298505,4.149327281379509,3.134210695902048,3.422127436421885,3.986972304876752,3.389278567962865,2.263716397064567,0.8270832798047334,4.544807277034879,1.7931751123726007,5.196295898903662,3.3196183409565574,4.7046252138149605,1.866116361684759,3.8980952723152886,5.4886018786843795,4.269437028649976,3.100566524033975,3.9091141721562983,3.6770686162321558,3.95341173061487,0.8843351853050336,-0.31156735402241953,4.874249604003214,2.337298259497539,1.087614621735567,3.2370471691641027,4.573770354134993,3.6036484459561944,1.3796153845589023,3.010797896463255,3.9015683390696028,4.5379554308763765,2.6938403137839684,1.8952125126325865,4.642683447910729,3.7876138178456573,3.5297732799894073,1.685060760224036,2.1137835768276645,3.623239604219564,1.8892662006973897,3.6077800232241723,2.757811624051868,4.322552015450167,1.6961681679639753,3.437582673761607,1.6889106270841365,2.43618579906839,5.656401448568436,4.590551684500472
21,1.4498954840589073,1.5036903493634652,2.6815814545127497,4.992899393712927,0.8974037921655356,4.045535718076355,6.2762797748031005,2.2762613670886864,5.899249892577691,7.739819863482656,2.194240183353418,2.33017906480328,2.8700228064535827,3.143796801777027,0.3164265862804174,2.4968380157274277,4.495072942356027,1.5557869953465524,5.336543653679613,4.072980552489396,5.399567640207598,3.1829886202316766,4.247170085195653,1.74475499043819,2.783256731600711,4.489841932997658,4.329637367817108,3.625870328792634,3.7902903973803976,6.295939676789131,1.7265929577082926,5.090432916096464,5.015124442628541,2.5694061405983493,4.073659188223279,3.4548526990478043,-0.14761814217437053,5.203128328139645,2.4919458994672734,1.964981070129225,4.274772125256806,2.9275538626075157,3.2280412009666626,3.7375939266148954,2.96108690145978,2.3765384176567297,0.5486230845984208,4.234121866057324,2.0521710523466736,5.2271221252647875,3.1985277930377984,3.8723210345452665,1.8002810835372207,4.105899379581787,5.144731675997697,4.234372439248473,3.508645679115233,4.486783028384513,4.210309574494104,3.6849025266981883,0.9270612543200487,-0.35547498685031087,4.452373189093666,2.4910903008346184,1.36974026626233,3.193436842940324,5.184165032379829,4.028621296565171,1.3843741188194563,3.2761834911346135,4.0188994214233,4.215669335863012,2.3416448336937195,2.152252896134862,4.722729893665506,3.716367286126446,3.6806129223572803,1.9330565721295627,2.2727571681881464,3.049561227655195,1.8211128534831935,3.849348771988529,2.981759991092619,4.368135367329577,1.8425616858496676,2.956155595990358,1.76881027982301,2.6894297439873176,5.0430235459933215,4.86665100378519
22,1.3420504055162183,1.6826292685941941,2.041960325184635,4.659338358424156,1.0967446055095529,4.200090463095889,5.839799813965965,2.2111824659682435,6.197070548003645,8.025915171448302,2.0097276322528117,2.296152274718189,2.7576740293484754,3.4094485487240798,0.1788387622342098,2.9331955850410303,3.9629997591455126,1.2273269366581525,5.1904548580765,4.256592139656524,4.709009873524844,3.411432191341329,4.053640348201396,1.518888443399109,3.056441394104139,4.754889036848419,4.129567701101853,3.579561829413933,3.68944077205766,6.266545774359244,1.6657172291274585,4.572156733243544,5.372939075666287,2.383615909476746,4.220992784873194,4.050906922625221,0.12901963065141242,5.291191576274041,2.55779943755162,2.2186146851817004,4.29270236126669,3.2040602330077546,3.867076857599935,4.102080057824926,3.1302644388840486,2.196237559245402,0.6043525742417502,3.9610391063981005,1.976642348560342,4.7977381571361,3.1196620363804586,4.072756927935938,1.8877225903479342,3.954470296173495,5.500187065467632,4.324039563789451,3.66508212677571,4.663792539810603,4.045674128729338,3.980465847794041,0.7200928672195728,-0.4033156728667242,4.166947907924147,2.5904208827465975,1.2808702918852874,3.0578400899996794,4.339798403570444,3.750960787214292,1.433424954739413,3.4994144641313554,4.235947388856796,4.2291997332153555,2.3760345817043245,1.797602617857073,4.4747067749219225,3.782899057620596,3.670001464972917,2.177900150608636,2.211379954828703,3.228921987326193,1.7109369329693551,4.265584252007942,3.2868608677819107,4.7312820224456535,1.8990661907991653,3.330939726144694,1.74885146881414,2.5116027120151756,5.109306990292687,4.626853930070896
23,1.6734303303405396,1.764116490824729,2.1081315288730833,4.9729437703245996,0.8905018686256785,4.323948677628386,6.069601016703857,2.1776263138379264,6.8607222797755725,8.016779723054945,2.086273326307199,1.9824372103159391,3.3431445347154662,3.4135231260005896,0.35712148748559347,2.457784406297365,4.455275021630276,1.2957391756895138,5.403698290867268,3.669595623440605,4.422594923476221,3.514242361186346,4.281437654157914,1.8004980347225514,2.897359384422724,3.7502083605945895,4.480110860471617,3.786229465764781,3.9476307253579948,6.593460722934255,1.7877694885857687,4.856927154520298,4.734087238441108,2.493839768894152,4.248591990986878,3.646919492172014,-0.011991084146391051,5.361669448264554,2.5121301611509494,2.0287919343275957,3.526805612615319,3.114439020848664,3.3265887537143795,4.033870636320468,3.3295652464071384,2.415615116240227,0.6384097068861317,4.383818502546572,1.4448763095556252,4.699210374829783,3.2344139252377673,3.9889861439592824,1.259412843674939,3.920724414332096,3.8293930996505026,4.234501901095621,3.544393645814796,4.502456547787661,3.8604867773196494,3.6760519146124055,1.366526372950096,-0.46449731169687425,5.113178095316686,2.566738983508845,1.0631395354932343,3.1496243714001544,4.1736526963706595,4.07301522624754,1.0474860948109703,3.658487932828532,4.545638083621148,4.125313261565328,2.3180768466286623,2.1943118168485025,4.644924343266033,3.7962776753415204,4.087780095628931,1.9155569644131558,1.965934305906637,3.0973331389019854,1.7316963788575164,3.615498143735418,3.4817264542125645,4.589577046806747,1.8852582996598999,3.184890705734499,1.5724238034769709,2.3710093064030193,5.365084434209553,4.9621974582644945
24,1.5183131176480877,1.8155218468214835,2.8782706232638464,4.645610123746012,0.9981211720363561,4.718968337962152,6.035381279127146,2.8329896712630767,6.743122446352958,7.52456041651896,2.010439578543579,1.9990872317622999,3.0363464142382712,3.447341981504568,0.33545163849599247,2.6436322097604803,4.050344664763613,1.0797198820572742,5.400064329122667,4.489956160912989,4.88206824200653,3.2084253909832796,4.180045312435179,1.8310613224215717,2.808851871506082,4.574174384186373,4.1999056338802045,3.703103079054569,3.6721182719338525,6.489709410058682,1.9409300609050195,5.020747948026085,5.251945611159624,3.348686352762208,4.133104583329299,3.452941532967652,-0.07188658043411866,4.92339642105931,2.8417918351997202,2.116202362264878,4.35805025093474,3.2148425366940154,2.9696738358951627,3.8461733167577465,3.178696550606981,2.5595060394827467,0.2849940164101711,4.337892360484577,2.242694753213229,4.904002545092046,3.4365122961685817,4.132858585612626,1.4091299459845317,3.917557083044711,5.4816892376516755,4.443532411229533,3.6582049441946864,4.285136181277115,4.3970736417271725,4.035073825966203,1.1606061422662663,-0.561721934717784,4.502452014679415,2.778578651616228,1.045593498270183,3.500975523534943,4.551881782289721,3.8688224011065886,1.2527711822249974,3.6127880627291473,4.48652366967755,4.286079533300345,2.5193237324207285,2.311670167325864,4.606937420197674,3.1818097425586678,3.631189464982895,1.9668339609255672,2.190126178760509,3.612894347535695,1.8371320819673551,4.280579210778319,3.181790425149539,4.416346010020211,1.7943355676011057,3.1608806067806876,1.7774666370102368,2.664743632668597,5.4687351575202,4.972502911997692
25,1.6309064223870466,1.6853749825983124,1.8812616947108143,4.652813219145186,1.0174320211893688,3.9582549573615697,5.88576961455607,2.311425469329257,5.350968790913265,7.882877665889046,1.9750961328803827,2.316394788335243,2.9061014129397966,3.266985401415461,0.4485909519177511,2.832545055137205,4.644531408411808,1.4420952546461354,6.106195748324101,3.8086405814659434,5.583166986221603,3.301205820942255,4.327929023335717,1.7599325748047174,2.6605444886775844,4.976536615206159,4.211933164918085,4.387874003756756,4.286475464144661,6.332397861513182,1.681132817384175,4.918468523976043,4.994058386852266,2.7522454455833647,3.902395486141375,3.4082678943312583,0.25229776685318517,4.793009608087065,2.244045557188841,2.0039462145530873,4.053996851797114,2.927065545153434,3.4213233744661085,3.8201988515811163,2.8804539288201205,2.230889683266066,0.5170791373163506,4.496881921082875,2.1990108150198817,4.876227399449827,3.146062197381533,4.845463676884467,2.307502641823816,3.7633455433624867,4.847975892506438,4.160864971034858,3.406066284918223,4.291557187415838,3.8283638854424282,4.3817612700805935,0.9265460715026244,-0.2770966587656227,4.5243806192524065,2.8644152339997184,1.225141144033125,3.2183134614730666,4.295708870493505,3.9202811539831863,1.3140946527273678,3.5641636864617876,4.565554112676972,4.18806358333777,2.3367655222342627,2.1884193039861897,4.9145771978854444,3.4508735046739933,3.5892911075745415,1.941127213393925,2.277950567601409,3.0634211846468844,1.5726526554586653,4.005642918230597,3.132638316886882,3.994443956376969,1.8831666657513926,3.1592903957362526,1.6550235093570946,2.549396208535555,5.729427633599751,5.506764962395048
26,1.761095481016179,1.8117726003561547,2.3383604329347136,5.141181547454646,0.9516735147247415,4.425729379587699,6.093976171130608,2.4901245079304055,6.003542961797388,8.001948095881858,2.066908250335125,2.4870672199998607,2.9099725430426533,3.4199589517984648,0.5477388655443169,2.6354694063895727,4.482305745621126,1.494668680095829,5.495548526832565,4.302138690719106,5.077772120266219,3.2140716448648012,4.367153876914201,1.8044320336182065,2.833113769015159,4.727907039148316,4.364529462810749,3.8678231985195257,3.632321483829934,6.294375701034955,1.6350816774748926,4.726254917602803,5.2009233491249525,2.555024352082241,4.215195674837992,3.861987627121311,0.14341032357171457,5.266893920622163,2.405571876518004,2.106702934322546,4.153048637139092,2.8513260400801617,3.418238052084493,3.9142352107267113,2.6528048114529996,2.3197025317881277,0.5989892856173296,4.322077066651231,1.985132421548924,4.895459599998226,3.23852424058342,3.84950904019947,1.1739626214976964,3.8988786673161138,5.244135387390283,4.305526527796883,3.0546222549337068,3.9808009317978286,3.901932468995676,3.73676888281073,0.7846790463016093,-0.2777989421645901,3.922409169717583,2.494987558328456,1.2618000276530017,3.2835298616715383,4.480940752786417,3.7135402226574175,1.470044771659671,3.39239879273331,4.659275406239511,4.274888953510731,2.6188742591622787,1.7007555902435647,4.7782217287222375,3.6267885202503694,3.72512358610797,2.087010080973706,2.131284097922788,3.3066842608429994,1.7815170757732746,3.6629858347350925,2.609552194810253,4.71679620737933,2.2088718801632554,3.220640598874298,1.6621699968400745,2.7272694160606292,5.501373032428944,4.931198176907892
27,1.7248367502752568,1.5914816935450675,2.014227467655453,4.917276789257682,1.1170563388960666,4.087489897427301,6.096291377077415,3.1583774540741496,5.578664625907172,7.670256465389789,2.1578418922551856,2.2221358396266973,2.938602048612699,3.3941618758165077,0.32685705642711493,2.761662958081217,4.1945556172578655,1.471056164426241,5.8680640409807925,3.612406558076768,5.055565838309196,3.028240983507286,4.250173767983117,1.7504092526302804,2.857687645421697,4.570661538167021,4.195503593068766,3.7046549856091757,3.9252355781624253,6.259158320591602,1.8287141632628625,4.964471977559262,4.9396235144357865,3.027693673228726,3.9528909261591125,3.4633967142187245,-0.06596982712729815,4.923533912160744,2.852870965506888,2.0458971489448157,4.2212035842688,2.88119049663121,3.380967413023755,3.814542758670815,2.726114895872075,2.2497354622762864,0.46316599336665876,4.154052825886409,1.743516694430739,4.921569710754191,3.3838439099533435,4.280171695927867,1.629357846535937,3.858527749126838,4.954583806570078,4.314502326769427,3.4906417194860935,4.45531662914432,3.494803813823518,3.6507352634109145,1.1085750820482372,-0.14931277881201277,4.622988406904434,2.821743346043098,1.2530708042018672,3.2252692754962995,4.429021772392607,4.049201838353681,1.1905541722113802,3.488505814953114,4.50548009282871,3.906914566561505,2.377854239577687,2.1285910758400823,4.674119370402273,3.6903425811559925,3.681252367700745,2.021266199815223,2.054972369457289,3.168335540846627,1.668380490783212,3.496463300132141,2.903560666977741,4.395259912627242,1.908643282767252,3.2281379228704266,1.6104622071934835,2.5074625990329795,4.774424734992452,4.8644294388528975
28,1.695854668990398,1.7245240847184091,2.906434947113798,5.209438994960312,1.0769539763583929,4.253441477568111,6.307995913625557,2.4100632347357696,5.780633119902508,7.613632316026349,2.0107966069745853,2.3467500842399485,2.9769371009050722,2.914638614557492,0.29932586775007586,2.8251698395111857,4.175814368076554,1.412976267469114,5.467044055844205,4.000919647180687,5.004114141166669,3.066827009283899,4.159613028031774,1.545624307982136,2.798262148932527,3.9328378302317257,3.945769820741723,3.7442605885620894,3.7582803757288445,5.91072203418702,1.6746769954578076,4.955470269271518,5.3207751830807615,2.5910443988165275,4.008426670470293,3.4584416657076074,-0.29046391731731536,5.333778669532846,2.61536188712079,1.9435931767304702,4.374957217648311,3.1915674219189087,3.4227472679616797,3.941168305515122,3.0329470201657043,2.4611464046904254,0.33562518350730586,4.447896270293217,1.804052279940995,4.9069433938146,3.372429156648141,3.7504414211751573,2.414839580952635,3.7774630097555546,4.867678600601374,3.8795868647152316,3.6265495662147726,4.4413844493812915,3.797258884924091,3.8677398346126837,0.9421461073951991,-0.4230637480078485,4.229101458221383,2.7146300166164212,1.136137092458025,3.2130112189149242,4.332727101427079,3.856427781807984,1.2953528465247293,3.601571010674486,4.23042085698756,4.10775038856473,2.4302979564430944,2.293706614052164,4.514797679177853,3.7496684481860774,4.071184599423887,2.1914512506412334,2.2530626155942253,2.973330193039989,1.6696053130224446,4.201091716174035,3.250468806519857,4.473968022024554,1.96790715694284,2.944025820289526,1.6834474226306608,2.3975314194813198,4.737202484514509,4.754314569489411
29,1.2679570961462145,1.6984068835826112,1.8920769871598997,4.928582122204357,0.8889030054659859,4.804356350263784,6.0193431088246,2.256081870616376,5.751138622206324,7.205709581706701,1.8130787273056033,2.3531033698058543,3.266998184983421,3.381639316306588,0.38945078690849044,2.5862978164038153,3.750529445492737,1.320192741328946,5.616059556956694,4.06254780563139,4.93847402436434,3.6926343037132705,4.311414114998772,1.506691392007466,2.6786808844664827,4.346805222967109,3.9449767143322783,3.522305079813866,3.7363330651982984,6.421212568437962,1.9991115046752206,5.083541613071919,5.01022424229865,2.4567876233611097,3.8817485517221204,4.0800094358273356,0.09517680473021528,4.958902659235918,2.758914589365423,2.1559473839769923,3.7185777937159474,3.0535699118891264,3.649633765240142,3.6540686751359726,3.258098861624421,1.945639980420249,0.47501792459080017,4.567184728879805,1.9628371846925219,4.811251973002479,3.339346454434002,4.398268067416122,1.7130537576402105,3.3848663031495385,5.416517315256954,4.408907191858877,3.2449550812909145,4.466276708864244,4.014352712732926,3.8286105423554018,0.8423546068434189,-0.20495675682441616,4.642883084551305,2.9611068271274017,1.1874084898687731,3.390033971090795,4.426325598992568,3.6624112213039246,1.258759860373989,3.4663410780698802,4.37924121132958,4.570834339426876,2.3307557224736453,2.2120270043656705,4.524987048857558,3.23081472651542,3.5146705303768764,2.0044717027809216,2.1929438632260694,3.082316277851616,1.4409516270705145,3.9373261659797336,3.5506442614458193,4.4949166764426085,2.0505017706142876,3.2694212870670256,1.8559788855641015,2.3819447528159845,5.162351332886716,4.675067818576199
30,1.5864153728251598,1.4963584139185193,2.0234375926828774,5.01867489032224,1.0619548171377202,4.059622176352221,5.778062704277767,2.3488797490672333,5.432031982394779,7.667465009591865,1.9017677948980836,2.3852366695489486,2.830719585497814,3.454469822691302,0.402631039212324,2.6313033073228276,4.037923226637321,1.5847738635822788,5.941594424901889,4.2936787619783345,5.150272803821282,3.3005279224121633,4.202414748802514,1.793612230292521,2.8315130537231283,4.681012958722657,4.134380514385501,3.7436228216695753,4.255011759520415,6.271451866114285,1.8910059265582013,5.069104536882273,5.099510198242126,2.387994864084277,3.7859817494138195,4.0576609697163235,0.2945681309888015,4.961752556970868,2.50362579751224,2.0190765151457093,4.111634117223175,2.9012194024235534,3.1880267969703393,3.5150650439334563,2.83221208870172,2.261408911395974,0.1792227624885525,4.186951183704538,1.6706189322328329,4.974899925898784,3.097696972855017,3.679545469349841,1.3225907495981328,3.862878821951309,5.103973854178084,4.087685862065284,3.457398914407805,4.623743968295167,3.9234751593370705,3.581227199111841,1.0145931641188004,-0.4582421281905402,4.47079987251437,2.890409317758478,1.2681445396766526,3.266673564738248,4.6106886650545915,3.9479620312379993,1.4148318396926856,3.499498639754181,4.3252472890763665,4.1780458386518955,2.367201012889416,1.898059677002434,4.718625591563545,2.8927170709852748,3.726303351066916,2.1044881313677877,2.3080462486409843,3.0312922975953827,1.442148361914298,4.211300209102163,3.0375816828296784,4.151953605202708,1.9882496977897994,2.9910521877979757,1.6146163407747784,2.5892374915175065,5.172262118226596,4.8473567511460995
31,1.7266612682912932,1.5353243790387465,1.831389129059178,4.879046080355459,1.026065291823584,3.915082936778341,5.990218681596453,2.257388577590923,5.326785074494797,7.7567196872891735,1.948015468787254,2.2919591510084976,2.9218320512046363,2.9649434866104145,0.3416570421590963,2.6715445020313213,4.188627501209707,1.1719775395668832,5.307649163823118,4.061228588142798,5.280135468350811,3.4695686164112223,4.047074822229602,2.088282044077344,3.0967180704405908,3.9789531009215744,3.9459551088394704,3.6632433357568455,3.9024178881110174,6.375046934839467,1.6906443258333335,4.623047219161405,5.293631798129422,2.7521447775555226,3.8835415500966786,3.2749835098756126,-0.21454525634023924,5.338136393219659,2.550622918605531,1.927595342457364,3.92502039774401,3.3731873993841,2.9727812147664094,3.7016848966490823,3.2388647083791597,2.3878953008669255,0.5817639125106342,4.5078119944161585,1.789082046124702,4.319868867344521,3.0034006513219085,3.6271876852033276,1.0520212538212133,3.510123264535849,4.931887712147075,4.20080366998862,3.62265829987773,4.509210294135979,3.5089392975747495,3.3941190263411443,0.8996728378598595,-0.5139357933618114,4.684836765500004,3.088461150429207,1.1627438752562949,3.5964896455552946,4.20109833411572,3.5617110350382983,1.1948318073423347,3.596636696257373,4.451399524030279,4.345666606333485,2.1405080517884043,1.9777213040622683,4.852497485352033,3.8337922741201735,4.121434069175644,1.8051587364908943,2.207168752630645,3.222327085405907,1.7055350225740753,3.996525399213157,3.1089867867881207,4.4912844953683475,1.835926478178743,3.346749171169167,1.5762265683624377,2.607041278697872,5.927413340735433,4.8996726054659145
32,1.4041331288555323,1.819551377732394,1.894683826862929,4.888940820242964,0.9402701044802928,5.309161834450727,5.885356854434758,2.260783866737018,7.029227218438923,8.387979488897011,2.131921870690263,2.1705597393379676,2.787372777671837,3.125696764731269,0.384570801433759,2.534656287409393,3.6350898551912367,1.3623468965113092,5.820366176484275,4.447373023834926,4.452131093346823,3.154211110323966,4.1372627190883495,1.6527818647837815,2.982806470289127,3.9380751207151246,4.313534856489736,3.5556745207046294,4.07226587167023,6.683395240966865,1.6494537744775473,4.67859038485619,6.013005350913691,2.4588790364469215,4.1350768339023265,3.516197658482215,-0.09686133344120451,5.534000936557586,2.8512231031206365,2.0561195441087317,3.929715295988843,3.0577287812099123,3.2500299956610847,3.894170998265131,3.034437400371322,2.3043136021386568,0.3458091184893992,4.770975351366587,1.699573009540891,4.422740317554979,3.8132487202388496,3.83962890221361,2.1561823832320224,3.635032848238516,4.991836250752106,4.302376333923219,3.79965003780646,4.457736066155764,3.9924248843034187,3.709361424797314,1.0938606053824178,-0.4044084379469455,4.71762604869193,2.6445119781870075,1.1726341896861527,3.601601793234442,4.05278171253927,3.7369194894373203,1.1512566173413146,3.849369959429855,4.224537927474442,4.079877289956927,2.3738821301684463,2.2303170911772714,4.802405522929599,3.5093377882011447,3.7578978107890197,2.013663993508815,2.357469017628918,3.6629220218741514,1.7289106492679878,4.289866965675851,3.5675331062959748,4.507142369209091,2.0686291064115814,2.9302395529843848,1.8381695580098396,2.57098106809931,5.743563822470205,5.469020845468857
33,1.631937134566729,1.8893225152928945,2.2405866963252286,5.1394760572869895,1.0725803299913608,4.236220365752777,6.363061772608738,2.6516056849114866,5.882288550772451,8.056189717575917,2.1065994923047175,2.472255157771677,3.0261400755188115,3.3982625806411355,0.3811714265847619,2.5851781972338896,4.097997967342735,1.4901100505340938,5.764837626911007,4.255141757038944,5.055915822073153,3.3445872696976795,4.232000899537519,1.9056745900064147,2.7784283244703563,4.24108165182362,4.292368613040169,3.5011171036552904,3.981501385161043,5.9500228526733,1.5974991047235996,4.976522542073059,5.3693588998027835,2.662559555852597,4.058015385408245,3.6914510533633753,-0.018469443905164695,4.9154515982727585,2.1320419868768097,2.0960502872833797,4.4038581867187165,3.071118055727523,3.6077789084934704,3.8820632087550084,2.9313481156129315,2.2075050059248946,0.6695994389326636,4.709556111992569,1.7494864600102722,4.919778356154605,3.310838977070182,3.895437199091966,1.8074126135066937,3.7103719369834716,5.382178314181011,4.293454611781771,3.5470473173649477,4.316728804326145,3.8083908084025087,3.852257795202094,0.8535363115124124,-0.12738130425513683,5.542351346935523,2.7065485000109635,1.211740263143988,3.146608313759802,4.476795130165461,3.4500023022142297,1.4895867616564025,3.3711560638857385,4.356452954210328,4.013451556917903,2.325143466091001,2.1997341958261387,4.969602862756686,3.783834762973892,3.4851481232449633,1.9527198699881014,2.190925525439437,3.0248586103706274,1.7478240074826417,4.220495366975984,3.0412421798241143,4.7064893504488285,1.9616676868769334,3.3498085234218937,1.7516655866759312,2.6103037929340887,4.917602061648339,4.8644914181212435
34,1.4246212080418363,1.4894951779317367,1.9059137893876272,4.91124595921627,1.0559906248283797,4.564143776357721,6.417614076485224,2.4185509362373923,5.445881916787683,8.059085808680749,2.095551006291198,2.1191287818315443,2.6993292330091743,2.9662804589395106,0.40123329997156043,2.726893604697107,4.1606006377564455,1.0819916579374347,5.158900328852987,4.456246466957512,4.831473525108001,3.4148706770122175,4.463522432724023,1.495485079314684,2.5462186932021145,4.930446707922136,4.010792196780022,3.6874126895339554,3.9098911924431468,6.453794255346957,1.8112619643937915,5.125852589640363,5.061964708499617,2.1812739267792542,4.149252548655985,3.735910108554477,0.2473219175770729,4.916344546000117,2.4317677548566294,2.1290154987419454,4.35640048408862,2.6756968328344444,3.508361637220171,3.937359709995277,2.815740843943834,2.358172679635328,0.5750049976579725,4.574020961624707,1.8534231663706533,4.527496385175151,3.144926712861491,3.749822279442343,1.1873553504676744,4.1428586416803945,4.74127074453357,4.215177487933213,3.5703961147726924,4.150064835471531,3.943038982800766,3.6133969560491748,1.2841042103591782,-0.21948071561926685,4.6865493821795665,2.512377752955305,1.1423989166765398,3.1244971386245117,3.996189756176696,3.7335954291654385,1.2831906732958698,3.14812543003944,4.059458179350054,3.949811642213131,2.568846531937677,2.023478721134969,4.3598017574971735,3.27220363134069,3.8706506664743037,2.0587611844672784,2.0888109141534486,3.498749037591478,1.5450502836929492,4.219113284039511,3.379129455816183,4.677394165086437,1.7866000389000791,3.1646485568773155,1.5618173229516372,2.5627488392817437,5.38199012979781,5.163860450582994
35,1.6070271013327053,1.7914924012731963,2.135869873270946,4.9937670764315065,0.9665223855853782,4.025029597739977,6.213872271787008,2.422338417188229,5.570112852551604,7.395459368898174,1.959488431694299,2.3275625382245595,2.974194885073782,3.3874664522317413,0.298684478493382,3.107890463488184,4.369739601788332,1.3829269442044496,5.349047038738484,4.412128740437875,4.481317407645863,3.2878735952506855,4.277485936615043,2.0474488675620464,2.811586355786007,4.512002268057218,4.222271358086596,3.7020121477274013,3.9228891777046515,6.471772818586661,1.8420784783784097,4.848397891589597,5.391365219274631,2.800763881017077,3.6836075667072823,4.1043139987976645,0.5133676734487154,4.912398741582332,2.2158138814197077,2.0227039803877567,3.8853796756313774,3.046047920185951,3.251123704174508,3.2939363970214486,2.9318103693436077,2.5911884299861394,0.868694430116663,4.314890606944045,1.7799593668223899,4.887572187003419,3.5311691631929616,4.0452472078762804,1.5241641780062216,3.850009973580112,5.3777871881621575,4.3674251863403395,3.265702299847875,4.731716497977525,4.009758200234243,3.5514331315283982,0.7311264946035596,-0.4910916929545306,4.649053902538682,3.027195548626198,1.0656246402997114,3.066405081364624,4.397970602345027,4.0425959284442206,1.243667232588558,3.181534942409927,4.431741010309793,4.203221235459849,2.4293961596258864,2.1412962597403356,4.637634799845003,3.3175551816400617,3.627462849480004,1.827539251850706,2.3101668236617563,3.571813748288058,1.6757061441758216,3.627820150338047,3.4090298864339506,4.261934287504372,1.6923925537333488,3.069298108645774,1.6980650190096265,2.4441812811331114,5.347347081618022,4.831028471924929
36,1.343609404491028,1.6969907583918826,2.01352647211008,4.771086374179465,0.9584251709992451,4.432220694918346,5.790675168330267,2.45600053178646,5.801501093516572,8.065625021695732,1.9625167576326525,2.3082144854092292,3.4130834000271033,3.093604687287542,0.3795978422043276,2.4431749571849073,4.0487496818622,1.3603412080297217,5.630378625306966,4.383360529327863,4.717189532601101,3.0462952407391435,4.260675140266659,1.5857753839446556,3.053128303319653,4.49501353066453,3.957865657820019,3.4103609444237986,3.8436800830820794,6.134171847987039,1.5465500181199037,4.52161628659557,4.986125710090832,2.514222366082135,4.05997679832158,3.632286378090315,0.19464522810567741,4.703417519425054,2.5140151338593224,1.973353598164386,4.631541555214751,2.887966640109077,3.5685392806327387,3.321138859160821,2.950060069507547,1.9897010192189195,0.5214853959067551,4.28450694654735,1.5905363319308745,5.208445111024996,2.9375048990878954,4.351773439842528,1.0558508399235955,3.3822487947358226,4.9330995402682145,4.346708255092972,3.339613580734653,4.113545174051486,4.694417880583797,4.435281014061102,0.971384611247851,-0.3864186273151784,5.427584902777237,2.7035336403921697,1.2147732246246101,3.180134601907436,4.443985833951356,3.614979241528713,1.2979200337622965,3.364665796667124,4.0951703047236725,4.241490175966211,2.3719664962305433,2.2663117534176083,4.724681092498393,3.5272288962963483,4.281602771813861,1.9081866266848397,2.3465505491908942,2.959511743632029,1.88665152320007,3.9480213965638136,2.99574390638663,4.840133008786803,1.7204298166241627,3.367936566622535,1.7343679581760363,2.5809031140117726,4.950328358553141,4.947008323648036
37,1.6937281120512049,1.5921903751000783,2.275560407792456,4.89476389179206,0.9655320657958271,4.1568354242670695,6.177223525776377,2.8968872440536897,5.42145479529897,7.616558512800198,2.100037544651534,2.4187480265250194,2.8185579447283398,3.420725139807823,0.30473555857206414,2.6881942849716642,3.8289686295936955,1.5253694316482624,5.6613126975274755,4.109348478920413,5.143300367783515,3.1787247013865105,4.201823991239831,1.5252901136568993,2.8924604081210115,3.9864707558382504,4.009238698571768,3.9310254617625846,3.8580558992361595,6.306546828724496,1.7123142384916428,4.7461798925755705,5.211033914143753,2.443690236286451,4.0448265002699255,3.5929071619127533,-0.028336261569842813,4.83208442089339,2.4320495232769668,2.067518204998961,4.185552490834932,3.053433142777842,3.421771378311892,3.4795137719476585,2.8354093131704774,2.2646493488388377,0.6259466744874067,4.404190783896768,1.804456107110618,4.709472228900154,3.1086298635405387,3.906643626377181,1.349509724982794,3.7063417813339603,5.4492663603487,4.001581244059981,3.4173802699464533,4.476363286197104,4.332201383561166,3.9392684324141998,0.9165852628449587,-0.18204259035406523,4.454706750508183,2.7859552850775176,1.193784674096905,3.2637349063460457,4.2212986448388,3.8508772685297616,1.1626502394078586,3.277101746543855,4.226980859619912,4.0564198796693764,2.36388879394762,1.9244974321843713,4.6710551357889285,3.684364159791735,4.135516591025922,2.0794006941737004,2.2681399973535195,3.043769863029402,1.6811760796080346,4.058010306329463,2.898282574630766,4.2400494222547795,1.9083057076918162,3.105212496619953,1.558908902982489,2.7797313556971295,5.292745128736535,5.340316244656791
38,1.6742567818483547,1.5143734064370287,1.670709658555992,4.762142697144586,0.926438004515648,4.3087513279461085,6.373413297303648,3.0207737984761893,6.1253712415034025,7.494425573404168,1.9883889323324437,2.2962381732706936,2.920559939191616,3.239271493582998,0.16744518509960082,2.7245317965824123,4.215455284336362,1.5578661078453901,5.321920897136662,3.882244572542918,4.751172301105271,3.07553605602447,4.279673632273232,1.5799132527159998,2.7055718317899364,4.669376068602027,3.8493853080335385,3.8937586912284807,3.5864720753969417,6.15393437395878,1.4112956122031326,5.135596497502977,5.403495007562451,2.69489968327155,4.249635139992432,3.7431554168104206,0.14077407409369336,4.256490840803008,2.674893561173005,2.076381465804487,4.398108522867726,2.948206242999431,3.6526526366224497,3.979261371237401,2.7707394192566266,2.448083169451757,0.11920671510349479,4.524639953635845,1.4661759198348714,4.845811873603383,2.8955379372751655,3.7950754314474295,1.6079495484130804,3.8984329237581905,4.43152852535596,4.5163601142057095,3.6238222614882183,4.690229964671635,3.966086242527218,4.111391984358037,0.686764082809753,-0.35357862925971695,4.831964607110885,2.446188960867699,1.0596218920998695,3.4540103035488112,4.47206789455398,3.963510730704815,1.1348257139085378,3.235794611471362,4.552240929789046,4.192362668651279,2.1421799650852984,2.0904814952461863,4.943507626470153,2.5766438323847236,3.809137159369687,2.010473663711406,2.199041139792542,3.4061340290216746,1.6638947072513952,4.214572259992934,3.082149294305469,4.494040180250338,2.0551630597413317,3.4534125477969555,1.5460085857237262,2.6069556993985414,5.038486796799683,5.070224817983101
39,1.7659786755243179,1.7367561079389509,2.10985620941815,5.130894825262933,1.3498198254840954,4.535096410929036,6.131619369710771,2.4081586535872974,5.545399489264456,7.93088377314777,2.1549683275521048,2.359033649495044,2.850904903285307,3.399550645872643,0.33232522488284477,3.2565985745813055,3.711543102637299,1.3731844961292499,5.706395968105898,4.051322861821292,5.336522007519116,3.3579260721242887,4.263042826479334,1.8682668365431745,2.765867566946717,4.330022185890435,4.4992482187219345,3.6631344177093945,3.598554207857118,6.277755833537563,1.5984412935199928,4.831809223292126,4.958046266016817,2.3991899484292896,3.7760438398314244,3.5810408227044155,0.018013378967014493,4.6983633667446565,2.9009603789860785,1.9304396332605265,4.30761563763718,2.8839800996531215,3.511462964383726,3.6472266309588437,3.1199284947284536,2.244860532094516,0.6447478344371946,4.544231301294463,1.9116056003566222,4.81038936698777,3.363484674445421,4.173746891274355,1.8685744499232273,3.835032944902033,4.623270696497671,3.8944131987408044,3.514511370982647,5.017236071053315,4.280954119458203,3.592419863747285,1.042026579914002,-0.45162856443719246,4.7014292068352415,2.730006382656888,1.1221711172918043,3.3300553177717833,4.373970628692858,4.098690928791019,1.5696626275770689,3.32771618870082,4.341112428743198,4.176189491709486,2.3472128537452224,2.0692209127646706,4.63788965926671,3.5899285115186386,3.7407042867926004,1.9158665772039862,2.3281821149301556,3.1611751128800423,1.590855804314353,4.065792514464574,3.047398690300542,4.207234233218362,1.9278591860111598,2.9307132096606505,1.8052823598257839,2.334189928795536,4.975072398369627,4.99692457401515
40,1.909004042486461,1.5990753536313376,1.909648692054725,5.160560191618886,1.0045919403247163,4.559061930540908,6.21527279282471,2.3834313731016237,6.397139303674347,7.700773661667062,1.914474008639329,2.3486470098054673,2.9210389493760163,3.5418199621230615,0.35272559195480024,2.38586549038366,4.29821979244951,1.4565653804140446,5.7171645083603035,3.9932504507715305,4.949293353665496,3.5093285742004507,4.206787111545102,1.6109806330081733,2.9742443013497954,4.6347212913159535,4.164117227663279,3.6243872855473462,4.186318166742181,6.34987910432314,1.8562573998829957,4.9427191823047565,5.048145105646974,2.2312335963339742,3.711557222638215,3.2578357123804014,-0.11651655391065363,5.169930544803006,2.4896272364568777,2.259655776910971,4.27651719725096,2.894359377967495,3.3485544994205556,3.493431914995811,3.105407372005698,2.5314902779772153,0.6101280759453109,4.199376817151523,2.0218822864349995,4.835654382567505,3.3999479042453427,4.26930767277699,1.8223209676068757,3.5934444409165334,4.864560612506588,4.5342195839430035,3.873569856506639,4.71325722990534,3.9779681339387105,3.403915947712128,0.913456091750863,-0.28360028780429936,4.339529228833115,2.6951987480247053,1.3208729118051767,3.417325552616587,4.556146763800557,3.7772622411089944,1.4635247933933588,3.3580431935169646,4.54698961022054,4.036193805462228,2.2889793963359177,2.2672854022424938,4.586637804173721,3.678155889655284,4.269400535712557,2.079544120660264,2.2622925638522187,3.132960202016049,1.8412917283148071,4.0781828713736274,3.5818697492976104,4.806802206757845,2.031223262008088,3.106087794829575,1.6577777183889473,2.5306318023102516,5.014097679841159,5.047890405049328
41,1.7918808548950516,1.4721694132596472,2.7226754115730936,5.1744245451772315,0.9804610477524753,4.131062612461895,6.014181632359636,2.3174118403069093,5.325552585976634,7.241813013797557,2.053122042295838,2.377485575348772,3.1088899834505064,3.320773526430698,0.28237590219031894,2.5167228264101973,4.061391190499872,1.4554027765030408,5.901328200806354,3.863389125463226,4.874924948591735,3.1417002622034627,4.320147055542063,1.6366672509278328,2.71452842323508,4.650803632603925,4.192899766068425,3.3531777242254845,3.5903357620329595,6.466240507834884,1.7296774077265447,4.712564165726967,5.535421199620327,2.5366961574755478,3.8212696536573874,3.636039982003543,0.014743024281838935,4.9206568122713845,2.6317128514299,2.119940406271673,4.270894578669445,2.948857062106267,3.199657523908451,4.010714772980899,2.871671540852104,2.3970706241770543,0.37111124564475517,4.601602985262932,1.9714947256294693,5.048474008680479,3.1351726868512113,4.0383399852106905,1.2770922493030277,3.5211826521821594,5.538124257008873,3.809037951982461,3.0349955201518246,4.579611753554475,4.253778431808884,3.7088459085467473,0.8009864239552851,-0.3996341460357091,4.443117099333098,2.856097180672499,1.2289445563566845,3.1457897703522564,4.255520536742932,3.6170801424806984,1.3285365270625427,3.348469175529665,4.237322738339643,4.392962291139934,2.313690264968993,1.9575288168905365,4.578560621597225,3.757187731709998,4.053766172567627,2.0550565742334648,2.433489130681795,3.181959605958314,1.4213519281559173,4.110931929691514,3.2641773006645023,4.51037894456314,1.926357501924389,2.9952302153700607,1.6651652142526077,2.4531835494128704,5.176243520389008,4.933806976936985
42,1.7310616605338272,1.7300987506858503,2.084181827881597,4.813104768924466,0.732837205919501,4.227150940943492,6.2721972951724965,2.36508571579473,6.706024276145161,7.313996626692336,2.1085380093992487,2.4352630885670776,3.0115199124477576,3.265063352764276,0.30006311459700985,2.954455559190521,3.959922671700212,1.499449278063929,5.890776365644582,3.9049869208465346,5.155456536684977,3.3266378015955507,4.317225421441197,1.5201066075726835,2.851384164628205,3.6598036104174243,4.116995561422129,3.841921114337829,4.041802837315855,6.186225668462345,1.5861802858649627,4.794014347328233,4.626288139850267,2.8133317545956276,4.106614642484349,3.7710279176071584,-0.5257021149581274,4.938171325660627,2.2036847481369595,2.1552656755375033,4.842616423422847,2.879927290034048,3.252232032010169,4.045813340909669,2.8202021979358385,2.137352901721024,0.4849956306437484,4.364269966780925,1.7476068001882514,5.20617012290778,3.9724697306491024,3.9502204644607417,2.1145974809268306,3.695096829900416,5.386680271684817,4.327060266141041,3.4276829278818455,4.4433047098736544,3.8641881202364194,3.426224933280297,0.8359527544558318,-0.34767203361831145,4.492743809953281,2.4961268645454977,1.3231995367745997,3.366555188468964,5.1354692418943895,3.4123499318115327,1.0790148282059044,3.56581116561487,4.31874776465895,4.072245359051258,2.4245647203261855,2.2638066383518334,4.650937677017315,3.8480610179491093,3.847069249307416,1.9726106942536006,2.2819521671866765,3.0792022561240024,1.9874147654915653,4.135894351660312,2.9025005376742765,4.929433695886943,1.6714569348490018,3.1904143646375163,1.6469941657261156,2.6863568581532875,5.295902421922809,4.715134784187432
43,1.5774301608953079,1.5695551684605553,2.319824159004148,5.138484624320597,1.0015366904130012,4.410345096245546,5.869320825838042,2.7645668313563494,6.57081278571121,7.793650798279167,2.269291233361078,2.422391261771055,3.183374329379139,3.212159228590715,0.510773625186653,2.4598992610561705,4.802676547797445,1.417755081771014,5.843745160753372,4.285552754656984,4.756608820463338,3.5261101249592017,4.169001949054781,1.608344634104289,2.623760885427686,4.5098971340186615,4.3472973514680575,3.5558969935622757,4.348322895266266,6.391041139005544,1.5721359053587758,5.078453770259369,5.536696373290974,2.601686954322537,4.226124558994668,3.6724400317399617,0.0006850367007280589,5.299895356396451,2.0483169878070537,2.010622949766646,4.08405647214928,3.258717990876863,3.1553950162945483,3.9146909605708453,3.1836457400154403,1.7785330148905032,0.618864744663008,4.457513907546144,1.9448785642834672,5.217656507226335,3.1325053570180126,3.987414918277252,1.6446507173902019,3.9209168966351706,4.926070439549091,4.480725652065109,3.4003416497838783,4.471554023065925,4.663630931633756,3.17481083522115,0.9818789908226329,-0.3675492404425946,4.9317544840833065,2.785921238733067,1.3424870743604953,3.6213567853015456,4.696131162425764,3.893777936422861,1.6397370522036647,3.6625954928478532,4.028470856298618,4.190307030808063,2.2339435048971854,2.1834157444591287,4.6653914699012,3.6618710879122807,3.798528920318115,1.9284292662672717,2.1849215385214844,3.2139679087734496,1.659854939764478,4.033980521953883,3.1835855031362987,4.280666300392152,1.8171010679163113,2.8940568230681425,1.6173432896131135,2.5441198497281867,5.049114822924171,5.3907451635021895
44,2.042534907110778,1.672431819817661,2.1259641664127638,5.226040675586297,1.0809330352882514,4.397079688390181,5.981540527251014,1.8516920736419327,6.00194619529222,8.166767572718042,2.125254568331644,2.484131129433,2.929122906266486,3.3676861396873767,0.36591746455199825,2.680454829789436,4.167228673454126,1.1691995556932233,5.264029994253164,4.18933926322746,5.068051568936104,3.4537929609589946,4.4346831332795595,1.9523412217542693,2.8476428100265743,4.693381797105224,4.371266421603501,3.467713031514779,3.8781652201313013,5.730985900867353,1.900823820175387,5.017011721894521,4.919280040764657,2.782004331589417,3.710763547767556,3.681376382077185,0.16431673562512294,4.684971814688241,2.5629184559852263,2.106618109323675,3.745605814916618,2.7474083611600273,3.183624128027387,3.9853716841946216,3.005219620993979,2.840634511303719,0.7062262675650426,4.585362579906124,1.7589416780153115,5.042683737574668,3.407368051609379,4.313465551577247,1.4461169318628961,3.8407307834604336,4.966571848345696,3.7163964761148582,3.426274188621127,4.6010089437750015,3.900753030388972,3.8604046747693497,1.08016708135664,-0.372196865894189,4.288760214017128,2.671705959049869,1.3153568666655937,3.300218116086254,4.041289897818135,4.211953578969678,1.3230109132394257,2.970064524965954,4.548706602745718,4.248639804744723,2.4656243301656824,2.0636342142663153,4.582259777090188,3.767447562699619,3.512576336248687,2.0500667094475293,2.350789241569859,3.19021010467581,1.6751997350927756,3.936900249523459,3.1823489423561457,4.6286542329487865,1.917313059091227,3.2438472141726558,1.6824859159988712,2.6412077335732413,5.390041577542491,5.068769448681484
45,1.5399882079019571,1.4634421320723214,2.1176359836116925,4.795252442957519,1.013833120577028,3.931577617908648,6.490050732757924,2.4446601880198995,6.685280032716629,7.878202502597129,2.106524802396155,2.3860321798879536,2.868051943845284,2.9225630824836966,0.46428953112910154,3.337771684171063,3.8065724116767212,1.3329279901150533,5.548556007951152,4.2374481869372715,5.163495350188415,3.316803826858548,4.53223160726902,1.4235048116259912,3.0956045183987735,3.9683524678488284,4.016314151856603,4.388600104370455,3.903505255674922,6.464802988359983,1.5220984477158823,5.087413921168055,5.718900540439346,2.438047159099086,4.175573788640387,3.4656372443161665,0.01994800095020577,4.964910967296991,2.824286466747096,1.9797170870159544,4.229071911430871,2.855282954041934,2.999594539279549,3.9476213994226046,3.0892083382465962,2.405052784317048,0.3255822601813003,4.346195820113778,1.8155467938382224,4.303956140651851,3.2756859292158955,4.286944045706585,1.1240261205203266,3.8015742905835017,5.306461293116638,4.3191346163509605,2.979435831190089,3.967248009948899,4.647836578498989,3.6677229684088184,0.8612505644616286,-0.30684983775042607,3.985068055719115,2.888082878417891,1.1491978117391568,3.230837342941393,4.504644843280397,3.9247971523984173,1.248920931822393,3.6743042210753627,4.818841531480203,4.427360551170799,2.5306501701558566,1.8463015382261039,4.580845445288222,3.101451188667192,3.524529994379453,1.9943385371543263,2.0736117819065365,3.0769679849329803,1.7138494339748764,4.2905346675331275,2.502993840581626,4.611905207831148,1.93542728211107,2.8991750618277137,1.5786402200272367,2.1641984298695927,4.783448270518867,4.636680462049849
46,1.6535235584474162,1.8126547204919963,2.099071398779847,4.867234418227715,0.9616558641725974,3.9524689075323383,6.574603042450317,2.3650472113779544,6.948601655789493,6.993202447890288,1.8800521983188543,2.471259746097008,2.999592797664452,2.9307955603439915,0.33798524379920947,2.4646626472312496,4.036648936056235,1.4882610370416858,5.54305912244237,4.451227426222359,5.053830959044318,3.841176268670084,4.323412240712193,1.688690476788151,2.7684833014238035,4.699711933710753,4.033536749110469,3.655840710311204,3.736162368075395,6.189836978557819,1.7883751551023197,5.2336696658711075,5.277433974596901,3.410884778270758,3.8094000623276787,3.6374540295222677,-0.09080407528265577,4.321464776179626,2.643764079345626,1.9797725943776379,4.301523178653346,2.7634173171750827,2.933282941463831,4.338552531389599,2.5937882830396735,2.2757271330365305,0.17977119596004565,4.278558713677095,2.007151951538126,4.800086405119419,2.9694869530907537,4.088006124706521,1.2630815379691502,3.4364088155818484,4.834530948171452,4.3483001026762835,3.5157743626752254,4.640895710729735,3.5659175558959397,3.6919930305101825,0.8062767884108117,-0.2524272793411937,4.311840238800908,2.853011649036442,1.1389515364097218,3.249005773891726,3.913288723685465,4.101004622444244,1.1441095199173081,3.3502672451764055,4.477219858264505,4.3451680890816355,2.404278889914478,2.4957839673701967,4.71523589345418,3.6701975927300823,3.8824837589848067,1.8045935939907773,2.154670427026854,3.1806551680140647,1.7173132764294685,3.9821880542037538,3.828050514059476,4.653070433932184,2.072271480415317,3.0827342686592174,1.494106171140971,2.4013808786152038,4.744418017107873,5.237382444986035
47,1.2697609595467512,1.6089347353726613,2.1598809609858005,5.1175865907880995,0.92190690254436,4.174631302365846,5.999845188782567,2.099934486429996,5.258448842755352,8.125069124115715,2.1120586462198148,2.4275475806872837,2.722214138370341,3.043968278241396,0.1725151095818993,2.2987348277570745,3.9449414155118196,1.4283392162751638,4.878857066447974,4.197318304138736,4.792771635394579,3.158656055593088,4.138355352948766,1.6204233390245217,3.0609898628954637,4.950183142334496,4.403650746741713,4.3387342371666895,4.214732217705469,6.495416391528655,1.6455901111309306,4.961498409750165,5.3797966661690975,2.7891670428848583,4.315475982840235,3.4676922809969155,0.04572035920345474,5.042110370655729,2.494938221189016,1.9316127041694096,4.467930975033272,3.223648789208868,2.7900460675780154,4.118500541274243,2.997433827625055,2.439320757875034,0.5156727437439841,4.4914183947111415,2.084454338027002,4.9847200838810775,2.874571224786955,4.282896542412946,1.3487438627748962,3.427414724871542,5.98892949087452,4.028030014879176,3.486294010567961,4.150706380903121,4.592898042402005,3.600303820850373,0.6979261072567038,-0.43343069222666886,4.444073138396181,2.4283997821609944,1.1451619335757997,3.1711819494885987,4.18339442079669,3.669130258250941,1.2086292889053596,3.269719720749718,4.250918658724756,4.299951411183637,2.3593296940997392,2.341061564456174,4.816769167425738,3.612496197195278,3.689216046033943,1.9699498877563517,2.2570485918279335,3.1017158972888272,1.9429730189679686,3.4657404664885902,3.3455140716176173,4.252079934733281,2.0706448838610405,3.089724690605249,1.7399356394827485,2.245402840818766,4.969939150214865,5.427622967935049
48,1.4813010550836667,1.567409851525226,1.9870739133085147,5.060371764334291,0.8078923019890878,5.194619718168427,6.229558337023175,2.3022157960724736,5.486874720152532,7.628810359789466,2.0717221634555454,2.3045971624525237,2.843070462248061,3.7140895695034732,0.2697314497981056,2.311126361444019,4.1664873598597865,1.6275754045588973,5.7815781164268785,3.8175655712937977,5.067418511648029,3.2627324213358486,4.642771052310623,1.5736986396198367,2.814017757103863,4.8090278547085745,4.163128884124007,3.687582620506715,4.064831347165312,6.266671002109323,1.7709821961780965,4.974309628346323,5.142471209477521,2.5616753283786475,4.1256123024914215,3.778290523873408,-0.1725846179452284,5.014539668064528,2.6686488164509994,2.1100852290433156,3.975385844520266,2.9706076601936555,3.4004594870139244,4.169304865469517,2.8123113520572725,2.3492357685541645,0.5716625062845797,4.858760349650175,1.9131830596856294,5.100917929358069,3.2394044405710805,4.180646476312456,1.4590512575346608,3.7731554321942338,5.083781595335422,4.131474455803138,3.4773661650246304,4.673472862584656,4.320133461785681,4.540183902733098,1.0812458740774664,-0.5703921987454978,4.528810879882458,2.7355073933448337,1.1857978685976176,3.241984122874736,4.00920178544434,3.505973643786931,1.2672935449807763,3.383318297065409,4.32540265304633,4.100330678170281,2.279531546693323,1.9382985571972013,4.692407010031286,3.8443361781764525,3.9736603954923804,1.948900834637882,2.3256050365652836,3.102513032227075,1.5962621359143125,4.142141321473813,3.124551548109059,4.507613778455735,1.7573760999868102,3.247527986340456,1.8357644493643397,2.4446061996068225,5.421118178216297,4.890962476677119
49,1.479837817314638,1.674620209293343,2.220184543172987,4.654686062775187,1.0423125420224704,4.234157796238823,5.913681976744533,2.7018719496785573,5.516106018232194,8.014541353540396,1.9249429217893685,2.3578184561922035,3.172848865500548,3.7415982641300403,0.35434448884356984,2.293606234392297,3.948986507199833,1.5057409623229068,5.488683205417363,4.268485685672353,5.0195836074553934,3.412357707841972,3.9990180616952786,1.7393850428983586,2.828148492416182,4.539226826228636,4.267154148843005,3.519708263433997,4.131812254482801,6.16981825559982,1.6602138194583351,5.146916811481603,5.768650064914555,2.8493419198484036,3.8960061816645246,3.5198926324409268,0.44243783152014315,5.3698033258418505,2.6225961344399416,2.1863782998740127,4.0850578865303655,2.984653867719792,3.2107290798162715,3.85332696118035,3.318352861338183,2.2411108128125554,0.5854072591024968,4.096135323520218,1.739175759516569,4.904768460947153,3.039070491709473,4.105436217685586,1.4512821358761263,4.051184614704784,5.3204755382227455,4.340136908485633,3.425614820534358,4.573750997396714,3.406283803887975,3.7653344713595174,0.9437337232303795,-0.31911248755498267,4.200060283846858,2.9046229344676013,1.1830199588534465,3.3354662462946862,4.430110075380435,3.720978250229486,1.1892728685266443,3.26578359047379,3.924090955864055,4.586592836529851,2.299933941351396,1.9760510435608345,4.680918423763256,3.750867651253058,3.8156578167272053,2.0909417271281496,2.2559469909796617,3.6173096473329194,1.8132470861253867,4.032342870628009,3.0590857113690855,4.396975962714727,2.144109879093345,3.202370729401443,1.7272937369872459,2.484736170124692,5.200217330493894,5.031475540999032
50,1.3868517801436573,1.6191810764757255,2.086124906352861,4.266562200604272,0.9554895842335398,4.193916205592943,6.014320696557126,2.673699527629188,5.5923663630725375,7.701390035258631,1.903499338277075,2.329266645116318,3.1452322412574594,3.249619211825361,0.4336146955141631,2.6182061303281303,3.9264070445970756,1.213831011649293,5.478859340952503,4.146578427610349,4.900592022174532,3.975322856544409,4.525571166548698,1.9575760829833602,2.9199182906173045,4.489198855412641,4.055036340623425,3.5213166068148443,3.5993032734336774,6.053781974304352,1.875831599862236,4.822482160649152,5.124725372298103,2.696428604143805,4.359090119648478,3.8024211039477587,-0.1254992947736553,5.045795512010273,2.400191073022647,2.085071072386736,4.593302887592285,2.9942148878808146,3.438981674955908,3.541544731867309,2.851801634261287,2.4001040079071667,0.5556886364440887,4.141497437282566,1.8704038962038683,4.925927614018474,3.303892037898952,4.386763087903297,1.7600730551647135,4.0044031173838945,5.437687857953645,3.900131343187078,3.303641573937713,4.421877101079185,3.6376103754027196,3.323981143062759,0.9883303049768326,-0.33485576792744043,4.174414537801887,2.499590050224402,1.117849626568216,3.143518611215786,4.2447685951727046,3.8664021661740926,1.237152197265729,3.251715643815737,4.041105849574831,4.3802722156930525,2.350724911616971,2.211751799034875,4.482355338486587,3.364210328533247,3.483679767737292,2.0147592610977965,2.3436320355708724,3.272578800982748,1.665802331784304,3.7755189035560113,3.4428286730681132,4.43575032366949,1.952610977988662,3.174287814940402,1.6305329080485642,2.5831503514380256,5.444304649528627,4.950029170807415
51,1.3983048764478205,1.596125153602392,1.9652652103493635,5.143787078354212,0.987189613964123,4.416815718191819,6.040480211290397,2.5978513918998205,5.752571447385882,8.433064640349702,2.12872959364999,2.484127978509238,2.7618120386203078,3.147631551721364,0.3037417035978005,2.61336892740625,4.188821147564582,1.234948176738015,5.783537689490561,4.283888444866879,5.033337964053411,3.212127448567016,4.309251875376251,1.453610204738695,2.8759668335650206,4.6418875287035934,3.9315839628592677,4.260017292314932,4.055212672844998,6.048644139513854,1.4912724492100848,4.8451716168969945,5.4307046186893695,2.7262056057057986,3.796097342448129,3.740625957033707,0.13742441222607926,5.481044015846816,2.232715119757846,1.982569659302657,4.0468044475680855,3.1253058167763745,3.3353460916992566,3.9718420024545127,2.9405533838247306,2.493785113589147,0.7068196819001173,4.120209483884263,1.928639821003686,5.080933397765408,3.161254887495076,4.309643243988669,2.091758495116592,3.3929285294153595,5.302406530539438,3.9194653230021927,3.2914968725307023,4.549582488284549,4.320899354984496,3.681224541692314,1.247017095395754,-0.22311046217978348,4.650222169838678,2.591975330058122,1.1207475301482068,3.0682347276103235,4.056623342504212,4.047373007268046,1.1904920238883476,3.4774408267049486,4.533275489628277,3.854821715643453,2.4888904233914335,2.0396671914696456,4.6538490824448,3.413068144487001,3.5962966322891106,1.9235681753368967,2.259246932560546,3.498004230529915,1.7634429743824656,4.018865528243048,3.1516107344373703,4.465958393305255,1.9613799093757553,3.1779717085913055,1.6680251538796151,2.6411622754676705,5.030219323069259,5.029730905039434
52,1.7350873310385886,1.5545821154274206,1.9272843297134066,5.049212300204894,0.8679901225167903,4.257409630651463,6.1820038239500334,2.4417670631552357,5.9626839558513955,8.048451524773716,2.1965258208969143,2.4699688325783056,2.8918132806599504,3.4873813137657534,0.22211440558187778,2.505311132101802,3.8828880337868457,1.3825673421037443,6.065732149242098,4.075102934813563,5.112965619586374,3.711367868597211,4.4276285910986815,1.640614203984672,2.9823804522707453,4.502672294258403,4.157263952129875,3.87162405396585,3.811701727624877,6.119677249475961,1.6980619057660444,4.620096029885685,5.443354115337738,2.7271568880264923,4.015245034235252,4.100154123460969,-0.25903778184421444,5.344369253243847,2.571717580763809,2.1864048460470986,3.976043022926293,3.260045167107749,3.3535662762415828,3.85066774681712,3.1730903577428844,2.657043934274917,0.5535113188942886,4.042720582619015,1.5988152313057524,5.266818650024222,2.9435270368301003,4.132383010517847,1.956047794821146,3.775027349351991,4.989893296649456,3.7569550293279033,3.5740555616678322,4.444690770410707,4.147934639918071,3.555027601728647,0.704063635910396,-0.33300354901010953,4.65096287606376,2.7645131779989063,1.2776698286099295,3.5349328341540085,4.212430636604267,3.6793692185079334,1.4250133301414614,3.691669634578619,4.222296503520516,4.1509147946107445,2.3816293570561333,2.215524910076115,4.9424354426847215,3.418728244560712,3.5779750700354085,1.93832134475319,2.3179538882647046,3.149156075148964,1.5551905021835726,3.4796696550989346,2.8192315645900714,4.8946583913261215,1.7952735627776342,3.247019587367686,1.6445848552843791,2.3662404574400533,5.108175847360662,5.055645896685131
53,1.3762544477474945,1.5590560732326133,2.462165989891975,4.811373092696828,1.0610527937259073,3.9296808215502113,5.562641851476732,2.625047028162939,6.476884166583751,7.830977140360964,1.9136299509541044,2.4270246847607764,3.1625765233992413,3.3019709933486983,0.5029591148315555,2.860804476906809,3.9567699664230718,1.4678489798762797,5.60939691453644,4.1621055865814505,5.0867814497050485,3.5203082990676267,4.1671174578388435,1.4209573369419084,2.924608472878826,4.6943840108782675,4.081182177516213,3.585990692063638,3.8226537817368658,6.032950038551785,1.649801532537705,5.03284723033956,5.593367318718841,2.4750547954485205,3.528445964196478,3.427595043665958,-0.18027558705009916,5.027662875105913,2.774910551404384,2.0325345551758582,3.949056538333063,3.197335845468932,3.5601277194947825,4.0016627607823505,2.999593845088312,2.0828147582488468,0.46239249602751054,4.210180881251385,1.8313288189271122,4.855377133200992,3.1878510077425117,4.0854261395288844,1.4252553999243676,3.7176982451256277,4.715181906858241,4.247399365619399,3.4117076321906916,4.499886968631095,3.9101749864542388,3.6239033400670806,1.0203745809920317,-0.3223234103298669,4.641773196771547,2.906555964095685,1.119497009449989,3.1960884231490962,4.4695132840146865,3.795665617402234,1.177970182084451,3.610154346929929,4.633163493682607,3.939500023425497,2.5415926324454032,2.2698293664810016,4.581718770141056,3.432949244658708,3.627796644728516,1.9315559555102502,2.2642579145583124,3.209643132541416,1.7303398727782042,4.222114236924591,3.44366842203143,4.539023923323396,1.9838864270794494,3.0476320433693047,1.6243633156838104,2.595908528487702,5.248348962439747,4.65073048417006
54,1.5828712304824952,1.603893676913181,2.3395635377257573,5.091064026975419,1.0449010686649114,4.012355163227859,6.345776481435442,2.037145493515359,5.830597137543794,7.981640515519334,1.9231644765738514,2.364481433251393,2.89198936237546,3.1775867444926487,0.3258727819514551,3.314107720741543,3.9694453664301514,1.333522926176137,5.499017018766643,4.5219680094853185,5.3174218372848685,3.4024151888271543,4.508581221439496,1.6679395246910276,2.5283661171650413,4.6340317011943455,4.402274561283452,4.431539377157656,3.5272616980162064,6.256537579091906,1.62775871013812,5.1396813671036625,5.3471307191940785,2.3586927871565213,3.98799881796439,3.543366962783106,-0.2954996543020967,5.224445780197756,2.6800181455136807,2.1043883288113796,4.235499892026185,3.115326607857975,3.455622642861584,4.478410470184638,2.913133053453642,2.1273425060993985,0.5634809297861274,4.525585486946994,1.7324180493267156,4.785012149983924,3.3912642844932614,3.859998378637334,1.5749052836659843,3.623345277370089,6.409070976339094,4.351431513472853,3.517476603213544,5.07478090838516,3.6657142895115373,3.5260908833361464,1.0930595496312057,-0.5619918170409961,4.67827496712331,2.5533055245657614,1.189211193701506,3.328117613776579,4.367829998552335,3.8807339356655324,1.3722838646647302,2.679240052923377,4.0930884266240986,4.126486178111801,2.4265701843001923,1.9730009281049896,4.712160380609504,3.7973586706905866,3.7345533133802165,2.01629824901597,2.3040164494852067,3.825434015108276,1.6856099879895705,4.4334429087039915,3.581217872891203,4.479861895780492,1.9126559176315125,2.9687160533826615,1.652624378883076,2.4953034819751645,4.747141825571672,4.785657561086453
55,1.6495453854046023,1.505599432699073,2.6767808848380215,4.679008090749849,1.2422943536813484,4.57430240113515,6.133215154146834,2.3899417623032195,5.55212767654073,7.678503823759793,1.9844914757466978,1.9808843582183522,2.8867342110524925,3.2456248812578004,0.34344202854646344,2.426288745326227,4.4459556582406625,1.0083283316959215,6.102607407128496,4.46202839292571,4.7546128581637195,3.002887440266108,4.3663501110076925,1.976872775133134,2.8985443464261156,4.458531620020565,4.081640262836546,3.5077903843670106,3.8917638905074092,5.109659817068064,1.8359454457350444,5.178784030224145,5.009509611304663,2.810725301946767,4.010706979697746,3.8521708519321507,0.19554008916098065,5.294340507126427,2.9310844336579036,2.0358855736245483,4.285181330591817,2.964648430327431,3.2825727434833802,3.6787943665930327,2.858716319014687,1.9417121709102594,0.3424868963571548,4.320142109846737,1.901840019581668,4.997848577290966,3.2995430723502714,4.170197169992587,1.295034442513412,3.7886321310626436,5.43746109201077,4.480481245825124,3.7714463237090943,4.6826619929939985,3.6223998995535758,3.6775467269992292,1.0020394627922036,-0.47797548478686824,4.878398545722364,2.8720405793807107,1.161756563290999,3.1717370761097987,4.653741796754514,3.677964474820352,1.3950618861118027,3.2619226326803483,4.679018486146117,4.318353983194749,2.2721828431253046,2.352946561150631,4.754354782276094,3.994045194883411,3.864930955605015,1.9399124914223407,2.1222592486460874,3.096202496544948,1.513923006048389,4.247249331315947,3.1816912711545617,4.18256380316965,2.0946661026411584,3.167930945413074,1.7607979766323714,2.4517081109474796,5.236121032838186,4.761598113030768
56,1.3353964212383875,1.6928672619637326,1.7308414040287676,4.9715494902444615,0.9791983769294115,5.0402601989464415,6.173385414138758,1.7516870742028323,6.968041118778631,7.7409981166744295,2.0647571300232457,2.402736133614323,2.69010772849931,3.5780608958333486,0.39644571069221524,2.54755125237726,4.084736741301889,1.4573390181305634,5.818046874420612,3.594759165814046,4.951389593365823,3.1688457311402294,4.5842322759466185,1.973980136010877,2.7801147602655236,4.526166774857683,3.7431636147345424,3.8150010534520433,3.9181427906117006,5.979753402069224,1.8888265575652707,5.129879483426579,5.33273347042193,2.9233204046370576,3.590316311984677,3.232292190327118,-0.048590083287872066,4.164862834664877,2.7040943375136592,2.069992765994607,4.416886252762113,2.975520621340886,3.5865652258264236,4.264947052322104,3.1345030103082543,2.591691334054878,0.4520266991454154,4.332367373813145,1.8404816030703206,5.221623787548955,3.1179837465440636,4.025092876056354,1.4591645857951265,3.575804173052555,4.933418304433937,3.9654313273277615,3.80613362823492,4.574943294606158,3.3922811563054807,3.2214250093863486,0.9714968888649702,-0.41521336425825517,4.433762655221618,2.5577289606499525,1.1112289566852485,3.328651915749614,4.402658232337392,3.9782534983972555,1.175719306046052,3.4941923728453768,4.433099903124183,4.220258352316278,2.3715391873011757,1.8630042634141037,4.212100773409258,3.7473316880532277,3.3075755889168565,1.900971792515797,2.347528072738106,3.1778498690847488,1.5220597252748729,4.0552912512292805,3.1069767000287842,4.172277706881669,1.8361266919326191,3.1393077844985386,1.4502888455303546,2.8586111897634363,5.545572069557075,5.342683737958861
57,2.0125315097040595,1.6359597536376995,2.086839423901774,4.813274396551536,0.9849112037394985,4.196125711895075,6.454021457230171,2.58175351953805,5.1065697989747205,8.100939966712957,2.149605973149209,2.351560224351542,2.9647193559090144,3.0875321030109006,0.3499947971210444,2.572414829684573,4.088658801231946,1.4879783907548512,5.222226976756433,4.367419045452843,5.340503587527188,3.5936411634361645,4.623815880334293,1.7828567429959936,2.8153660304415666,4.291507801158347,4.143651762881507,3.4520901646083653,4.036112913502823,5.930260712827143,1.72697247239334,4.551170496494938,5.0105680698186115,2.706839894652189,4.218854580878523,3.7401058073198516,0.4422796913353133,4.955371146657128,2.280108972129791,2.0820777930749994,4.289092757579607,2.9568442956250856,2.8420684374175966,3.8181226325253825,2.8734771643083254,2.3506101621081372,0.6491199601627782,4.721594229224021,1.6921267344104838,4.721258562582765,3.134524949933696,4.392100338750121,1.6326805677998586,3.869320333294901,4.999087449614642,3.952485511070429,3.566718340829526,3.977372277064231,3.61595478268469,3.3255419694511703,0.928924206705716,-0.37017381441327046,4.543147756123933,2.7964689388845834,1.2142209309620413,3.0661996854912887,4.338967896150874,3.575121844780911,1.2172837377273287,3.3383769453154333,4.202330099577689,4.3022311851526895,2.3714686328136496,2.310625341653573,4.8472711006306755,3.5282581964905013,3.6489898193201533,2.0432660281078867,2.1407279842061024,3.27563339563412,1.6838647450660682,4.306866637796844,3.1936599869635796,4.662805205528544,1.936604369383627,2.9952968444747463,1.5614602707925556,2.4206400629417497,5.844511565215897,5.361711782593996
58,1.3345298205330716,1.7938221665230696,2.221812497122314,5.250973958856463,1.0325065888925717,4.341849374341811,6.074235070632135,2.4697948333193436,5.457144333428551,8.161597004915603,1.9712687819379409,2.4285348149670565,3.2994696188171746,3.212458597400947,0.4511054835599033,2.6793235899201218,4.311812982312482,1.158439934713424,5.663068806615776,4.494547363504761,5.126860263723471,3.4727953645100955,4.459268102416644,1.8603237625860938,2.9198569065137208,4.7688536663345955,3.9723655018380013,3.503168359050674,4.034522198505489,6.0727046829394284,1.6756655323211487,4.763440752278596,5.5008788194361635,3.023789773685462,3.6977443376375985,3.3532874069123504,-0.19846180523890844,5.161777857089528,2.634291147075052,2.2397725652683675,3.967001387875914,3.1435814979414,3.1310065941787197,3.4470022704628853,2.88772723507479,1.9645956774119084,0.776001225285746,4.260345008647894,1.8659419158354007,5.287275641757354,3.173074327287419,4.26800600729816,1.1069978620941923,3.9219480914610276,5.136733193578798,4.340569676341259,3.3033753844355056,4.196552082037816,3.843839194751416,3.6972489604823906,0.989768511913538,-0.43769827811656414,4.472235441272316,2.6422913235585694,1.1914454164052555,3.1558238421946765,4.492669099147285,3.653803437050443,1.301381231985707,3.252592972246974,4.342436158571102,4.073363037142881,2.2604000613477364,2.370345622692958,4.3670998516807265,3.300161661973008,3.5266577944276745,2.0637027160319543,2.2709039355923446,3.093814846018629,1.6954654578151171,4.1514507162664795,3.447647654333346,4.339316475374959,1.9640900995589519,2.929095867927357,1.700791048674884,2.42465803548572,5.282727449879912,5.106387173008859
59,1.500298829228929,1.6171679028170394,2.2719100088673523,5.256167570482011,1.0217933488735484,4.122134977682525,5.893819559852482,2.3886474047424384,5.3653426043074965,7.282256964428052,2.163342074875407,2.119574662378275,3.2525287595918115,2.9312550411478497,0.36496091698493016,2.4667764372542695,3.9495433207561383,1.3412893048476975,5.454399244005964,4.033419235427611,4.842874588964417,3.819642507544205,4.729726264894024,1.5296824818041528,2.791865071218016,5.024288364301065,4.532452788517206,3.5107589544813647,4.212622089311733,6.018706689618448,1.6486018947989163,5.086232069893046,5.9303504716176905,2.8855570469631338,3.9373999321948774,3.4496173642290886,0.15365585030050766,5.05735740282588,2.9151824176493166,2.078475108018567,4.242883712469598,2.8706726389558668,3.2839667078313948,3.649666077430381,2.8436434602968963,1.9761469036555595,0.637974322827439,4.473892213480012,1.5400928252379305,4.788914290024483,3.2662979628573128,3.9709262410944977,1.6296718843963984,3.8807795178912743,5.4018854299103936,4.188028678729829,3.281807777278864,4.2839582453142,3.8770888374657297,4.105964897662542,0.9767586559630512,-0.4249878161229672,4.482708901976295,2.941997996298937,1.3094117641897498,3.150487280526976,4.4826121783891,3.8664390204024404,1.3273123501027375,3.37764875413196,4.298350068187342,4.465476600315293,2.2307964300727994,2.4614482575497316,4.394942824778794,3.5024546419457416,3.6608466946594582,1.7288404437657967,2.454721846801121,3.0200475964190456,1.836324903801707,3.8600066721337627,3.176012108162631,4.348980722556119,1.9249759794860233,3.1225691134030518,1.7896123386120684,2.767840946156743,4.7304778360286,4.773714580931979
60,1.5977649255827058,1.4237435893475758,1.8817525152561752,4.952475750436729,1.0794544112458784,4.425987961889147,5.983011573607934,2.494381849722928,5.45582226429605,8.167811628468588,2.0345299808763784,2.447917492503301,2.7402906615987144,3.0510187281457672,0.3355810413896685,2.3238539153914077,4.045002413326161,1.4787194942674358,5.535879494158656,3.8568041641472224,4.907457443318818,3.6731666504737444,4.44115021416291,1.8390097645689896,2.8117926453970217,4.689906060892484,4.740759399618201,4.578155873078962,3.547605602094135,6.348778870767296,1.9013517161460363,5.194589042815998,4.9437831405382635,2.5562439351830637,4.2085960584459094,3.7364020168361853,0.326874693310655,5.177829902879433,2.544245469391277,1.9753953303903233,4.074248356193853,3.1123251802897256,3.09639943096669,3.604024052570639,2.666552090486264,2.819130913656144,0.7474126633401361,4.635387231800633,1.7405441960882801,4.910909128837389,3.416793982197923,4.480179931255156,1.042376993056238,3.9571564702288184,4.759865777177749,4.19830164907288,3.8988569261998705,5.084134115110972,4.063695734375134,4.032448120744348,1.1616883199892132,-0.2986916993207158,5.14050835849287,2.883957782659526,1.1572068689718187,3.6555634956217604,4.291818813093929,3.614210812964174,1.3073766437936882,3.3010076578335017,4.265165052686536,3.9929760919666446,2.6986632892937354,2.0890166723561663,4.5641665072805475,3.659704677463367,3.511657068158526,2.3113299448199953,2.198472782856564,2.9384133638695995,1.5923798263927944,3.9745248741715695,3.477762087729598,4.24071452722837,1.9081356589904053,3.0355255837251356,1.8211435913239196,2.4800636358122063,5.33534206400276,4.637828075521884
61,1.6139161383067213,1.577584726072858,2.2027187010751454,5.061864822017741,0.9252720744188312,4.458339131108632,6.131499455284509,2.41999709682913,6.758389593852197,8.647813176550178,1.7191453636918477,2.46595239651898,3.3333066900141723,3.3704628551437334,0.41704730222364583,2.8321448097222666,3.7870577537684014,1.3232417213283831,5.505087158897664,4.121970313384409,5.121226580515664,3.895211986613189,4.46920014780741,1.7917909831133225,2.90281905524599,4.680237536657791,4.318065708770858,3.560136982419567,3.7933219090712185,6.327235855643368,1.809416283560294,5.115959920720094,5.36307794852429,2.75646784444449,4.297873159091377,3.507986463753353,-0.24824270198048648,5.22475140691549,2.574883132653273,2.2073065066889104,4.278722907936286,3.133046792646135,3.5677057013094764,3.678326858555609,2.943420735709595,2.0298206693341747,0.6363549670032931,4.437293320758745,1.669800356530273,5.112349736274197,2.949600686417929,4.436564404092517,1.8147133396956168,3.8791182973880076,5.164341117818795,4.4486097707479315,3.2909099517169746,4.311970132884092,3.621209934864559,3.931183665604701,1.071096304306923,-0.32502673865564,4.865943228642535,2.1653171623427765,1.3597386658183908,3.1436475306018057,4.836002478873632,4.132667767328833,1.2359031209615863,3.655278118272416,4.694342758598699,4.067699790941047,2.7217891572137907,2.192132228358439,4.6086775624218745,3.8405734492649737,3.815399369469465,2.1182229811250863,2.3211817008661457,3.033892103573872,1.5872396601001295,3.981277083600191,3.349767000250324,4.5511365214293065,2.013866917544675,3.060765295216065,1.5806253599989877,2.5883680883786138,5.420492411172582,4.6157417265518
62,1.598529852026136,1.41640672653124,3.01735235911275,4.739546623885022,1.0166757967300173,4.406013326619294,6.50872397099089,2.8856015578769854,5.638280608047024,8.170037290410582,2.033198683793172,2.246504820842703,3.2966738958334743,3.861734760829679,0.1469686347452881,2.4347940372161365,3.9891085274937064,1.5690712169958316,5.541211632985111,4.731092513689895,4.8770105016739365,2.839676999320491,4.392556467445525,1.6618419189038631,2.8828546554654775,4.864201058091796,4.733637380377762,3.709736650197844,3.8861600963956433,6.0299161469151255,1.8826088422362006,4.874439255117708,5.430707782943221,2.4920739291352274,4.1011030020361305,3.3640048862726672,0.0075938480838693145,4.949913057561037,2.7436839977276537,1.875706168602962,4.791306311864106,2.9880014690515875,3.2276196690522165,3.1591595798711545,2.9338794232611702,2.3189288204261986,0.31173634614572343,4.189889189851295,1.8874108476973035,4.70458176114024,3.123332140173951,4.19645602755762,1.446791239383277,3.62116753542447,5.193590797584937,4.3315662290337515,3.374884467493677,4.2951323877882555,3.8624926019614736,3.4663764151100604,0.7171377176732299,-0.5664579978097208,4.8119571842656885,2.8129183492915857,1.2113509941666611,3.1301070587856694,5.24774459930704,3.9685123731117047,1.2228406599813335,3.5975950266031758,4.123845802519625,4.204871751655846,2.056891489457445,2.015275644460838,4.446595205303742,3.775872620035739,3.9489348453732473,1.7797997306673374,2.623432354894178,3.248108081521848,1.6088571738217883,4.433326634536188,3.682307555417449,5.178184212084161,1.9036099734265353,3.8847559564825564,1.6922173568332042,2.5054160939741603,5.190829368662416,4.594343651314464
63,1.368697388383143,1.5411003189011452,2.1170592606651804,5.073935079436931,0.8400453353970629,4.665638297288135,6.1750085822163525,3.001914096658645,5.874757039784546,7.559599082742256,2.030198501969782,2.2619320624331722,2.9136185970153323,3.102475010624071,0.47670254535655654,2.6524718406359975,4.208756045344172,1.4256379812935416,5.959785825646378,4.262586603535453,5.158840398075084,3.3281285046468705,4.145924782908438,1.7947477979750448,2.991324170514088,4.558401590661335,4.182569816544672,3.795775642779134,4.184214132377191,6.066476053316305,1.7994390589771239,4.514549723513223,5.360015143387526,2.2497869385625373,4.128634574815273,3.754479273681116,-0.02810119816860368,5.336069516068578,2.5080232800752036,2.1105390426771597,4.225157710255058,3.117532031780442,3.315935338202838,3.6306107001070367,2.916912121455865,2.3286653429063695,0.3132497768196094,4.017519602845527,1.7602447990749874,4.806839087343321,3.0325696288537958,3.7583765069776733,1.1720950082357142,3.7080880439375044,5.215091094755086,4.4016088725249105,3.563433889024747,4.280041143353313,4.105908943696155,3.606356990124212,0.9474335739669257,-0.23150465250630692,4.854974402328162,2.32476023171424,1.2157678766949551,3.405989071708005,4.1517786299871595,3.908050849900179,1.3417305839581513,3.629659603578305,4.1813798458425095,4.390985887036597,2.295263491099678,1.9436822008769674,4.460937318179086,3.8740491243665547,3.424901003855482,2.026960102555505,2.2738650028307923,3.1269050522348927,1.6686887543196072,3.1092763551705476,2.650741677672313,4.491721801226921,1.9293383262271986,3.3947019909503116,1.6640768184652468,2.6075070424747273,5.2315299714896675,4.691271359327047
64,1.6064407264988363,1.557800837785852,1.9915769810247368,4.685958373025512,0.7774653634282793,5.397181693695293,6.141909398340566,2.1597355205304645,5.51578614930754,7.321808120450451,1.9334234507357673,2.3702221862906887,2.766735595767044,3.6185756786787207,0.2687594579477546,2.5845908563254243,4.1317859250426565,1.4197367904417852,5.760249230494737,5.023746342364473,5.277764049594026,3.8802248111763316,4.362489484375038,1.6631764688130963,2.722225065732811,4.4643084219368205,4.026488387014203,3.607400196633252,3.658722474629837,6.1883451988760845,1.9091132039686824,4.585097686055036,4.998315713766555,2.6490435466482154,3.405243493333395,3.43358181667592,-0.08396830971816849,4.9763351536192655,2.501747772021643,2.0662132021538957,4.939092110275827,3.476467540516458,3.6713796197479573,3.776989954184009,3.124218286354034,2.270823013871903,0.5411055054020903,4.682603800043205,1.7883469971012775,4.5272270961265475,3.805118034448232,3.9314767283152046,1.8869387124001662,3.69625475822853,5.025579839130899,4.117500802270503,3.7052578344381075,4.606287037119925,3.4907566207137566,3.688712192290121,0.9031291349586423,-0.35657435571236995,5.175621562733228,3.2868511194837478,1.3228690627814566,3.1468699038851713,4.24484227532381,3.64967109275754,1.2327835345556395,3.3060331831831626,4.252890394526613,3.974594225752172,2.266962710271165,2.303397222923812,4.855834862029723,4.011865973955087,3.5883524329062677,2.020674053422145,2.347158662038403,3.4620441103084723,1.5247222360837762,4.054300515010166,3.0688510911470086,4.773438548917028,1.8367962609497885,3.215193278927538,1.586218239506257,2.558972237670821,5.079762033363624,4.797290740709562
65,1.681842877329288,1.6608849488661108,1.8209509677364963,5.046568899532744,1.0364155862570943,3.7610797530867437,5.827750594821962,2.706021429722634,5.380143020629063,7.720082477916262,2.1591267561549614,2.341556930856022,2.92835676841748,2.9814874399778124,0.42445656016290023,2.7053215041585634,4.182224682346932,1.5780246426103908,5.736200210785723,4.475794627182996,4.889225091862638,4.066207510283265,3.976758419203005,1.8930850653749458,3.0346473303800643,4.677488214770128,4.656840505626347,3.4065041065950528,3.810554190358567,6.528373054901634,1.7280398753675463,4.938045971427826,6.2429858987736555,2.690551520190586,4.111189315007328,3.6697717577028697,-0.22102907361882462,5.575890421460825,2.5048465111492266,2.041910595704998,4.1857496181523555,3.342362144579074,3.3802809178911346,3.861174608944799,3.400839934642804,2.2235367733817117,0.45034005438653635,4.560518125135786,1.6880912579036327,4.919552204422693,2.91784339859125,4.551835918729973,2.0456166042363124,3.5692861687530737,4.8964461547965055,4.187336071664685,4.08661358107496,4.115370057829081,4.833552055465353,3.549821577544146,1.1265253846680814,-0.5061704167791041,4.68989177873029,2.5921206597147664,1.279663213079056,3.3162051852579757,5.148972540749364,3.372218384389784,1.40121767758595,3.2876417375249694,4.742676628674943,4.3044800169408335,2.294336065636565,2.142930780444683,4.731533333567795,3.3746077885144254,3.846808570190201,2.1336599373830794,2.431085569416437,3.0098454126848564,1.5969582321322529,4.3129757746344985,3.27116833132092,4.715706781929679,1.9676445226438992,3.498393524615567,1.813151607457556,2.221739083167935,4.836149397197271,4.728650488992814
66,1.4211731459693153,1.4923747629260355,1.7576480063694802,4.679195244782495,1.0795909469765084,4.22354189316866,6.4255541898075865,2.081640238420654,5.705471651653801,7.153486679204217,2.0638787439008888,2.346443833205133,2.8254979608879474,3.21441562698233,0.3019196367338939,2.554906089452425,3.873417298166845,1.3681184631726,5.70827819640154,3.447560885188663,4.964308477117376,3.8884830896137816,4.2546172829750475,2.1108235402364564,3.022908474600091,4.580615735702391,4.410402698350256,3.5167477780009695,3.913697212035273,6.549222867235603,1.6001262869117447,4.881742334673616,5.073402841775096,3.1909963738521503,4.037189461315698,3.6811392208281726,0.15628711065407042,5.678869029666535,2.4411689485102404,2.09122946707646,4.0979877539289165,3.006879849542427,3.329752352470747,3.7332767530384516,2.7859643182802847,2.6199029513040246,0.3388685831038092,4.422685744092204,1.9672009943613324,4.455407535510773,3.354629548662902,3.9259254059652307,2.060821874209404,3.9163296638270584,4.929477051528436,4.0408548827944815,3.440602000938611,4.591255044929851,4.226798626666087,3.5137344805917827,1.1778203738096389,-0.42096420641041243,4.69270776648624,2.8943336541745284,1.1907370957546348,3.518637068229874,4.76782322010135,4.026414137931005,1.2002276255573319,3.7389909491773476,4.755152555475202,4.280139167664033,2.4251050687614293,2.0252675129427864,4.736242093622361,3.446430877235027,3.8368187869056003,2.116820092721841,2.1294488696183036,2.99509717491207,1.9037935003556796,4.229685201640409,3.1705471856412504,4.494285537607004,1.7994970464191549,3.082017689936688,1.5522075806711308,2.3755129473296974,5.371623923151751,5.098611364105096
67,1.302386292129877,1.72937231742615,2.2370021918639575,5.119090054765881,0.9681522106841389,5.103822159404908,6.19787579876327,2.4986287352901986,5.202366434290677,7.759161541500418,1.847457185154637,2.291154233548783,2.474600836914597,3.3584122581869265,0.3275930853539255,2.5386059368817535,4.144530250959659,1.3813370659751936,5.828147479842038,3.979046680334397,4.99850680506153,3.0097754633339964,4.355617651967492,1.0688584986028697,2.8630869147194895,4.41548905730356,4.007426050547034,3.53800588059796,3.8811533081197704,6.075869492874343,1.796620043489771,4.946817926865091,5.521201140623125,2.3434564778352076,4.0598456527005204,3.2696392370621727,-0.03753973725560256,4.726400869206429,2.936479628097807,2.0237145586554766,4.6317460194391025,2.8261954582752313,3.327027191116709,3.716748285498046,3.2116201451018678,2.193551410618285,0.4235895674528307,4.408088947922145,1.5273002443464507,4.892095548628257,3.4592538369407455,4.389653403915978,1.9512338245549117,3.830426136238353,4.88485449307373,4.3605676724882345,3.3061073559166663,4.809046294052076,4.0241576282725955,3.536015108556258,0.956892845003118,-0.38147286636544164,4.548335422491144,2.649643917665215,1.2202169376486918,3.06623487942631,4.452381021617986,3.846946768215188,1.2560455134348385,3.8114472186707,4.217036856448193,4.33703952536353,2.5236522696568313,2.1817753146162,4.774676841136656,3.6979337630135793,3.3943666259740075,1.8203066782945792,2.0677740399223703,3.118432753643237,1.5828073676306897,4.155751771953026,2.9646444877853195,4.547953762579819,1.8229177461160369,3.06645819423474,1.7355198466513446,2.8275475589431065,5.821763871031838,4.78935468012768
68,1.1584115029736832,1.6218377892673543,2.0048795752874184,4.767859416485347,0.9296185009176332,4.161388085125658,5.592733055101436,2.4032112283915827,4.933934071635387,8.39525330908138,1.8783292436346408,2.3306841544730617,2.926552397767196,3.4423208681924797,0.43589697033523267,2.4703876399044447,4.064059303802383,1.3920566666829646,5.576378323974318,4.512440479707837,5.39685647925277,3.1635294880231206,4.079567262447441,2.198008652557641,2.806552269194733,4.9778953630416405,4.647846919993631,3.499726208743164,3.9038320377617666,6.116589244895069,1.663070763541997,5.033131041476979,5.389143530064757,2.2641381660724975,4.101918926134189,3.450864114241293,0.42380619853756873,4.866621240788886,2.313439303133258,2.0738330701284546,4.022992866699036,3.023514555409384,3.4467395622581023,3.448432674337431,3.122607352345561,2.3664712582499545,0.624821498335705,4.720553727939182,1.57639047801475,4.597038576217644,3.1377925822997756,3.8102089695865735,1.4462115710981935,3.6644638552266344,5.138926505294862,4.047667207651986,4.011797482466626,4.293122231915435,3.801677269183576,3.4451697210986825,0.9842496583211187,-0.4211866191904976,5.0447266709917375,2.6199646807527497,1.2667074764841495,3.3159512314058217,3.9967778391675832,4.014538324718682,1.2472185013010666,3.5630530053238756,3.947666247645309,4.6208593768544395,2.3157237515205304,1.995103249066479,4.707635958310056,3.7914928022115406,4.14304468242622,1.9133211872165528,2.420668620594528,3.783422981086712,1.8782352872545331,3.9849985958657164,2.8556947160507207,4.573730919686522,2.0966015951596044,3.1278685008770992,1.7076598112373351,2.7368232135625723,5.079525371815804,4.659624708377825
69,1.5511741493964681,1.647887717374015,1.8785349695714655,4.52728576710782,0.9365407381586905,3.9882160385668746,6.1589204657754655,2.73149376494184,5.452943065252111,8.142436596226013,1.965169316395774,2.3574131470025526,2.9470548915070776,3.812087532050641,0.40786033594599536,2.6019832291252376,4.166186047017466,1.469647043164996,5.25415224631277,4.509239954561659,5.701322123795936,3.0859901742211546,4.641259432944581,1.97038920998148,3.028702230104664,4.783623487525217,4.14935876295481,3.451620576608378,3.9394568593844568,6.374603000286156,1.6399048984076052,4.763947791959569,5.234777928989205,2.734557029783798,4.002695186575453,3.3686907590144686,0.0776727242105455,5.007038100618452,2.413512160920296,2.08897040991572,4.739195500803664,3.001926354321471,3.5294307520761565,3.4111467220135183,3.172072516890173,2.6604357004362127,0.6881517885570669,4.369729065451832,1.8585501614024162,4.688810998647094,2.9365275401742066,4.174094729361638,2.1792709230733305,4.09671356539344,5.021463603376205,4.101575050373846,3.3439411112997193,4.632150282933601,3.8127822880971776,3.744259747297309,0.8686923297296492,-0.3214461939919202,4.537689452648536,2.7965272656485567,1.2221933218444947,3.5586183772971998,4.018613710184584,4.064095532991763,1.4834774694564596,3.5522626833394404,4.531477307328177,4.1028485284368585,2.4661296108522177,1.8815868012755472,4.673209525349292,3.8000247761283608,3.590482582726021,2.057259204007885,2.3547123858871633,3.1442818066129172,1.855251435008107,4.022150342300611,3.4608102335289015,4.4025164732714845,1.7531228665163128,3.178010921157409,1.7947092863102316,2.36458661819673,5.329036152377448,4.809745515220051
70,2.204488118874071,1.5631361453466373,1.8097476530365801,4.315113457830607,1.0988889090365879,5.225183882506343,6.299339738636429,2.393900602972953,5.408068692489671,7.633795230721877,1.9303294418057277,2.3890405627039044,2.820812283456414,3.755415499701849,0.38686186107479514,2.413188744156063,3.784674739639399,1.6276764016991767,5.625232298457041,4.341994590151013,4.76403788048815,3.5900268936221655,4.473621130463398,1.8548783157934696,2.77717762063123,4.177160505945148,4.3330749895125775,3.5787844091807215,3.8491861415620856,6.416994195422987,1.6576342822784744,4.976420969525785,5.732845435736024,2.4630147062284307,4.2516689392962315,4.117483203180642,0.07664346006285583,5.215307220808688,2.3120666725006247,2.0884419405392265,4.0194011669103515,2.85599220072043,3.2270416378520306,3.6580359984103508,2.9029342777552247,2.090501464944311,0.5440307994951699,4.302579657655596,2.421245463488049,5.0240631895397625,3.3732588597004236,4.365338311403569,1.2955304217499777,3.6279499562040485,4.513802758326178,4.3679440374032055,3.1294003141411375,4.28293455642894,3.707932523694148,4.350690141829949,1.0260421347096216,-0.5584787326095313,4.619295369750757,2.7760164127962828,1.2928694938124714,3.3099282573511495,5.0746642152956944,4.001298536745432,0.9920039156099776,3.5075595478546724,4.280224749708095,4.209343911132979,2.2628080158549406,2.1472634353762334,4.331946594424001,3.5613794282111737,3.7326533367525934,2.0142404864809382,1.975574239599885,3.094947855900368,1.3920155584075296,4.207952886394985,3.203074097209293,4.323733574507945,1.7498401948430256,2.9484137914421584,1.5963688416311483,2.3940411491512066,5.210269314237443,4.858524178048193
71,1.6608387259298496,1.600782463033065,2.0550466670797833,4.757038313803845,0.8990271210398326,4.385489771544297,5.817340362881513,2.7005997914700117,5.646654444274665,7.939664525820852,2.0182648843382163,2.2647046077142647,3.1559626405881236,3.3936325978460613,0.36470504427461625,3.465434099251861,4.036975612741736,1.4099190073862435,5.146219562512458,4.127717077487115,5.0207375899950915,3.248669470191826,4.187620696345521,1.6829613042454752,3.0073810617109826,4.79077107538559,4.452889533861338,3.440966511569204,4.135609019253096,6.280898263446866,1.6417206328017564,4.809027820571604,5.117934816401024,2.499160341946358,3.8310311055179103,3.292645182745534,-0.03289769792310504,5.005848983864082,2.4082044284764494,1.9908378893573189,4.291917325063818,2.9708020056516244,3.4030149622398858,3.4758442345894376,3.2168269897592214,1.841672200760311,0.3687591484037607,4.555653656709761,1.9332279209328926,4.8908488265735794,2.914316805185644,4.311430803650961,1.5926041858650546,3.5722335004335024,5.532900186420488,4.3583886717041285,3.7949302321260068,4.5512324820256564,4.2631788158998045,4.056934723146301,0.780786857580595,-0.4197087665615804,4.603124626804384,2.709343792899065,1.295502485994473,3.3024759992806283,4.70535698488208,4.076063738958039,1.5433525127698713,3.5528356932652922,4.291887323414645,4.098633900504682,2.3610107812403047,2.1624118497669,4.659566180219817,3.8073999389672952,3.62514202432417,2.133680957482344,2.2060270553620653,3.2748484063374104,1.9654093472440657,4.126266494533356,3.4850794669613467,4.521836272545186,1.7682145644999885,2.991141606954205,1.752830460993071,2.449582665368443,5.099642948114389,4.8661901668477014
72,1.6501995492217514,1.5394300837481016,1.947571334445969,4.934474481962473,0.9503189814275856,4.852120412908076,6.026489168270531,2.351198825939186,5.013355145703267,7.764250665846838,2.1256065568943807,2.201313751503289,2.9318548045114463,3.039199511662471,0.45465303078101216,2.8101481602150433,3.893284731351588,1.4381059041103117,5.6399389086543685,4.451067102411921,4.806098335867934,3.14587100260521,4.194227305405819,1.5340946003441889,2.679968276077808,4.785077216619916,4.479253620103139,3.7820606233799987,3.7200893133514943,6.3460833479579035,1.6406053944604881,4.771423212949041,5.252119177971106,2.232150310910778,4.0673027543601,3.645153849437129,0.054475479252994674,4.820055212409615,2.437982401199863,1.9746922013092458,4.64801440462133,2.982420318511423,3.4190447396313353,3.6275274244845397,3.2917881492179095,2.1849396291500742,0.4908793561915723,4.661051428993224,2.1459187352841673,5.023611679898844,2.9814350639755975,4.018372030633419,2.4734466602053677,3.8885828089427203,4.924422520118179,4.259848334992322,3.663518341712246,4.587253204510677,3.344517433758046,4.125072850614546,0.9851850647294116,-0.45551010140499937,4.102447113194208,3.0315702549662444,1.2435171802507972,3.21900273277046,4.157185495011182,3.896621109942372,1.2373987343254886,3.4844750622412253,4.297998258540909,4.129192843684475,2.2611072238330623,2.111740693219291,4.647187720368406,3.7189917275186164,3.5225548503503386,1.928621976287445,2.2438484487810326,3.1418736345261893,1.8053476683199725,4.039377184569224,3.757781997631226,4.640537228328165,1.7970174110482824,3.388279084706796,1.687924120659652,2.414767118242572,5.250108521094853,4.797919382290347
73,1.620006680077081,1.5831365671034534,2.742911374085213,5.12357256890523,0.9905219054624719,4.39411285374639,6.070122188168803,2.0227347757230563,6.922963931282,8.16492291358102,2.1695364101662626,2.3250705241347887,2.6960302353046046,3.2192479976364607,0.211685953878745,2.3683758426602584,3.796446591110507,1.2618735130420116,5.044997527607449,4.482516565128936,5.0436129682389605,3.2313772161616896,3.892622782197185,1.5549989575121914,2.847897729552808,4.635372992854399,4.1200799849185845,3.2625715117904024,3.471136400969102,6.094850754152347,1.6886038441248816,5.153315585131315,5.184557044060052,2.8639736234617246,3.794505197952668,3.4218134144783363,-0.08704182058075127,5.015540672173806,2.5252897818069306,2.058280175991947,4.27679609568457,3.1601840633508678,3.297567432380573,4.090890810942247,3.710082473429153,2.024969231327125,0.6078071777438421,4.742572379721459,1.9317867021681983,5.084778540505347,3.593822249365736,4.424440067646119,1.5245574777192363,3.542990377347868,5.017423177583457,4.114643871011808,2.96341362551896,4.7013936596052766,4.022673674200801,3.7723354439212304,0.7215298738861744,-0.5721633661126333,5.264748667366119,2.563725051488974,1.2160619961510237,3.1912539556618125,4.192580231431377,3.8227749004768983,1.1048086430048172,4.041237990005163,4.427516609144103,4.362324281519447,2.3791522295438097,2.307985787611991,4.28181267606599,3.7888273191167072,3.3830185095780805,1.910455203456886,2.138579433912624,3.759280605257816,1.4818748125534278,4.315016283938515,3.26186008122487,4.615124616617259,1.879570948437784,2.8473120709417854,1.6054371488830421,2.844300499552447,4.903585222882326,5.039053173594982
74,1.747456390501286,1.715724602781298,2.060767321733244,5.185394959644739,1.0056714558130029,4.279298194508518,6.143751573203837,2.2181471819154632,5.586665670763022,7.951642910353341,2.126147306147865,2.2178570342182606,2.943620758246195,2.9744713840749615,0.3197093643798077,3.0437827539151563,4.470864273028448,1.1747404927202139,5.29915921567105,4.190991130506798,5.439414395574278,3.963606980449323,4.3859318586099425,1.4792309753515918,3.0886806734864756,4.0564568724740955,4.1729361608725295,3.361459779001271,3.4701766064470143,6.065446761465193,1.6292125450251365,5.138299619980834,4.62475767925676,2.426743348308155,3.975021373783169,4.380849560249546,-0.11110655332934849,4.94799145512752,2.47445522332832,2.191691767781582,4.3456273329317625,3.100630330964604,2.9940868528299234,3.2523428955843388,2.990785577254175,2.0904024922444977,0.9135212983382639,4.5123140681804506,1.847263545865949,4.801324969239522,3.176312656060384,4.2886691221585975,1.55821710649038,3.8933312935115207,5.671723938178692,4.35834915100568,3.394744403170834,4.907845862713998,3.9103514080436366,3.775605369648382,0.918748689725529,-0.4479661428986841,4.8267345977548715,2.781631648200901,1.1355030161690058,3.1693952051999457,5.114948161811132,3.9068670567868566,1.1174572775522584,3.663507904238916,3.917439814261162,4.435154085088454,2.399941686330287,1.7915050197447,4.64592840689899,3.7063739342053346,3.7287583355942697,2.007446348881195,2.1217663562081412,3.0971658819852808,1.8426486734015561,4.214645574450769,3.1701902206968695,4.625922481143497,1.963976310858154,3.2346496957669815,1.6827962748381795,2.596245290439676,5.307678637144284,4.301637078851227
75,1.4559893965471593,1.4951005696132182,2.1077879954309173,5.390707034133083,1.0375659178915946,4.439709690545087,6.142940776615656,2.3168002494930495,7.291945649782372,7.890889945253891,1.932779069781442,2.2604729842408373,2.9594127186274823,3.9871145590632056,0.4351566754828493,2.592825196828578,4.711361469080002,1.328762248713248,5.988892031649065,4.604041257128083,4.776270971761039,3.12736167507851,4.435959717168201,1.5422605329379784,2.815852663250955,4.852901237495133,4.713729092881223,3.741473327543658,4.008425078808118,6.003300181722181,1.7678899760050442,4.790414834457221,5.288580921828451,2.2342510251184846,4.387479252617145,3.6641470237786304,-0.05016843409317184,5.063845730472776,2.1019810658707865,2.109971125884922,4.854953586585818,2.724222400546946,3.3470116995335455,3.699241294376972,2.707381762690529,1.9262609869195224,0.47039524338188254,3.7849007477540377,1.7153844107303848,5.222745471707113,3.658383907576424,4.239356069241097,1.7133047817899405,4.274376356529414,4.971113452429549,4.241481201118544,3.36656477696342,4.163078842443921,5.006972953274037,3.512995598030649,1.0134854834924734,-0.5465194846722112,5.026128024014558,3.1915742830717972,1.1957689851422553,3.2849811437770127,4.336575848204315,3.79841111734164,1.212790641682983,3.3184782941561344,4.392090647939499,4.160650369854002,2.4062842025347964,2.1931366334911577,4.9488232416967115,3.43340002884628,3.802295593877459,2.0305960503433127,2.2342129982660506,2.864400539147085,1.531198870899,3.42602824298852,2.8121776536411454,4.529096961156172,1.8356208310693933,3.0331441988089676,1.7372983007622296,2.114185500907456,4.9937160149552655,4.867677962966747
76,1.3240597993866094,1.6884764337471578,2.5686679077132077,4.928983846500108,1.0066414484073887,4.018229469548343,6.056468317787546,2.2462935636447754,5.9190477946689555,8.090465885220617,2.11284982095363,2.3187886945553142,3.075818757513321,3.2770674737060204,0.3640190052013619,2.352977239591514,4.289483265337902,1.4609416799283617,5.963944311120709,3.8198621320202113,5.1724611333979515,3.1945735350844116,4.161833710555566,1.7236777719786405,2.992588064057676,4.329943697462344,4.299014796859796,3.340901147775683,3.7310547635492317,6.315613906374564,1.79030787041264,4.893945396345785,4.835394339629921,2.8307473069616265,4.427844038615696,4.066335051409535,-0.3684084660301341,4.810815674041654,2.27522761568307,2.175262809836486,4.033090705956476,3.1571161691630008,3.532328655782316,3.952387886546528,2.6958744313031966,2.5296612508665186,0.48094346444841873,4.515581463022064,1.6218164504605577,5.054661519393378,3.3703867267134933,3.7999605553356446,2.1797652868424304,3.8950025728089583,4.876124527431545,3.908189451022591,3.708966843034322,4.546394801430202,3.8600597296994716,3.5966160606899464,1.2693632873252172,-0.2910183130518571,4.253847422796835,2.8204110531384394,1.3269488850149458,3.532111504383799,4.983403358870889,4.062230295089607,1.5421563419491657,3.7833032274708804,4.378979644152411,4.136126038097075,2.364855744828852,2.138398126537086,4.435031830035893,3.6221379706238963,3.5601093963922024,2.1043438309858304,2.3672325804860974,3.2416978818780735,1.8591904639547234,4.251115867381243,3.1101501757158134,4.725618463362729,1.914904603528725,3.316326608586419,1.6205950852872388,2.4880754653653376,4.935175909880958,5.364036284776159
77,1.9993197011775923,1.7204527138613563,2.1253462814764603,4.666528923859746,0.9525268906418769,4.40873631583432,6.202189862759338,2.132748719901008,5.895369056681209,7.9358217324287645,1.8682358547798783,2.2586272913836227,2.822153011532432,3.374482083190654,0.427918613368663,2.7119415817639396,3.9851290820517553,1.441114378765438,5.739462064781282,4.459831537519932,4.844150769939809,3.724882583208009,4.1650973039423915,1.7830306694944733,2.8476156534718085,5.132697656507834,4.021349988832368,3.4764926004644483,4.222809956364898,6.097291027078064,1.9773836698942597,4.999190315674504,4.980655236799817,2.941925358103392,3.9734071532474804,4.186814366743251,-0.003759277320151355,5.431217738967164,2.5686747610000307,2.0427733831372397,3.8007192939697423,3.1586333872625856,3.339735381759416,3.449144746116334,3.291629254044909,2.2235024033443054,0.6803546476522506,4.492687851945135,1.7940342282066748,4.52916762334365,3.2216336043914175,3.8995240136857,1.2948439256382462,3.910543221855995,5.122426504112426,4.078542336913634,3.376235518478551,4.122894325386399,4.427310569319122,4.281158422235504,1.0332788555113392,-0.3624167997839578,4.992236642641142,2.61643815694295,1.1255828253846323,3.2658077024642904,4.197340430794954,3.6895361627573027,1.3603369824323082,2.9562811887234495,4.461922413590056,4.399424092002457,2.273989803569812,2.0281991839490012,4.985025730583365,3.2072897669165243,4.108298277640821,2.3514260708167827,2.079776016530568,3.057304183527899,1.3389405753974193,4.045085507746981,3.0371666991606627,4.236785906508455,1.6177209905821288,2.91433592110206,1.6347686509062918,2.175544405080368,5.142836089455729,4.731721099443841
78,1.7694882906009175,1.7046844429281738,2.0030561833875273,4.401946717429762,1.150119958511894,4.3435042043633665,5.178726705893892,2.074553564041356,5.840555567258165,8.258552863165121,2.074453755058393,2.4039896407721866,3.0541363779285216,3.272480740200834,0.5002105038578923,2.4381245257634343,4.073196745610042,1.1483839501339008,5.356595830904691,4.1091975494916255,4.899597255390791,3.540239495035241,4.3185665473653705,1.4837841636241937,2.763867867625722,4.504844386194513,4.193992418294328,3.7993574206437994,3.753535685904989,5.401592296867944,1.885006229845539,4.898785801630737,5.676085680488818,2.521313329936111,4.160889730292763,3.6914674769403657,-0.04913770278050933,5.223378125583268,2.777926945785886,2.1771157422932053,4.562004927550261,3.0265109570461055,3.619992546067459,3.529612755114494,2.870502572296303,2.0069204234833147,0.5665239772694313,4.620864123338387,1.9517737529572576,5.237072424206065,3.108485386489758,3.9027063562943494,1.7566060899064029,4.010444167971129,5.00541068868158,4.325056926590717,3.212861359013798,4.118988900328753,3.5557830936579866,3.7038727296597447,0.8874422911220043,-0.40344871042884023,5.346275792777264,2.910707899700978,1.0874279878735846,3.2212731216181503,4.276208515211133,3.836637720230309,1.4008063685528631,3.3781963061873297,4.448168415909736,4.41049173228979,2.3736313601846826,2.159966328458787,4.64831662983236,3.247428076834514,3.8147323365304437,2.0120320756318772,2.382317955256709,3.4402286205484827,1.9184393320889734,4.216673224662154,2.9732231462620446,4.7593904705789445,1.95946996316866,2.949344805453715,1.6285808152276307,2.4220545879181987,5.241970532657112,4.900426182077224
79,1.2813130286369594,1.6364572352532156,2.7243000881319612,5.384630032627231,0.9644407634380388,5.251970465178931,6.205297763807161,2.364942053826503,5.1748893269362135,7.611492215924783,2.009322539620018,2.377376176522233,2.570437551266407,3.7299357284948504,0.3986980833559386,2.617887141126502,4.165777469176062,1.4498344546437125,6.143162640423782,4.174079829654313,4.271976617715168,2.9050419644448624,4.562557495276697,1.4309080959219853,2.80207526480365,4.002549379154796,4.265402327662591,4.455976917730215,3.9455501937299218,6.331435910571885,1.6780981635923433,5.007576850589233,5.237378638077754,2.2466738270475015,4.289824921736031,3.799390436816071,0.08351229527189785,4.979872020610915,2.716705805849638,1.9476592945634312,4.61225060369526,2.938057007766825,3.4516591315098935,3.659557658289475,3.425477464363761,2.474769484129423,0.6612874217598188,4.175316340053195,2.1252975524867996,4.99262697159911,2.899172010828293,4.223898435967971,1.6512099009903733,3.8050618746675067,5.019508671831344,4.143671194845205,3.2947420756868064,4.086145990177181,3.736560400546457,3.463296584652902,0.9324912457083845,-0.3721364091722661,4.811679957501232,2.466239277350887,1.273970037815964,3.077961492458008,4.559693024365844,3.5255367455815243,1.4196537893730932,3.197488598026383,4.409429546695432,4.550753024753618,2.4340349288843486,2.0523204251615885,4.573714822463497,3.9008185473433703,4.02078734547206,2.0388331123977963,2.1779883764952253,3.7010381245544535,2.018216202645287,4.2064817674793336,3.0208452773414605,4.57629822467658,1.7140766530765559,3.5644672068159444,1.5615016783465976,2.6197220241981083,5.398465861043005,4.97793463089303
80,1.5782351770146192,1.6107575442664746,1.6904855456619343,5.217640881193073,1.204980767017915,4.347187717358343,5.836744648042379,2.2872000965978607,5.227034348896992,8.051795174809312,1.9570239730710337,2.4172009715800598,2.842334447734766,3.0359765615755574,0.34129415523199125,2.688704597547173,4.503227087933759,1.5197783628127421,5.775930260924445,4.362632929006823,4.859797718714127,3.277105886091748,4.544599257143653,1.7836444441549317,2.641023244441771,5.038227930141021,4.356933708846555,3.8354958097719276,3.554489734023041,6.1226553528145535,1.649757094627477,5.068876696696926,5.702961799206239,2.526284215147678,4.312610681556643,3.4210016226453677,-0.11354136766995304,4.883725899445153,2.310348081089706,2.150903522460114,4.361479115275543,2.957879657831622,3.4743658066279264,3.5697136448674467,3.2528830296783138,2.96870032178916,0.5191472154943964,4.190781456878994,1.776861563659666,5.532977908542508,3.1179623505098095,3.8667923937611635,2.058273873585982,4.220057200642655,6.464136998783684,4.538582205509005,3.2766535516823203,4.488119029600549,3.5032971366162746,3.713527782680996,0.9185531070284036,-0.4498958612751376,5.309280495207667,2.7868679984927036,1.310152782914836,3.2855997502767504,4.4930663261451524,4.042225905104519,1.2833406850483358,3.3777857545834875,4.720164220692632,4.030762426157566,2.4106495366952014,2.3982681447545766,4.355380512028808,3.6066926149576,3.788144112993603,2.068652380484162,2.169690006951144,3.203277938135212,2.0152059403662848,4.088962139569035,3.0462825496526524,4.254361658752141,2.2034259986359763,3.349859344201638,1.6868986237029184,2.390055836895618,6.005293746940516,5.370534712640538
81,1.480816168305588,1.8573003757074245,2.4653551828313764,4.887761502814002,1.0659958021689029,4.915414221104308,6.158402492704309,2.2561601159219977,6.223382848589425,7.761044949772348,1.895104002438185,2.453700118756582,3.1638407781644684,3.097524948629177,0.4608967499633949,2.3738969722580414,4.119472167252494,1.4887706219925747,5.621102017327113,3.9036875885590945,5.05084655772497,2.892373621367753,4.223118781910685,1.2473716393286913,3.08281397660629,4.778541053686296,3.999892066477158,3.593454372835788,4.315685195865302,6.48168480201727,1.9393649532898944,5.083913365928452,5.049316024712132,2.182806658481052,3.919986647096277,3.960968239103524,-0.08965051256440892,4.702868409846665,2.6856728488340234,2.1136430791650724,4.053116296400855,3.287690311463539,3.2341991964636385,3.845497996109981,2.815998106047509,1.8682893816201829,0.3398014406415668,4.388225853720133,1.901773375576417,4.65403375798494,3.17609218877062,4.571369620060593,1.418595182369489,3.7918321111621553,5.113436318941341,4.1720932560635475,3.4330514216225922,4.552216432671651,4.512871104667893,3.347510683036247,0.945346335295346,-0.3322289739215196,4.769410690505225,2.828670303715822,1.166317423319495,3.3431838699274463,4.584067318192025,3.495578814821351,1.3022590610046008,3.379760451777797,4.655893149892413,4.194275701908579,2.3666453322993783,2.1446853073425856,4.856213394003449,3.7962992816795964,3.6818928648381837,2.00816549675438,2.1580524386464326,3.0678403453326655,1.502151366456646,3.9745819247467646,2.977169769123732,4.565844403737397,1.9846946253939466,3.1439820509242695,1.7617374855004055,2.6211866490410167,5.398599149033487,4.91547801386645
82,1.2353720674368533,1.588351459667907,2.778995458897854,5.136830943796152,0.9825054882062325,4.434130618972075,5.702915653634998,2.3714730712610406,5.407348350976464,7.802776082946251,2.1882694041106774,2.3385722061953285,3.3118043985328818,3.169162433527979,0.3869964887112034,2.427861126960887,4.074789938410113,1.5596537007035698,6.223508944362639,3.736115294999694,4.895456333085164,3.907449873131852,4.34856143333916,1.7427400645501743,3.1202995882653184,4.481132631109645,4.690262566275012,3.391514959238495,4.432584545876452,6.268967564335615,1.6062736994530624,5.13522854195759,5.197892092667441,2.7442793291213876,4.127752535548914,3.621763658493901,-0.08871557828805687,4.989569550529508,2.627093717912321,2.080006024700709,4.117193873255514,2.7582611803509995,3.392688656884548,3.831023537188559,2.8966748885332656,2.384887248575371,0.7612755509562246,4.432956572357231,1.9719711383685254,5.210829017821751,2.8496327707272204,3.812115306495599,2.0890939369609107,3.898877077338016,4.385811629239727,4.003231442980925,3.275335294620917,4.550962824897246,4.313922817174043,3.694925800905974,0.962625737468894,-0.39471778720966233,4.250737186814305,2.602591540979377,1.4007301441293973,3.6901959556742003,5.230808797354533,3.9195333364183176,1.2935259359531157,3.9721369748303417,4.291110104872572,4.055444824849385,2.392016317129114,2.3065178664398687,4.920833043344659,3.6509037390539283,4.037647029111358,2.119802177794878,2.2356509745522066,3.1964924691528687,1.7240646016618029,4.364750891884866,3.1457571817971703,4.449380304289978,1.9884775676775508,3.703020150607241,1.6390438187862673,2.0203949983691727,4.800183132221129,4.6116351558701965
83,1.6587406760307344,1.600615040466047,1.684117367709209,5.053250854221126,1.1283505879092743,4.204983250299668,6.426442884805935,2.0725740013348957,4.536934537929588,8.479510565823341,1.9722527047943577,2.4914242475183057,2.7052894329467247,3.268112562741461,0.31713603799985224,3.336687165626013,3.8078047819938843,1.4482321827158704,5.0842731543802895,4.778417420503457,5.75208599676769,3.284036528169365,4.48946701777422,2.0104588577822042,3.489627294093455,4.86918528186784,3.8776523836753274,4.653656753537864,3.8396727405923823,6.5343419419252236,1.890551011080139,4.89101109053478,5.225003577777011,2.7484265505565335,3.9433652037348077,3.4856197105925557,-0.2150482093132453,5.57641417470884,2.6331957910265933,2.072674265620033,5.098977720115172,3.02378170762603,2.649613406008956,3.8064380106021165,2.8063555939187763,2.2046896737317923,0.6616837428152587,4.508255202893404,1.9546306516738148,4.687805928907094,3.172485487490758,4.05658246017062,1.3470555751509217,3.7708517032869,5.430821033567799,4.330701239070399,3.447586338309933,3.787685076928023,4.827724987029333,3.7657816872998473,0.7706608230072831,-0.4477062151706548,4.38229000811999,2.632066234310329,1.2988798166818403,3.154374921387649,4.251961911867911,4.132100510572414,1.2947539310859586,2.498142817212356,4.1377657379889055,4.050055014793385,2.892077295411049,2.512066012185458,4.702929291579185,3.5348203701646876,3.862155732797642,1.9960153777834515,2.1342536340782305,3.6957957549042453,1.6541100273349532,4.476815485843455,2.692232029929357,4.05687966525173,1.8699544348715067,2.831523085319139,1.6635843127110919,2.395657096484126,6.207401007295273,4.943081206083138
84,1.4301213533802604,1.7534926465659542,1.8695648525529354,4.621794438958849,1.2294165956596181,4.067485581392497,6.1066860113326715,2.4522619666646888,5.952879943366025,8.18430973041364,2.180417097511168,2.491415119544632,2.9931493559310813,2.971337919093556,0.4034519297117112,2.526158338570223,4.3282232001585035,1.5680522586213326,6.22307771903901,4.004073749536951,4.562337481094205,3.89230164597604,4.192970978259195,1.8569262497977268,3.1664721547075465,4.792264827573934,3.936380573426698,3.552137102951834,3.9134769598962467,6.320208865018639,1.866063904523856,5.024882465897097,5.215180855979877,2.479677337497325,4.129298688397288,3.7450688238168213,-0.07516022261264443,5.174484637740562,2.546309040687575,2.199509818423243,4.076086238709179,2.752324100594911,2.952840637445703,3.6104924796910787,2.8947577818394334,2.8096043727191207,0.4139455513341046,4.379688060978083,1.6797226559353158,4.714993033088291,3.122842753747963,4.320181597494113,2.1851474876266206,3.7454121884807696,5.426526850717519,4.225049676870645,3.636495105661538,4.4875518380817345,3.531365671284333,3.4959828777043835,1.128346710656838,-0.37109414977291344,4.6486329957536086,3.0545129954582575,1.2185982786242116,3.6671197820326866,4.299884374971429,4.0418162083129925,1.3165145688827646,3.0080254792552172,4.399719525744619,4.04489708451134,2.8187148943606832,2.1566641604325025,4.5550157869646455,3.897428112941229,4.00512712714824,1.9739649451117613,2.34670178423481,3.1189836768502652,1.8779337099445925,4.248672637216449,3.754988833810122,4.284643116647924,1.9806003464794975,3.1217150471610777,1.5234172105240744,2.636295417316543,6.003120617066847,4.914063245129604
85,1.4839753459655611,1.633227253348482,2.0074413534145594,4.546780652121498,0.9572015809307253,4.0551777252732535,6.5075994701614635,1.9400632015194543,5.554534159857544,8.150823205326407,1.846227073141487,2.3966441177100717,2.9439871768415604,3.8782676863662777,0.270400315676838,3.2982609273538555,3.8680052967303666,1.4912704933570926,5.542892218943011,4.168649464991943,4.602222838444989,3.308011513128177,4.2654523671672475,1.7535972907283768,2.7902947699263234,4.372124227382201,4.455910751749961,3.5221292022319677,4.219103875520979,6.452655695038956,1.7628181964394865,4.86075233789877,6.106397065335196,2.525883502776529,4.169493068586695,3.5009797911337337,-0.01865626865937564,4.930535473236681,2.481002314350645,2.1130868340070936,4.292451931414159,2.6612140678762968,3.4264821046755607,3.6520662158878188,2.7501957540975788,2.6094503542934366,0.45040177788294944,4.75535254663887,2.000903738717237,5.154486685780087,3.8226815357459873,4.081599917123268,1.36024841071337,3.6736948280450434,5.17319392224927,4.131419608995478,3.820408822294952,4.991197908022944,3.5277171702913415,4.329906061475951,1.0107443655962607,-0.44728502783429525,4.609081001235056,2.4878123129322463,1.2908437631189575,3.035372720568626,4.056469995266787,3.972401183889517,1.2402742762904266,3.977836050141961,4.633231900711063,4.1038928914628965,2.1371710299489113,1.9881592712478637,4.7273569732577645,3.548150771575548,3.8611058308394477,1.8316202298920445,2.1250947053705938,3.151781191309036,1.4804186365066918,4.242159427474203,2.9913301008572852,4.654814290219328,1.7896665370863318,3.065071883186496,1.6526999065654608,2.2132751838580567,5.066955760914382,5.04585406167558
86,1.4398987450171967,1.724948935779586,1.8682512811943939,4.851610229843794,1.0527787554504915,3.9491500009764167,6.3417419178875125,2.2061085044969797,5.4060929585174,7.850466697233927,1.9568543633563815,2.4158437446703847,2.7445691946880792,3.6876996769843267,0.2628540273079891,2.442636838047191,4.355619315111656,1.5009554828549985,5.5693231978633575,4.114999555969499,4.7509907362411825,3.1216917950664023,4.060719484589677,1.8757235045158822,2.8880166782969967,4.2769457893250955,4.174744577415176,3.7718424833323385,3.8372201712403595,6.0277603640760296,1.5906851237462962,4.736330965696356,5.604031117248255,2.5522988699812537,3.967757157781251,3.6378617037407297,-0.1593342444905521,5.359544023593454,2.639484317272107,2.1120840894677393,4.246467070240919,3.3000401625240254,3.4592683142230563,3.9447191924075486,3.347005958281917,2.761617362235967,0.48013305638011383,4.5393021147481525,1.7082436236703877,5.276408669094385,3.259381788882208,4.309067757972325,1.9168085153286611,3.802849448245914,6.196729208459006,4.176263408299861,3.418637656354292,4.321463750317654,3.617881368078799,3.663189779190943,1.1803719128410233,-0.4170157575926008,4.774195676042128,2.3292170034029294,1.2877147748329438,3.3665328207442204,4.297574346502994,3.6937024132239316,1.5864834547523556,3.974126942905372,4.486666627525109,4.2959775480991125,2.8077677463100255,2.2722870178712786,4.880328947849653,3.4237708699502147,4.082223959832482,1.8631959356579777,2.314150225760722,3.6568540615466625,1.7964354420120994,4.04304419784563,3.212872212218526,4.439124542851454,2.010845651054248,3.1199436148572195,1.6771843996461255,2.3511948671379237,5.808618881719753,4.927508779688469
87,1.4700787157370296,1.8153531272163366,2.102984372785684,4.730523849919344,0.9582207992584308,4.34411623131942,6.224037958382839,2.3146070786537147,5.602463141630871,7.774131118566377,1.9274009565469756,2.304852506973356,2.7771618221832775,3.3792250528065244,0.11787573965413056,2.3220707815764907,4.376944837928239,1.465483539789763,5.906703882091778,3.749365603971385,5.261327285939651,3.2230613187167965,4.578689424244926,1.7570878836143267,2.7618765562347543,4.826552143515906,3.947508083115933,4.024860853992325,3.8898754335632586,5.9276766027561,1.6762445396020815,4.961924439734216,5.022100310828585,2.331712569075295,4.024001883966605,3.711193525219847,0.19168688213049156,5.127725077017314,2.5337368832087996,2.03379936747636,4.158937125768671,3.1851145657598234,3.442980700851611,4.01880929841961,3.118737325705288,2.345685137520153,0.5884111695940923,4.299073407468136,1.8010861079695446,4.877873402121141,3.1911244398702676,3.938274335607637,2.0137789284936307,3.7818540433635524,5.287512634650854,4.259176377025774,3.0980817783347723,4.521356922358692,3.623318430484127,3.6476327045353303,0.6258465212459923,-0.2314744355936309,4.536392356743923,2.3936360233094627,1.1714115215842253,3.253006992137623,4.5805317241625545,4.281218253242551,1.3041390976401037,3.5538965015041715,4.278848509960776,4.3869015598161765,2.437348652058846,1.5690531568002544,4.719931715627226,3.853985218542415,3.635085749709031,2.1176913150399983,2.3060990198416773,3.0775536756876583,1.7352408855035366,4.3209732223758035,3.3687443686705603,4.2324776874160674,2.133854484133594,3.240887902757612,1.6860447624504349,2.2529745976456335,5.057480736084979,4.862733022216431
88,1.256707973346951,1.8239739120189529,2.138256360248004,4.810893509994253,0.9210795223751429,4.480389822952411,6.462553350123927,2.2788290218283755,5.933151309066156,7.629294733267955,1.9518356010788256,2.4518965440838105,2.6676315296639093,3.0263978740609616,0.3302241740039342,2.7376610315955414,3.976192096970393,1.6022201688484266,5.98901583847487,4.2885647057957845,5.2737800802717185,3.403117174901074,4.264181398762279,1.7506360514266164,2.8172496432097054,4.839325887357842,4.353342653687699,3.8092546848548374,4.035037121160978,6.108927429127926,1.668273787226293,5.052885534503618,5.192142035321831,2.808942675538612,3.8210573844865143,3.4570174650127523,-0.07823330799999151,4.879208908988147,2.278666936094578,2.127356479681916,3.983944119033061,2.814371442005176,2.9151578784278467,3.346103574115063,3.0482860477961786,1.6847651729746116,0.7754488317728381,4.640772678721574,2.184473467177149,5.092855579124231,3.232979346003656,4.297518252621755,1.8923335369020273,3.8989588137533877,6.24133975061238,4.318101556999315,3.837641709585414,4.461521788036681,4.6923952403633535,3.836138672984693,0.9285908618154695,-0.4207506699094061,4.438284093198238,2.505376298091464,1.196230385106544,3.747847070494341,4.561693516294583,3.9216871889287113,1.1360266322047645,3.625672960855255,4.090292697844038,4.3226331363217065,2.7061099150810146,2.2313304750556497,4.721919440948238,3.6506850818753906,4.082907837374681,1.8032701958915651,2.243719016994329,3.196447473943485,1.7738784645353896,4.234845254596573,2.781391634742006,4.32694933758318,2.055320973329054,3.0374962000426033,1.878423957280718,2.464352525547404,4.801535778234474,4.720155528649983
89,1.5174855432137067,1.6858147029758777,2.108497635759873,5.158009586521213,1.010144486215152,4.196069031347214,6.154465282231455,2.7023166162594645,5.699304126597652,7.5373178531969875,2.2845258225860015,2.4955254388518373,2.924684723038463,3.628312301958743,0.4525443648583245,2.556673380627729,4.018100917424933,1.5093994948544251,5.496627877490494,4.43156608475292,4.79023611980244,3.169245012237018,4.389426510204585,1.6894264142069533,2.77889991857898,4.814406311278169,4.42829497832248,3.6884311909961864,3.953757563161418,6.194809205482317,1.8699948446694175,4.886228765426293,6.308223153896861,2.7000427165522978,4.4810311020159475,3.7559870682991745,-0.17324091972628963,5.004045152402572,2.4871581805620346,2.245123037040176,3.903384052374619,3.114702596028139,3.8780884917220755,3.6164204539262266,2.9250343622696158,2.8983481349628324,0.6106420720329766,4.3498505052811245,2.1006255807508705,5.096815178239382,3.1144275932354644,4.001467697379116,1.2376425225387393,4.080561884626005,5.276596723162863,4.323457896817638,3.33571064940465,4.196294274731832,3.774091313828708,3.6540754160044235,0.9161347171125858,-0.39232779102962434,4.907438944386481,2.495722882566204,1.2699042343897995,2.983667233016691,4.275311848674773,3.6070085861965078,1.1555289904922934,3.8917230146255286,4.328511826771912,4.066734474793096,2.742045106126495,1.8671444642194783,4.7198821076404425,3.7153725998540277,3.794735220991665,2.0374701791774097,2.147150942756997,3.073279123976458,1.6892344772681727,3.972394574164239,3.4169237972896647,4.456827204136388,1.9540791940681375,3.135958809542252,1.659833346314547,2.3200566716566615,5.040174508447873,5.536270443613636
90,1.7319369212029407,1.6309438840197883,1.9761414330116553,5.136495144550538,1.0615683061605576,4.34838031477792,5.831142123566384,2.3264722860499614,6.063715059857338,7.961764579016114,1.9881053542803675,2.3765895688394516,3.0320831789685614,2.9274994608387344,0.3800539933896472,3.0155935319186487,4.079565174414773,1.2186392108490907,5.771616317491643,4.105398037517929,4.657860264833012,3.4317359426255165,4.172744390200834,1.4182667125029178,2.9782398611347123,4.422559716473155,4.177215450387615,4.383790677616325,4.1549428198397145,6.392676869677853,1.6717532026411839,4.888358732523628,4.888519250781581,2.834765893864134,3.768400958298491,3.480032103683582,0.20660699208978794,4.958197488932521,2.5685283657471665,2.140692198944903,4.236248921981598,3.092758393509143,4.091147103213599,4.018223848393874,3.15154917529176,2.352071125406809,0.5678131857623621,4.459877434838083,1.9520192229641178,5.0456721147118735,3.2243052155977394,3.748795514389572,1.815840306083021,4.132148549128007,5.452913671243737,4.331938404643346,3.937232362264938,4.372522878706893,3.8709037416214493,3.4532769608281964,0.9316713003186274,-0.4965732067890789,4.6741380424750005,2.7703492711625275,1.32129636481325,3.211104944454105,4.24100383168852,4.01824332720058,1.3013360466263029,3.7310282362734775,4.475308696141491,4.1939042753622715,2.3826951379273575,2.2300313436914667,4.7004311144953315,3.633968392388762,3.779533045353094,1.9241246290558993,2.3070284050474568,3.2405761761823833,1.5617373723569263,4.114467333722507,3.076411560529193,4.177176461897984,1.7920286711515567,3.2981923623632143,1.7664465156808595,2.5630842343334654,4.900273081539991,5.069768568689162
91,1.5161010831805046,1.7157574244020444,1.7224164566706208,4.864049433683839,1.0223763459710566,4.4627204358634955,6.053549332514322,2.6704768853003538,6.631980514950824,8.04994128819214,2.042668699339609,2.4572579451976155,2.674525395921488,2.9839958401028026,0.3068722210710617,3.0086227498887634,4.156665467579831,1.468358854173196,5.819270915595226,4.04913460043923,5.142478972184884,3.334216935511938,4.134996761830889,1.9443722933490086,2.983216865123294,4.236446328889496,4.55002611824372,3.733300543956512,3.873177440304198,6.59586993924183,1.4464513798002703,5.26133279769609,5.414755087530521,2.756504306437529,4.108566555620865,4.156621123358926,-0.10498748394038515,5.618387607073967,2.7139924634023584,2.086389995787484,4.362399691197266,3.2209647557043364,3.5662887383005124,3.5885518902065057,2.5597703064160005,1.9232680558270834,0.6656726854962203,4.023570186940576,1.7047323794454123,4.8131884188257406,3.4234539874537377,4.176563393574565,1.4412882751330098,4.089873855452848,5.0921070054438555,4.361585841332599,3.7882835363262335,4.2704264564568355,3.691273829207523,3.6355074260325915,1.0715269277675246,-0.42075132851466135,4.333037215324294,2.3600016108643693,1.130262773841733,3.214024359192429,4.46129771584531,3.9560568116026937,1.487141160994621,3.713836733174199,4.4097612629058585,4.402465050727498,2.399441079014351,1.9519939599509923,4.678194264913978,3.6969715679527155,3.2970749671344337,2.327532383303984,2.2261534072381517,3.1555845713075,1.8137538513589182,3.9376778168988245,3.066453736505322,4.110873278233211,1.883206003596741,3.446452044856245,1.563667415955845,2.3351937691392584,4.84648583846399,5.112598929576597
92,1.6831050878058846,1.6973132964101452,2.2443379284339455,4.960629577450421,0.9449325652264302,5.425146150040627,5.995929821327899,2.0593684334201834,5.320321206622934,7.341262493602204,1.921271554430023,2.4042711019039498,3.1296331244032722,3.32660297846674,0.1678415262812134,3.4768797885118845,4.211121906150823,1.3310460470501493,5.752480805414609,4.3773333800517165,4.583349478791295,3.2665907010625794,4.740835424433756,1.7797699949484465,2.553961171661255,4.584182057237425,4.595297461460168,3.076236747357935,4.00379461033428,6.646307658055257,1.6622352357545964,4.79286807007558,5.158168518637591,2.487678977505865,4.178063883870311,3.847945391636255,-0.04554662931582243,4.979517634389046,2.728160192506086,1.89140243623701,4.299159300722268,3.1641392383362072,3.3915213066857053,3.8914662589515374,2.8857425247451935,1.7256733272854095,0.5292902905378041,4.680451992228789,1.5070102951501854,4.916004860395274,3.420203331492294,4.028684560110751,1.459263594258706,3.4458059486022075,5.224956049726389,3.999508047238015,3.697700012618755,4.158321500898409,3.5049738556914387,4.387786708302498,0.5189923411944846,-0.5667332190747474,4.565120252437849,2.6322868130225894,1.167250125244559,2.9842842699178087,4.444489966297053,3.9441136495648728,1.2448780098968928,3.2358184200446756,4.624960858544763,3.9129056622743965,2.3115443721901006,2.241421344971913,4.8910457192842225,3.6762628095390646,4.0381178268981435,2.3838684423548857,2.441365145397329,3.0234112678020546,1.681905256128322,4.0443255488022665,3.672982926008889,4.368439043058645,1.980840130658419,3.2424757430630984,1.8766533130070835,2.4736037220685234,5.073350848099015,4.610354092554739
93,1.6750786201038599,1.8559663563005642,1.830799353291348,4.8091709127996705,0.9502036804127725,4.3552634372463395,5.914042888944636,1.9969921844171639,7.118542395320534,7.969572586008621,2.0746082474669283,2.1972679100867287,2.6949440512799323,3.131030768083318,0.3426544585114897,3.2457453231482964,4.539103732351213,1.4368264738077774,5.621607156384486,4.130896931164008,4.896968618874942,3.326909444987689,4.294233788439903,1.8059741458722338,2.739502434249017,4.803480187153317,4.1548732809171565,3.639825817882337,3.8386766879327676,6.178430207537122,1.640828557378841,5.076513990483274,4.960271942344133,2.703516822087165,4.090180096023096,3.6440210311052628,-0.049314038981308705,5.132231434392115,2.4059171500637033,2.120347566940291,4.7806663826403994,2.902416426460664,4.228995591634757,4.126607712128879,2.787209209691922,2.4903508898064075,0.5203986272156318,4.642360788052815,1.683389366849605,4.973127484998653,3.047076860587209,3.7433767438321928,1.572148648781727,3.715534352694851,5.075093773543936,4.239616192284618,3.395161855404991,4.2012930093710175,3.653900956907052,3.704337604499832,1.0634510657282998,-0.4386939780296406,4.308927811861707,2.6195356609814446,1.2042368402057446,3.1550689552690203,5.305222411017635,3.993136293436623,1.1683602011255498,3.43249529794039,4.401629376669469,4.103727243177643,2.2098573146620786,2.0479220906039117,4.683596674669307,3.549097408730124,3.592010236422041,1.8654917888076297,2.1543201849955786,3.199151662420171,1.7032751282477852,3.860938745140329,3.5379095543225754,4.780740425286047,1.9944164743450996,3.0216982134441044,1.7536226198717015,2.5055807514913897,5.878579628775125,5.571692918111017
94,1.9427251284222153,1.6426045575056332,2.2503767151600265,4.88868080163378,1.1128653805325186,4.24140497253722,6.087269182266816,2.341640618719839,6.817596772499044,8.246259983459758,2.1785237782151334,2.264771722292105,2.689062961442051,3.2907374716531113,0.33598298191910114,3.012726556523679,4.447699515048332,1.4366574127282945,5.823555848190095,4.0440575408367705,5.028797033923353,2.8406673851533313,3.989170001387821,1.5537732329869878,3.1757383230925336,4.524343090188575,4.216759268590001,3.6243722310038766,4.1074819310774116,6.039632678389436,1.698442372830706,4.6844299057130625,5.851912781783677,2.66742276546876,4.002016800992046,3.51418198964031,-0.0247674234139047,5.231712523358151,2.3993195828169482,2.0862062709961995,3.8484482265520894,2.7614499192509374,4.169259417027073,3.7104091447726786,2.842609976846964,2.3044993832101497,0.5419006020756814,4.50280977394603,2.044135900758245,4.665684517966076,3.2717000498171473,4.3811751598509145,1.321671468434748,3.8236144791700535,5.25169235175845,4.144863780478514,3.350089185657402,5.067519563923286,4.296910357154511,3.5459066509071397,0.9798764036829435,-0.3496666244393887,4.910307575103559,2.4430437987114875,1.2685426700545086,3.5950273140597435,4.988169037802637,3.990881670883134,1.0058385729038004,3.450255950576856,3.8897429734447764,4.074317341045343,2.3182628769840514,2.055627335229651,4.821444714255907,3.4970586860437534,3.912710881498503,1.9879336204487927,2.2921162110061273,3.090212880585674,1.6561942038137267,3.729736660386596,3.1462692571866695,4.357614956336171,1.8945696698608474,3.4428016260278675,1.6128484155478438,2.498788423812652,4.780138568959353,4.740479529220029
95,1.6452507582138418,1.6994678632068183,2.04044093848602,4.864020518778284,1.0556336395449577,4.380571758522126,6.4240271312165795,2.5077635188356635,5.721710103473212,7.997458616239038,1.9476484360993975,2.2914897248373824,2.927496267108803,3.5191520956601456,0.43943469751468367,2.484619308970382,4.083146329000056,1.3768889263309418,5.528414075205859,3.922410788083075,5.007579579836107,3.463657268902465,4.401155916075066,1.799148998851886,2.6965210527790924,4.282678140509531,4.29823117574186,3.845688162247116,3.8346904592634496,5.722708136710687,1.7918264706988498,4.934597956391934,5.375860706100026,2.5684220282361263,3.8556919703214945,3.82857032828258,0.06298732142438324,5.340805729118566,2.986967666831652,2.0341205188614238,4.259185740947941,3.1913920170200587,3.0504705804932484,3.8981229744985533,2.7897749687249576,2.4250424302759708,0.7214427270616499,4.537591676862364,1.7366002306031727,5.166841187713324,3.0846350113789334,3.9024956296692466,1.6909092900391947,3.770320683621981,4.9291589243634775,4.493969121499148,3.358221883447645,4.41057242397715,3.9694045859523355,3.5738335635024114,1.1850613007054465,-0.22109392054077937,5.012936962698216,2.710070384463113,1.2271950978908,3.2390994939234266,4.66092347533914,3.8960325006838454,1.4323763325277092,3.223283725598824,4.195148753237861,4.210405522465241,2.3976213730820555,1.9121038526673233,4.7761525009087915,3.7356453210510994,3.7696108155557173,2.016133202850657,2.2798773097844585,3.0739800810053355,1.6746343724057435,4.223373839200816,3.5209064246434667,4.493539452852543,1.9323337319892255,3.1652192048453798,1.7109671695789272,2.719661879600676,5.497227608865487,4.970340017226642
96,1.587274578399315,1.5024741354607558,2.5399846131578907,4.647423916938475,1.0211744874049407,4.972608628399767,6.041311724410388,2.4235782336822425,5.741752556966835,7.513417254034956,1.942195194620332,2.3002799239902725,2.8175764098297327,3.3048690753150805,0.3299984783116727,2.5402868580538573,4.072177234743669,1.4515606932672673,6.149423696168554,3.7473486246579775,5.190263188083717,3.399249234329372,4.388586249480216,1.5180860332883603,3.0031278814796796,4.590057749708035,4.358070679865622,3.4170812953078338,3.4072189899232157,6.045607620720663,1.6338055584494613,5.326973494166808,5.114974380254638,2.385418567193099,3.8076232192990194,3.6809189125972814,0.44563412854077566,5.423594521256383,2.949275469585597,2.200150818650699,4.174839714099062,2.9363649366623186,3.9704731359535326,4.227771512802265,2.7610591136662457,2.3397249358730554,0.48959580206857956,4.173559105516096,1.9023609975315068,5.025965724264586,3.2771022364570914,4.326271532945188,1.138250094235522,3.6560625507731808,5.096428428423466,4.328789808100524,3.8404898412933366,4.491750364901037,4.665138337354842,3.7219243256414756,1.0603618229135918,-0.35047918934194655,4.4910728824699095,2.5925811207564244,1.1835706498088125,3.1089146457129155,4.235503874764416,3.8761484503966113,1.3378623504448335,3.4287686926205936,4.459299546412087,3.971007280159344,2.2714437177182454,2.4664865547490895,4.835976037652472,3.628145681648326,3.45221007830614,1.91956847057514,2.260554581274235,3.0915545672651294,1.5013620660286648,4.194394014512499,3.0908803631887007,4.373046656327629,1.8017174951594517,2.9650186790266377,1.6411342844743104,2.404159819452466,5.027486561037248,4.63090252788704
97,1.4623489282006918,1.8172241144547008,2.1266054365660265,4.982202869528491,1.0371005469603407,4.372198565313423,6.121193095432807,2.476560408269073,5.09172707296908,7.937656628459541,2.1052085708724126,2.532898712639547,2.847628380731706,2.8852316903157678,0.3767526367675762,2.3808938890319116,3.8602322556429334,1.5346126993950806,6.112849248068917,4.201006528183533,5.508644974465801,3.0722845379245767,4.292574278121402,1.4261045874142968,2.8418738299863335,4.131221325245638,4.330622608347236,4.420084678918214,3.8880088995636113,6.210601242505494,1.6166251799456763,5.135569378256725,5.31741912869361,2.8669826855057923,4.30935519149281,3.4476765549522512,-0.08165121877886627,5.0302641290618455,2.1520793313338533,2.2102306350918175,4.305907207851886,3.1633987633206795,3.690616394205646,4.353629219434088,2.909389229696189,2.78258777382875,0.40130732967089155,4.3615228158747,2.108280370591226,4.978603504725166,3.4193694837228286,4.086733812849914,1.0109768292367112,4.008149091416401,4.814404572056817,4.113979323861523,3.2792388305100983,5.040236580318963,4.190864802347175,3.7694823651644453,0.850487256532229,-0.3899335332953675,5.007899963250495,2.4682935846807768,1.1958189442151979,3.2486279787666517,4.385147567138894,4.012059451361495,1.3327596874107317,3.7129702623879224,3.731904197141035,4.4053030216426015,2.3381995230396657,1.7541589297391589,4.806238531617967,3.315282755807553,4.012499998481344,1.8165959305528236,2.3993249687399714,3.634807260233252,1.6968018626828838,3.555234340308496,2.2981711579184587,4.642646107576226,2.073678982640058,3.1380328735512673,1.62970537293079,2.3290266931758596,5.069420756298516,5.583878952099831
98,1.6273782300682305,1.7862692088405925,2.1082052003601257,5.1235766553987085,0.7866801969976915,5.489172965644688,5.808947598915935,2.0348805381803183,5.339984198509633,7.5643303756942375,1.8771825232702426,2.17805546912684,3.0359640866101723,3.362522516397684,0.34009333442391476,2.487304230008498,4.31551572009432,1.4990866182603397,5.508161638813386,4.158870905516265,4.861912649355028,3.0179809352189055,4.113124883685775,2.3716202592143856,2.5210416085252283,4.944998389014749,4.127337766266866,3.74104278485216,4.053479036470922,6.151028073468433,1.7325349574109905,5.000260216505574,5.442420576480495,2.612528169804448,4.087167768552646,3.2009033671515317,-0.046567156835404244,5.070941625384155,2.1042063075885222,2.1210982555872078,4.165175934602294,3.5705958111689697,3.416285650274186,3.942701784491519,2.8651522055186027,2.457978885107455,0.5293718103610106,3.828484111420953,1.7470493878640776,4.615344779486162,3.8597113814900945,5.019764638912728,1.5628496243362326,3.2669051007826324,5.532575797654069,4.173564901058713,3.5591835820014017,4.905949956908891,4.78521709238885,3.2601224978037973,0.949572706597114,-0.5590241760433625,4.703563265009925,3.227493617676051,1.3489081559494474,3.300904077127816,5.3811931051081086,3.7247083735255497,1.2212858753505387,3.1035744119655706,4.406807069815504,4.316364180922716,3.033635722911,2.179750898923092,4.851777715925136,3.9376923213107444,3.742764046963413,2.4470040409977143,2.320013541311326,3.077121883905436,1.8601415314951257,4.348763860866845,3.392988161224793,4.275021408955391,1.6232509827460864,2.984527156792864,1.551639034455254,2.3737484884245434,5.278158636283913,5.462336108375773
99,1.3566517151352908,1.5904197855151978,2.1540315351909953,4.6578620775719894,0.9301474434161996,4.3551019596193905,5.968970839239176,2.38676468287487,5.702724378305992,7.892233882483092,2.132351027204689,2.4156455036156923,2.9971923607418463,3.788541423884177,0.3110242029892958,3.717474536944315,3.8826200159189597,1.660091078778791,5.867121053330816,4.332259066583549,4.686144313283199,4.156188455137866,4.627264816315348,2.142580645199661,3.0700347729782544,4.903299211535905,4.195531770893241,3.583584145307856,3.8624887073991325,6.347853856096812,1.7219999295120723,5.002148344636945,4.778878388760679,2.249569283210162,4.217748241416518,3.367348395473762,-0.052280588156183194,5.0781119258665015,3.174556810886017,2.040092339134012,4.222907794679928,3.060387732357227,3.360044948142817,3.789743223093466,3.097030125511771,2.8261755518899325,0.4330163122754733,4.369122751875762,2.1111401764964457,4.739201943006896,3.3776299652346777,4.123654854130196,1.956315957103174,3.7732879128061674,5.090767696414259,4.331533509564912,3.392450816910414,4.42758287213008,3.7932808693456956,3.2069168112124045,1.079307720270208,-0.5090564830561934,5.111393698421784,3.0985009437696025,1.1732931489844414,3.1513485224693882,4.660949337103243,4.10797898446801,1.114600921266021,3.9892173015773134,4.419522788185159,4.274761123834113,2.5189467477996343,1.9124153359402989,4.8399826130026495,3.750127208267572,3.8659752687469835,2.06140813518235,2.2500438367203497,3.199942971555436,1.9082165689084991,4.239880280551034,2.789164319546024,4.3619640107778075,1.7380224505496973,2.9767351997946725,1.9590486633172115,2.623361697811946,4.809001080306903,4.828683014836066
100,1.7389093909602913,1.656349487191474,1.7727508258004758,5.11113281089189,0.8571558613280152,4.391117437622274,6.048638064711746,2.3677228658471874,5.848359265042613,6.9151050507356135,1.9344100654478638,2.444347694136556,2.7310293541550217,3.2847146317711258,0.04017407423546704,2.4325082956642543,3.6344488795321945,1.3291544289044313,4.931145882020058,4.722982996837427,5.0905449478561895,3.702964187142142,4.571497547666957,2.0019144714389756,2.845740020234617,4.807037883542154,4.241380209409834,3.2003052931714526,4.171852605022016,6.4864401072980495,1.7508836948900144,4.766399673557558,5.118977914095234,3.0094717767610883,3.9560489622474813,3.253740409167219,-0.06286822856509744,5.5119080662894575,2.576604389116824,1.9912616109811028,4.527882838471461,3.2059163078134385,3.4516805018571324,3.9631972600720893,2.9389549341728483,1.8183865065285072,0.6414606028322756,4.404504296696339,2.0986872670614094,4.960229839741989,3.2568946479261527,3.9808017788732437,1.5745134767480562,3.9576467450155737,5.29180736872967,3.963187291935479,3.140443914044451,4.489581276049368,4.476245860990133,3.9930539440941932,0.5183971378782646,-0.3977739372710549,4.2358508788226334,2.523173885645733,1.277118876336323,3.411824146043805,4.313483522181589,3.6077196637211966,1.1933851645523685,3.192837574624333,4.488567245163516,3.7850439296248157,2.401483877410142,1.5536069300376711,4.721548279809502,3.321653560196604,4.00127681986616,2.3044930166179194,2.3588877026894575,3.052672152561268,1.693139147390898,4.158265418909622,3.281517647200407,4.522493110410889,1.7861921021751477,3.1269916871290997,1.7160579821808932,2.5932415619950913,4.648048469890514,4.427663905022403
