Repetition,Nback_001,Nback_002,Nback_003,Nback_004,Nback_005,Nback_006,Nback_007,Nback_008,Nback_009,Nback_010,Nback_011,Nback_012,Nback_013,Nback_014,Nback_015,Nback_016,Nback_017,Nback_018,Nback_019,Nback_020,Nback_021,Nback_022,Nback_023,Nback_024,Nback_025,Nback_026,Nback_027,Nback_028,Nback_029,Nback_030,Nback_031,Nback_032,Nback_033,Nback_034,Nback_035,Nback_036,Nback_037,Nback_038,Nback_039,Nback_040,Nback_041,Nback_042,Nback_043,Nback_044,Nback_045,Nback_046,Nback_047,Nback_048,Nback_049,Nback_050,Nback_051,Nback_052,Nback_053,Nback_054,Nback_055,Nback_056,Nback_057,Nback_058,Nback_059,Nback_060,Nback_061,Nback_062,Nback_063,Nback_064,Nback_065,Nback_066,Nback_067,Nback_068,Nback_069,Nback_070,Nback_071,Nback_072,Nback_073,Nback_074,Nback_075,Nback_076,Nback_077,Nback_078,Nback_079,Nback_080,Nback_081,Nback_082,Nback_083,Nback_084,Nback_085,Nback_086,Nback_087,Nback_088
1,1.3081633264931698,1.995439189562306,2.6311354653348262,0.8335447782671781,0.2583435515601191,4.055842501877406,4.389345342731664,4.6583327428978185,3.5147646129256227,6.392524635121719,2.0726205643138567,3.606905860134745,2.4811778227197463,-0.8100685271220984,2.6744818502245913,3.0545845015095425,1.97946212716558,4.220014672620224,3.32919088159983,1.2267427707975755,2.670262062208825,2.024062034037835,3.3558731124560133,1.6235144899923446,0.4049660799136694,1.5035544711689726,2.8076210588988277,3.683145080633543,0.47777265998585694,0.6135986939307254,1.9906990371338882,4.736030387347309,1.498028774668882,2.480656893755321,2.1281668601377968,1.5675645644452003,2.5040669360408305,2.0177054008911233,1.47668718890937,3.7164073660224113,2.690273279135444,3.5893207589005236,2.0682943254269084,3.8471992519864906,3.133719220578254,2.870416197476013,0.6210147646894465,4.042104652914373,-0.7598532141794765,2.664069161263028,1.9942035375079092,1.7567632264984359,3.474176282057356,4.079859387004625,2.608280484401381,1.7105178902639295,2.837022543254992,1.0622803049256329,3.2161862675537356,1.4185988449950135,0.8116776733496037,1.4335966150395119,2.004908714248221,2.748057943020539,0.9201178044138488,2.720298729103628,1.043416184994189,1.5267167384991096,0.15499540027828473,0.8430880482506025,1.87978159235368,0.38388379800746586,0.704209121217316,1.5011726524857871,0.8598648688405559,2.775319770027133,-0.09645332410586627,0.04082692600360138,0.3912553694908294,2.594265869100216,2.8719990416925976,3.202034557116316,1.7564320429652052,1.960993522744535,1.2896389797580117,0.806486590543789,2.919053206338575,2.159888245312966
2,0.8854229867720904,1.9867400967733921,2.8587841821798623,0.7590312717552135,0.5777020033516787,4.089416154636986,5.070888096546709,4.266242481922793,4.606052376923804,6.359157424461712,2.2108988451808185,3.566348519225416,2.540342291135839,-0.5488962851456902,2.1834641328433397,2.9981730624575795,2.1945638777220915,4.123202782370356,3.1491638273202405,2.170288907277529,2.749952543715386,2.109543869260305,2.9748263915557063,1.7978255771683762,0.3396513778681447,1.6556476982489539,2.5921693793923226,3.5262756711653256,0.3578684052301053,0.9108778017250114,2.237956802039246,4.881404896098101,1.923897280222822,1.9339282547823136,2.228147850901802,1.6600187271788012,2.4783435266679104,2.0408324838774785,1.5973568078810523,3.278380399158391,2.673880545853195,3.285775313200155,2.1894720031529866,2.835499317012892,3.3254752257317604,2.7484571392767845,0.993537290517728,4.029614729278081,-1.3472966623743674,2.8893223171118017,1.8379996057747325,2.0018540324202165,3.557418074686368,3.961553317866353,2.74261273599964,1.5336581017893316,3.286746525312628,1.3833630038133409,3.8400119128261725,1.2722601453686773,0.8470917663944678,1.488832650107618,1.5892000550551593,3.0878854508387685,1.1584350046057643,2.894804524631535,1.234231277359163,1.635378715191298,0.5401703254683488,0.8852999099798684,1.6828619583788822,1.2642175437494707,0.5430665328993445,1.6112549091044301,0.9211532133258737,2.62278255082306,0.03322316170346862,0.23517177715548243,0.5499127073363828,2.631013853069927,3.4355242816018254,3.0048230140550576,1.0410583505336506,2.2303720746525877,1.2634680766190867,0.6374941552308757,3.9128744421806227,2.138615577831618
3,1.359635669628127,1.920295616710011,2.5759635685076954,0.543134453210167,0.47243140381301396,4.1561949735477945,4.701061746865978,4.577470615555044,3.973050773935401,6.114415112818238,1.9964494788429286,3.525142847450693,2.5806754704140173,-0.8794438435561034,2.1452409705262045,2.8750056056123396,1.9833386491393987,3.8972743647579176,3.3547078127762178,1.8254467925866642,2.589998189574057,2.444389875043192,3.1341393344766,1.678871544410923,-0.06629270668903198,1.6668340896374287,2.471238601701877,3.481910080913317,0.7709776699568183,0.5797684245083496,2.2305734797516994,4.957859167175267,1.5262030621632876,2.2426314704728263,1.1045447883288446,1.5379928219842665,2.302473589773783,1.92076568849401,1.6070965441777718,3.6289958680285146,2.6166199177339475,3.1170705781865458,2.028291889559968,3.4232980074298736,3.531378094399907,2.9582770483644625,1.3941459558494218,4.051415881830856,-0.939826493464231,3.0431562362619813,1.8730359202233628,1.9762875748123032,3.1567805547982823,3.887395015465909,2.6735960377643675,1.799241193764326,2.6141600757903376,1.444419561319351,3.198899536938191,1.5103305651018002,0.6075496546762902,1.6359208078862213,2.158784865425508,2.60513571091834,0.7591661913314458,2.89800044438235,2.010799142910704,1.6098163225040218,0.4587807261490706,0.9527480421757546,1.8184432261828598,0.06592070674450978,1.0861599274335991,1.4236686633122535,0.9304007131562537,2.7565788439295265,-0.030063503093706645,0.25557049293698864,0.7145058956984198,2.74172762372718,3.258270564159742,3.500408724689034,2.045923386671416,1.9282271326795577,1.4465204384929649,1.0120432125938326,3.8331317806307164,2.0828537056254186
4,1.1566988444515331,1.5969547042967458,2.259076421133459,0.8613847951633324,0.5110860504814312,3.7850774256548907,4.409550305893978,4.142061135431192,3.866878602668716,6.5058408037163655,1.789000756956233,3.873163429641465,2.596416433518974,-0.7862137180621933,2.407545065983978,2.7693348038154735,1.9434794747434967,3.850515649240465,3.1568886288519042,1.3801603794380453,2.788832080497658,2.500202929545307,2.994233318690739,1.5820274778885517,0.2647290292168871,1.4417350322380165,2.2490043889943747,3.1547172171302664,0.6146271003913721,0.5299187839497493,2.352625018880472,4.917837803492419,1.7443525265205555,2.086118480996248,1.6874905498759467,1.3857152151737455,2.4239337784698773,1.2988848217577436,1.7168547029568697,3.215467625053096,2.282840426173805,3.577343541167241,1.946710048250456,3.31857306652356,3.470494442850926,3.2160613204270363,0.6800841991704439,4.163800004308435,-1.0432669837660489,2.869862037395613,1.8675310315559708,1.9243131757224559,3.539902128876981,3.394851283342227,2.290254081047481,1.7502268431661239,3.2748603331177613,1.077543809685252,3.08513875473386,1.606261114993031,0.5745779944227449,1.8699524817819833,1.8234803724345985,3.1725079717615357,0.997616063478499,2.578233007726418,1.2434641039099956,1.3793933784337336,0.2794169817173544,0.6430948111500137,2.108999432602565,0.3591199603507107,0.709969076574227,1.9111290988770235,1.127030170880607,2.5663054783486263,0.41771045749336944,0.6925820751506975,0.8059090371455783,2.509102490047873,3.1483435439283034,3.3280505139268355,1.8738636477605366,1.6784063580463053,1.4207491484810684,1.0350769326202154,3.400394672471286,2.2282091279988645
5,1.4325681639032064,1.8336119043409655,2.5956465493060668,0.9788775490889859,0.15042562629628575,4.207682108542275,4.709678587766374,4.29345918854043,3.8908144544321512,6.468794136079524,1.6639455676397497,3.9117453579532278,2.4099190433400683,-0.8346959969849175,2.388254831000127,2.9944929665467095,2.084578850446353,4.230642251790498,3.244726463333827,1.619915659080111,2.9986523732535453,2.2977817965717526,2.872442080390412,1.658075377554665,0.2780357769029931,1.7516917496719489,2.3821634665362263,3.5426831593809287,0.763043853704743,0.6824474191197443,2.592299819425209,4.296150976121897,1.7230129717062126,2.153739506710855,1.710152435942757,1.4054093403974588,2.626913512317487,2.062040731606367,1.217017356052571,3.322904291419598,2.931751899615862,2.9904937438838832,2.469062799795611,3.339045908039032,2.9818649532342434,3.2786572662444464,0.9928012478473924,3.9787299287369526,-0.5775309810481261,3.1750265103049573,1.8742630089881507,1.864895627101921,3.5806737430462316,3.235685082204597,2.5330029257799347,1.6194654766789003,3.228094594650247,1.2353793309791088,2.80545204252096,1.2992427784208895,0.7340638851020498,1.633534799649246,1.811517893972162,2.9485361917131057,0.689132535938588,2.9811423377897306,1.4036407272748026,1.4272771591663824,0.5146171163128139,0.9125192287260366,2.037561581112793,1.4535158275194764,0.8916873591831278,1.6449789596645168,0.7773199063669236,2.705260407881072,0.1570542937065339,0.48003152610239175,0.7964919263414675,2.697262328982593,2.7291010272369745,3.286033546483547,1.9874913079053398,1.908551219442504,1.3953484716482365,1.016943754909207,3.3739615377783343,2.136405709666339
6,1.727658019287519,1.6449983605419605,2.8403336896130353,0.7808036460104639,0.43941906217005045,3.923311128121591,4.485599038472685,4.604257387417354,4.035072813842549,6.857675447717461,2.293880646248515,3.719784870440469,2.367488776005101,-0.9893932648265615,2.257247878064592,2.8112666084346447,2.0973590568855247,4.381693344049131,3.3332048410072224,1.4965538868055615,2.3717489364273763,2.388981177934761,2.9686910450707567,1.761877236875967,0.03669123789532902,1.4206400377521877,3.4640832616524113,3.122012362918479,1.2521443382182262,0.14510200416175711,2.237541760087843,4.579300799469765,1.5729438965690343,2.2129908760587154,1.8993032942981691,1.3773730998864284,2.5314868664387884,1.8924731226605283,1.4708772394257432,3.7522405494280537,2.3069840902630148,3.07838702119135,2.0056977905633664,2.989952669017497,3.097706720886541,2.888398742134962,1.0871565732714314,3.7823419969277667,-0.36322749304036495,3.205027353757536,2.084411842683749,2.1803234143197576,3.3667874933076734,3.5898585104969865,2.533043765387739,1.656892366981908,3.1949021437138967,0.887937718528185,3.0632744273604593,1.2811776607961831,0.4232371140130402,2.0023312382310623,1.8876930001108343,3.613290483668013,1.126944978646629,2.8620215410767758,1.2423363381586168,1.1641462667735203,0.32127230912043414,0.6345934033595874,1.6852214784998951,0.39745169683622306,0.6185901752824888,1.6602759499830697,0.7202030502849306,2.8351806076282076,-0.11698220483004196,0.41791545386855566,0.6724273016672411,2.731212773524135,2.930335928664907,3.53128029659079,1.980794885568324,1.6190425541949465,1.3231134926004935,1.0403306297076056,3.412249528450592,2.0247346289851027
7,1.055630788684172,1.469476624144924,2.587785267031704,0.6924671688846378,0.7344246739270103,4.08610702020661,4.603779671642951,5.330746074342983,4.476687162299402,6.222644691817088,2.0915030981212714,3.6417010866828137,2.2383934789181357,-1.0913726832432322,2.425114057570018,3.1133592967010815,1.6206114747556493,3.8799708778820565,3.255754907876554,1.660131614049143,3.1514878299094153,2.4024542028043685,3.1650190758168373,1.620382745766053,0.406299490990478,1.5912550593119419,2.926962426424155,4.000511648610503,0.7454055988208541,0.47293799304728723,2.4414562567861573,5.136454852562586,1.7225735830113824,2.3096397575745433,1.7031527277955352,1.6105166495465273,2.1201133335040483,1.7399779618930165,1.7524231192199056,3.038344467626274,2.343092429895063,3.252889780957999,2.464673759768629,3.5722359521695566,3.2781569361972,2.9230306784833893,0.9929028829162012,3.8499121976250397,-0.48906389343078216,2.735667671088492,1.8305403845625152,1.7825358385524694,3.272214997265373,3.7130218360703573,2.4083565247754306,1.8243006777276336,3.3792917296107277,1.1698560753452534,3.016361302528024,1.288016516490081,0.7721447042396885,1.7636688648362189,1.9983804327771808,2.7388697225352336,0.9087832227964703,2.9208966239486767,1.2578679330252795,1.5130312580279386,0.37442722597240463,0.8608436641398594,2.087974178634697,0.7751476506685773,0.702587558822284,1.5267703134307624,0.812449749087812,2.292028249276021,-0.10799462983877128,0.49090490467007597,0.5868508027982797,2.6004334587770095,3.343650068607879,3.116801064849682,2.1559475194904616,1.3852233963361356,1.3679420255913481,0.887333011523273,3.4905580567487666,2.268619053548842
8,1.62614272701187,1.453174835271766,2.2477676748445443,0.8647762462098096,0.3054380132901897,4.01273118107212,4.451936567008749,4.128782310129303,3.7678335905475806,6.572731074759594,2.212489311348535,3.8558005603527867,2.5220705170120334,-0.764452228272106,2.548855935472572,2.6810309204267897,2.2943950198937055,3.7567619553052154,3.4546006369339954,1.1979838294211316,2.774021051679137,2.4241233818929446,2.921066677509309,1.5375135322958426,0.24158788026847855,1.840293373095228,2.5781954419334028,3.58463797451053,1.087966666733777,0.7783826239401153,2.263905354357332,4.269933507170521,1.5498268567395255,2.252233822076092,2.17817288405151,1.520280915571746,2.7273613963356027,1.7763349863588838,1.8463331979831556,3.759076926330917,3.04040798682872,2.996947956349933,2.214646893874675,3.7965981849945405,3.1824455619957845,3.3322429083718133,1.0173608843213218,4.05983240754102,-0.5709669744980697,3.1543106603277,1.8045903914649188,1.992547428129719,3.2912071100367215,3.664787595003819,2.61127409350168,1.6587685968229686,2.6110365288677184,1.1084703880395659,3.2038920177687356,1.4695595642917496,0.8336223964498717,1.4802713372350387,1.7659466255277576,2.4875779502982454,0.6933957531061927,2.8132316350880444,1.3964602845715515,1.4982331494368557,0.5842449636234801,0.9519716890469139,1.812838765223218,1.2071768514307715,0.6579033712941635,1.3705048934269306,0.8924157221682165,2.696589579452031,0.11706469604440684,0.41598312753162425,0.6682165964897827,2.514595109958764,2.8631076850377433,3.0854808463277656,2.538593065045868,1.5949618291855676,1.413882365063302,0.8281145398645406,3.2879548703311317,2.0597122324940464
9,1.1721881432268688,2.031132941435573,2.458437108166575,1.005052909837753,0.26578056838147823,4.644520549688521,4.6011620838283305,4.230812414928947,4.123123841005628,6.412799988315075,2.3540995873521773,3.96227077713287,2.286066712163798,-1.163048762832437,2.6776460164145885,2.8458672059170205,2.1383730899380025,3.6820139325705448,3.2991126867569394,1.8079218339797112,2.779236673813041,2.3283223569409106,3.1318043599732395,1.6086183577840358,0.4824402143723776,1.9433482346933935,2.4754464834767873,3.8676264530902587,0.7419703297950473,0.518607346717366,2.4151014250998837,4.453744728438378,1.7644318110087727,2.150434959725921,1.8821510677312259,1.5662385531678207,2.3280562817007016,1.6808226774335815,1.987651087182456,3.570927470101838,2.9310861460972344,2.7988738850216937,2.4795330201560635,3.108242164309755,3.3703670605103615,3.098695861609229,1.411183634908297,3.804444611576149,-0.39855524338084247,2.668032517794655,1.97925089850531,2.000246968174811,3.3213882427858294,3.3086941779236523,2.190390159283681,1.8265297278527264,2.999792372480043,1.4420582496631755,3.1928356344249202,1.2462573086803959,0.7314780893467435,1.7436794694429891,1.6259855820724687,3.0922220160638485,1.1807301382190927,2.8826509364858057,1.1325741575853772,1.4027054891679291,0.2787240627928349,0.770298883085688,1.7981021571902291,0.7513403780437069,0.48262403951042043,1.6529997180605795,1.0468738858667361,2.4200443501525326,0.22477497944275138,0.4746026422108285,0.4312223808112945,2.7480601897393804,2.6132069213836164,3.0347549245980825,1.4926151469658382,1.9618838482065781,1.2784827496114324,0.5839476293197948,3.5619320155037117,2.085634453770906
10,1.2897459746954705,1.5233747752470999,2.4939636074258855,0.8200876131098787,0.3016307396363105,4.285145745956643,5.2683875432230405,4.736197361820652,3.974615265958949,6.028590633021009,1.941667446994746,3.965921524724947,2.360625635991943,-1.0844107990678866,2.0707360351105693,2.854510279261839,2.1143228356903014,4.145345816454991,2.9417078763467237,1.4922192012138007,2.668235081948838,2.2868412082944998,2.6627988312469175,1.7461755940631265,0.15579770140517102,1.5743119270864254,2.6214047062295416,3.871206121625833,0.8774559716760908,0.6840755449366261,2.6073332217451983,5.118334719424566,1.585574759299416,2.117754143244677,2.1438908150374907,1.6429772320631342,2.1895445895251666,1.7497948208127267,1.7807491738446368,3.3064685972848347,2.2427619795892224,2.893661575352124,1.7910564532237252,3.5756326560952836,3.2354680850417927,3.3064787369143716,0.8048010535077772,4.072198483198368,-0.8385191926286293,2.855426622663391,2.053767353054346,2.0978191641687847,3.2587317594667904,3.704442968421254,2.3608313757660735,1.6339814126709769,2.848829454470844,1.0867817695222661,3.1494118316779405,1.620204229389365,0.5595025933558948,1.6618638980788223,1.7814860169455287,3.1266118959968807,1.1304775478509608,2.954224179395484,1.673123940449575,1.3639149206837533,0.6227779628272891,0.7968336904092987,1.8008859632455174,1.3751080309677657,0.63419344972096,1.5862794695824947,0.9319865211987874,2.7272079251385346,-0.05115296340077369,0.43412351194306575,0.5457144390517024,2.6716576908637277,3.2264381261170527,2.9683482703947943,2.078532195796954,1.8404039071208023,1.3498041059382955,0.853239720554807,3.38080931994101,2.1826097979166645
11,1.22277449667276,1.5012317117772658,2.6157764390639113,0.6102716084542279,0.2705143915917194,3.9812202870277353,5.151562303800266,4.927612791604434,3.764559685260224,6.313429238443325,2.1619994963149587,3.426431597901619,2.7130344657379633,-1.1393779600777194,2.233935409403193,3.2076091685024806,1.8354825620428639,4.570984612858052,3.1270143833415345,1.6851795129253828,2.6617728461258716,2.262577517072213,2.7315119158354038,1.7567944162421933,0.14311994602811406,1.7686215038916373,3.132751488466937,3.66884887724396,0.8535825248748536,0.5376933500128879,2.1697009225131962,4.202974572344423,1.6243541583156609,2.2549924052065338,2.0910333245949984,1.5772268230554833,2.3909764801862696,1.946611529946649,1.3532748429466024,3.731372746935945,2.9996393826268983,2.7920929179024236,2.2939962722157614,3.4971535843469232,2.870182724205608,2.594008054142899,0.5567209866702714,3.9469437288558242,-0.7668803227530785,3.203814529557423,1.8182679390721137,1.5635226766940873,3.656048950637556,3.2928616517098908,2.6882943901081555,1.7942400909220426,2.950886269598402,1.074774826933671,2.9714197195807164,1.4054167390762404,0.6427378660819496,1.7896021775326738,2.0181842073867786,3.067840032540818,0.8839552950908323,3.2233521792930824,1.1472794123071528,1.6045844818416914,0.1191197562573656,0.8996661627802713,1.5590403287544625,1.3868236776132834,0.7208391882827788,1.679792421641371,0.9636133425895155,2.539917932041433,-0.09974620226736075,0.8100262218921187,0.21622706484616394,2.60387610378986,3.1236408156465654,2.6248838838299466,1.9946863619577417,1.854936762854866,1.3407372970943086,0.9685797021896854,3.46655336253032,1.9495166142400875
12,1.5753747219008187,1.8134102402011711,2.4911412507323227,0.8961669094297182,0.3944962188928134,4.169074690219159,4.7967053396023385,4.1868297885958885,3.947633800080804,6.070136380014585,1.6888262012261972,3.7877172080476256,2.719106552380447,-0.9917159024555626,2.665962788339746,2.730587626693299,2.5134522855703936,3.8764780568585704,3.3395017253866177,1.3455565844819648,2.942405682379627,2.3290243988096,2.8961177519405314,1.6836806801713444,0.25417797714646806,1.3925778128102484,2.7628868773590325,3.624826461134033,1.135991805265572,0.9726250153359735,2.1342696747509686,5.122760295162188,1.944498759046776,2.3351175336833254,1.9301035003896978,1.4667634236793172,3.0124503818663446,1.0820917957777634,1.5896873594737522,3.078378862690845,3.1777523012356568,3.087266915082212,2.020658091777144,3.3088158281909035,2.9838494225710024,2.8485477472436522,0.9489156667644256,3.911710992683885,-0.3423819761064928,3.0002057480393276,1.9004965984734028,1.6478057408675855,3.2706244669138393,3.60747670829259,2.531177072865849,1.7641996418318218,2.664745568079794,1.1903015727041426,3.2013658087439323,1.5560257484496562,0.6274539301356894,1.7775457756770146,2.1243306156111594,2.6440511883766455,0.9226067265314194,2.7787313451484503,1.5545923681820777,1.5761904099292803,0.839133923771413,0.6103594872967999,1.646037743388873,1.1658720058904954,0.6566325465962015,1.6477362188913938,0.9335048864601108,2.61462464442528,-0.08461185715002295,0.41389755884020407,0.6571893098968832,2.6614378790783544,3.67601226149879,3.555232767878874,2.176122267569684,1.6729662897023987,1.0885584085046098,0.9356034756328581,3.498664403840431,2.010375257180651
13,1.2686451533219998,1.6523963252817162,2.801811325827343,0.8603867546308469,0.3802841198466671,4.32388999221238,4.426170398667832,5.517663146869233,4.002006791628395,6.686979422441469,1.8478267596252167,3.9705626179475613,2.4548816985238124,-0.8833737280417417,2.258118200113667,3.0011065948536726,2.495963786750116,4.174872570234079,2.9991039263116797,1.5405931837084594,2.4586585194355353,2.2763751885875463,2.899639332095617,1.6505455356582153,0.3039656051005588,1.4643251780769189,3.3538073097910326,4.01704026712282,0.5242036857588226,0.873626870302658,2.320596900141096,4.540503340800544,1.7483035269498504,2.1019571966456514,1.8254575001651352,1.512830045078052,2.526727899824764,1.841051896333698,1.546450474260524,3.5123009018768556,2.339404949056745,2.9800705949157673,1.9592134452162033,3.246969928606637,2.9754583376621984,3.4730618648509815,1.276589105115305,3.709614752834466,-0.9171984626265599,2.9056765716636432,2.0471634112600903,1.9383359084834095,2.9397399622557545,3.898237556485104,2.3539327432254877,1.9923185486127193,3.397282158772666,1.078775109852506,3.164130452496,1.4852346127506748,0.5472261078609182,1.8029080066948349,2.071754411760501,2.6074994495557036,0.7675084336485875,2.6184473670134767,1.3666072124310573,1.4036092436136713,0.5467009485150541,0.6699749798075774,2.384233492716524,1.1098843367339293,0.9377971519121333,1.4309923461249787,0.9382656022603908,2.6389480266005956,0.2207863851730989,0.39289524553553723,0.9098429430514745,2.2693059395248083,1.8096331182881331,3.1183161782938154,1.904552941667604,1.9535953857679162,1.3049408835186425,0.9478495854021938,3.3130883045631028,2.0471109337578
14,0.9961967735205253,1.6148359996845707,2.683964551346346,0.7342372163107056,0.3460976099927937,4.043822447251525,4.639618048872246,4.202332324411676,3.7542848601352357,6.035994601793476,1.5598620722202516,3.6763971603656556,2.322602028909266,-0.7467224161008683,2.239359017202821,3.2069063051163447,2.5865557434665867,3.8955514128440463,3.223701895797782,1.6769609032354307,2.4363672263103577,2.166727763653988,3.0199191884016896,1.4234668536970274,0.43168575796845765,1.5776560133018367,3.1443095145131967,3.628097130750951,0.45337650334767976,0.3618703128134684,2.201666409112634,5.023266364587047,1.531169209054256,2.3464743447196064,1.5957991461826413,1.4349829111031251,2.40517981313448,1.8473934584035456,1.7211464839044832,3.650542124386046,2.0587243482107755,2.828088224121939,2.2077595185023418,3.088056911986963,3.441008859238618,3.261314261899881,1.1261515221675422,3.7738737662323967,-0.9330384329418329,2.7272687628743078,1.3979877478977139,2.0838192374142084,3.5112568974914353,3.877847045550678,2.5280295446403254,1.7009210901122338,2.6118010486391956,1.1782366579775947,3.4534865862261803,1.542353390655112,0.5768853038270771,1.742909941855609,1.9936209004884144,2.8381323705456545,0.7364987015578963,2.820613175224372,1.0874986668264237,1.5757865564701952,0.7565395759647957,0.6197800685178311,1.9312749716141895,0.6557546336562097,0.7343708615129543,1.4861183420657944,0.9497195120586559,2.6035284455246046,0.009310492596124487,0.5051218531815482,0.7897548117188586,2.7343866633007017,3.125365735772418,3.190757738706326,1.7354340128607393,1.6595203697670144,1.410310462360906,1.1544976020074313,3.6192901284064445,2.133400527979558
15,1.6983930750344123,1.7038471109714808,2.3542810826584715,0.6414647379029932,0.41739200595110004,3.850828169325052,4.918867995599853,4.34561680761569,3.872545136953466,6.150889207228141,2.1615624044237545,3.768740039712365,2.099387427830766,-0.8785093469006326,2.5792348407278327,3.2836968999376968,2.0735483009552222,4.375466911076813,3.736748093438041,1.3710962440223602,2.9163379934190714,2.3492093077547875,2.8151647219304947,1.7112343624312696,0.15868414973784395,1.6668799722937542,2.396138809265837,3.7793808353175464,0.7943589122011662,0.6834072275774857,2.310172024832948,4.289677130790427,1.4422136981171252,2.194898890713965,1.8021508669581723,1.5258516561342215,2.235977789415084,1.607396206709359,1.715087731310145,3.554661884588629,2.5568360849495133,3.034772787697774,1.8924457572095221,2.9282943301260564,3.016904791256473,3.1354365103571946,1.0059244972080592,4.108672107385036,-0.7625831994948924,2.559615305417354,1.4428953449375508,1.4412219894692644,3.4865346546335507,3.92621849624158,2.9090120078851673,1.7695061609293878,2.893018142510229,1.3747274909367826,2.868101995291866,1.197504627026556,0.48415558022663396,1.5762542715446055,1.7059594362378938,2.61097152333982,1.1726968174378727,3.027575460400696,1.5261414709754493,1.5043640611289593,0.5733797461681696,0.8446445909109904,1.4763454771364488,1.2515173642908253,0.8557549207886872,1.9759688682490841,0.9418655013316202,2.750999312896601,-0.07196853951348015,0.4614969938640041,0.6153157730929104,2.588590164306825,2.670731438790604,3.4509733119974326,1.7792294105716344,1.6755836358476932,1.1957098353249882,0.7336153678021834,3.697048434573224,2.1079475340958864
16,1.303195299473109,1.632899614251369,2.4867781124022206,0.5366799026825848,0.4425659474257506,3.9294371639230627,4.739867570362723,4.71004599903461,3.8372849556418993,5.853871653783365,2.1803356743400357,3.5574849943446933,2.1717530584860896,-0.9729339217181325,2.3986269484994542,2.947984139295576,2.0779241075795665,4.052734088963613,3.344156398887025,1.6822697739466035,2.2904149232316415,2.3235370561267645,2.8534241048146494,1.8202534095812473,0.17786566009237204,1.6483769866554678,1.9216464717181156,3.597163416713542,0.81638993644125,0.40307804981655626,2.5126041202212157,4.491288718196538,1.864759148992889,2.264304764694756,2.016038834425605,1.4522397664337914,2.7590373945162163,1.4173696898136634,1.53901890179949,3.688037945455463,2.899805450261394,3.7288764617810504,2.2563627239392403,2.7730849924721293,3.1624782660493813,2.7753828798368865,1.1874637482197725,3.6487819683828215,-0.4514111891570022,2.9361297140945353,1.2910883709552583,1.6924069227580332,3.609862218920157,3.819922575668625,2.6082855580626823,1.7733160974882165,2.997038674115946,0.9279905537021027,2.8947249512235853,1.3131979265920926,0.5600345907543596,1.5692779285031881,1.8607298997153006,3.010249231030903,0.8992523941982336,2.7404966838745386,1.5500504389913117,1.5207524451302818,0.4973940051195975,0.9239472175818265,1.2981175902831057,1.5871553176712112,0.7502439044731136,1.2002243631380576,0.8013075943269312,2.7845756575637526,-0.0734930059806782,0.5170728608873358,0.8310958015096703,2.4106660472880037,2.712794191821116,2.998115672688855,1.9339250852665386,1.6041417234511963,1.4268265370985342,0.8040166556752351,3.4425329790369803,2.1502456231252642
17,1.317484657824934,1.7728383083799129,2.147844233259471,0.7417879855084168,0.6521872056440481,4.053275041155799,4.518445798602071,4.813609507974456,4.204935677898322,5.889773767270285,1.83569040938229,3.681552470203743,2.330546865510915,-1.166602059478492,2.0093666704917394,3.218756861166627,2.1695222411978587,4.396220029100635,3.3859135215009015,1.5046056826391614,2.5557246048635944,2.179511795630324,3.180047295497027,1.6344293154199456,0.4028579612233312,1.9108475521048078,2.940805937315335,3.2400773044944375,1.122386540297005,0.9278701406884035,2.334920682992606,4.842976698493377,1.6632609441024164,2.1932965500650576,1.101601179434636,1.6663964995261664,2.8086589723648707,1.4250869568540416,1.6519733562967929,3.4663503137006675,2.8479029183410454,3.401811326182073,1.7823333097290353,3.2665561538254964,3.293011480261417,3.270598861010106,1.6830193815983159,3.700114233981277,-0.04012552935970293,2.794265382192599,1.9445740376119849,1.7909025717949763,3.2918645684620502,3.628518462888417,2.586205505250951,1.6978831449392129,2.994082977154255,0.9808765481275699,2.84897733672571,1.6378260921910588,0.6007899857564223,1.6888561257747654,1.7851806407086697,2.9731437333085324,1.0672543834907082,2.913433590068977,1.3549593633678825,1.35898256067176,0.3318736852468658,0.8427277451106154,1.814619539636909,-0.2012510648515793,0.680333826656658,1.4365570749201648,0.9125631454701142,2.60134846229254,0.0013977649291834204,0.4442945396971376,0.8847465497856355,2.605615470711128,2.948146055785117,3.1086864460254455,1.92361146152321,1.8766377887050822,1.3381755805372082,0.7325445238498582,3.4957512332442287,2.136877680571761
18,1.39584880304669,1.9207053529714861,2.6196100822615844,0.8223458228403534,0.7337742280745903,4.038250823125401,4.625669841407613,5.279671672075869,3.6398127534784055,6.171724600499032,1.6956495566816727,3.7156529749608866,2.1500311926042905,-0.8570568375994312,2.335169293627975,2.8944110385597623,2.0343882492543033,4.04450899749245,3.267660875122693,1.4647403908667038,2.3481311985846034,2.1929475759830734,3.0576110684989724,1.5419403561194702,0.4973089727854574,1.4611771591889589,2.9017326074918914,3.5852351768601554,0.6629497016175372,0.4153094374784161,2.2784410812447233,4.019846700250371,1.627217369734352,2.3194839926736215,0.5798783467068801,1.5187773848411945,2.634140958957475,1.9969868506159618,1.3722859445009696,3.4591615223218426,2.273045471274725,3.1740688525381886,2.0409940924262187,3.5387292911684645,3.2858693997826203,3.0655925208182815,1.4524877786930057,3.8963495890984623,-0.8563637857654858,2.93664192360632,1.9676441935359685,2.1113451650430353,3.5606347312376765,3.76088820512268,2.5895143163907113,1.590388237912252,3.0695060392846965,0.9115865176339404,3.1653798693887687,1.452138302892151,0.7381539401474864,1.68272695336496,1.9945155739288198,3.2535087314567037,0.8279088112403327,2.885336037447893,1.4911071719738405,1.7460770456192782,0.4163910979926322,0.7565015838421604,1.8384335558260894,0.6252572537194168,0.5899625518810021,1.7490718270767425,0.8151601686909924,2.8405341893364984,-0.07259374986893219,0.4317873637734495,0.669157088794513,2.659159318594698,2.531784176894395,2.8344960090982423,1.7447038556445769,1.5886377641968197,1.1623269909876204,0.9002919460875407,3.5335468196807724,1.9315009913519336
19,1.1027976841325695,1.5111430451760453,2.707261878480019,0.37078215319417795,0.4331647324792667,4.233436567972939,5.013185857714805,4.7351366430124875,4.413361667496651,6.975667663704993,1.888492291242014,3.5776973088196184,2.318408561177765,-0.7374730941583456,2.214185106840911,3.1523154961446416,2.362619467428365,4.0268534442548,3.11365066666995,1.2631293280183487,2.8805346206184703,2.3051147583381466,2.8258853220131,1.648389554482113,0.3506990052563266,1.5032295041841122,2.9290581438747365,3.3244588281187584,0.5711794556041714,0.5293256413828491,2.5656467899742688,5.335829177423343,1.8506511030771526,2.3142009186867933,2.275764807653956,1.5114046747057008,2.506798760468733,2.2324486331212965,1.5650209654292846,3.405706961401238,2.064142736841583,3.152297390251881,1.8482046594096422,3.309421408937059,2.8064499299160537,3.05916533611755,0.9620276747274357,3.9878778325981727,0.11571855931898756,2.857843749627382,1.9701007369776424,1.9744559855878898,3.1413582222604077,4.10407390923101,2.621286187130046,1.8789830103154719,2.6140968508551223,1.1285605707715165,2.995754435434238,1.413103784401145,0.6414020589623021,1.3946093762135292,1.9531742640852272,2.780875281105013,0.7052217524530999,2.816082725517691,1.354656023658172,1.5086674882287034,0.6437596882417254,1.0332003495188915,2.0237364249269603,0.5402967194177545,0.6968361707483544,1.854496678953466,0.7922648120682103,2.4904739294856144,-0.28237574757993356,0.42808707828615034,0.8170197088479632,2.932989246494035,3.5680200486690365,3.4647401389642414,1.822657901882221,1.3529511886098098,1.0890756370091936,0.8908667257653731,3.431955722622564,2.3113711330155304
20,1.4579852173187926,1.5885645126416237,2.5690608626260567,1.0367987765357563,0.3452507334848268,3.7546103881368618,4.740325492581323,4.958844317527751,4.100098161345536,6.278493873027997,2.1485676608124926,3.579761227402137,2.5218648947236546,-0.6929702679116372,2.3275839880931897,3.1338805870721798,2.221690992865054,4.331458766251466,3.2025530063455285,1.3118653185744227,2.5191366382841096,2.27441317648909,3.030223308366851,1.572606202501248,0.215614837707645,1.8857232446881185,2.627134445599067,3.8434108219441896,0.6950953467614243,0.8808950769806235,2.3268997160460514,4.232680170053289,1.6423766881503647,2.401854909239493,2.0174366637381462,1.612132074848089,2.4146116253436647,1.474444988160286,1.5579143689229966,3.4617185790367264,2.812958936103475,3.12634438294799,1.9167382083682127,3.444716707455804,3.221098227676415,3.0850594490536976,1.4364447596880114,3.7390017051790543,-0.5235141087908416,2.876719933917886,1.5981949637874269,1.6099560630409049,3.290920639748192,3.679473955502101,2.4626991878778988,1.915504165929006,3.05620795117337,1.085639582702761,3.188929544335889,1.193955023237074,0.7306411958580354,1.7187304599463755,1.9845990261402822,2.659169731694767,0.7083987842487087,3.182231029627979,1.284294088330847,1.5681682684539933,0.42128701579437733,0.9260234471105928,1.860603509069556,0.7370141211755837,0.6686878545204473,1.6407380588515685,0.888689281943496,2.2715652533324313,-0.44237076800763253,0.4144642474268586,0.5252062443470988,2.505062543571614,2.959619311828317,2.9527277047880465,1.6548944028050925,1.5841858276340384,1.4829617140537315,0.8236131582599638,3.2223324237323716,2.1442517966428887
21,1.4373367179811347,1.4830633378868963,2.543530865589546,0.597540543009617,0.5584343458671885,4.169335581400197,4.77225029442884,4.4907371290381235,4.3127892006471225,6.394605071845592,2.0393026648877206,3.6894099777056204,2.5299077638746423,-1.1244832756244079,2.721041346972949,3.014134815588612,2.1979963428713907,3.771000182948518,3.182012367979689,1.379190404805339,2.6847927092993107,2.2479854633077716,2.857197466073833,1.6774069708098478,0.10558301920034907,1.4041117113668038,2.314645066714715,3.1024678090385613,0.7197544170559953,0.45851679233152476,2.3347947887249876,5.046513754313592,1.5269634587617045,2.138813611972467,1.4926344251712496,1.5272513662651064,2.3042912756953586,1.3939037675754222,1.3170444291184686,3.8911232827427398,2.8570492978872553,2.8859578576403555,1.9973142536190984,3.6235483937038286,3.144019837116109,3.3876658489997045,0.9384512122843274,3.8369582594221896,-0.10962392649230557,3.3656674489134795,1.4714329750230966,1.927991266626369,3.1381605619462585,3.279200826540554,2.5865881326656215,1.7697604373268951,2.8120251331376194,1.083183322549636,3.143302468864595,1.4596672136671878,0.5904737618053376,2.1202985181055514,1.7270239048278357,2.761651955982939,1.117497060213243,2.7326888378368777,1.5294806093131033,1.3118849195837374,0.4637907462125188,0.9718466365401724,2.0646087361941756,1.3414413493067152,0.6079248161184737,2.002411229144493,0.9481905329897788,2.6780383631035374,-0.1592872835796515,0.4242561068841204,0.8837263974783571,2.2985792988367098,2.6325613956173686,3.0549093151220768,2.037350652050138,1.5659404653326243,1.427735452775221,0.8572427417828348,3.47836459546396,2.240176551385527
22,1.0914377461808114,1.5847465262519527,2.643151495776137,0.9256521669093307,0.7106950578435312,4.343760051421432,4.65111249243737,5.125977823038136,3.927564036639123,6.338340708300933,1.8635316298487592,3.6578958838245095,2.527057766163279,-0.925606483474301,1.8520520155646543,2.6704392697113177,2.470990306970603,4.154623054406908,3.1539275679787044,1.3714564984145248,2.5263347181558844,2.2562264396082012,3.0408197867644615,1.7319349194978422,0.18100355471256524,1.3876197350854496,2.4671371672811047,3.4771187433542186,0.9635292399075537,0.8040305050353012,2.5646561566188186,4.6823964087148955,1.6094306211597535,2.0170705288235977,1.3725115034930142,1.6706938908754019,2.7588563756057116,1.9204142562882331,1.6838915822098373,4.090579423745005,2.421404571880692,3.8278032166974603,2.0279350088971055,3.2079553099447864,3.7347543315712444,3.0465662127716433,0.8583412002655004,3.9210607948079974,-1.1260782077116664,3.0993717595160675,1.8722890290324115,2.0883116807786055,3.4817408262041925,3.5806725896338794,2.536549312864058,1.8138593150554772,2.546131435616325,1.179855286968169,3.2149978679593616,1.5056668883355993,0.6199114944858368,1.8361670112940973,1.8990332843887874,3.0693136276367796,0.9908356186642406,3.2500161617491137,1.183017598673311,1.3793748510841999,0.17491117946854517,0.9100600593842081,1.799351072850518,0.06347989631696338,0.5228423702386538,1.4129919891181588,0.8758226913237648,2.5131405532147855,0.31962077955629775,0.6061958008212832,0.7344189344206145,2.7458561829227524,4.135873983732772,3.263720468951676,1.3919817227787934,1.820137422431609,1.3617269450378866,1.0114965044785567,3.483314133095617,2.1375957222371538
23,1.237049670741782,1.5832585420798855,2.575686918094035,0.5272867795186755,0.2204289786947342,4.542548435360427,4.905648971469612,4.632076848046621,4.166239800227515,6.430829749447442,1.7704144470292347,3.31492002339527,2.41429734197582,-0.7230189920999768,2.4828551612470378,2.790000769059404,1.8097482594640155,4.078190431094814,3.430194537427497,1.2399131004306922,2.4338034492365077,2.124493134654701,2.867609744518343,1.7255066570092903,0.292175067581669,1.8621207718832746,2.377007386472228,3.2245731216579854,0.8166969733228098,0.5846519278163085,2.257209605074507,4.5460870642801,1.6358431667401687,2.2328605601164853,1.4720545314153641,1.4961081011047703,2.386793603774702,1.6621568830085467,1.6868513141126515,3.3133092194386284,2.678199577074298,3.1750392179090787,1.7335085667993995,3.4285835506697797,3.2886943254391086,3.0531966419622414,1.3082835711808916,3.5793744553737263,-0.4301058454121136,3.1375071164086923,1.7410454113672815,1.9271355666061942,3.598835529238926,3.519851029543182,2.5540326904832704,2.0290257043759343,2.803045518907224,0.9536883590661225,3.3734040831142402,1.5749787268961966,0.8029024309396824,1.8213165794606916,1.928200626976863,3.10079196371311,0.7987138181486766,3.1514644538570087,1.2498360289017096,1.450554686327429,0.5074749618238572,0.8450553897071789,1.891231993863649,1.3520716446237908,0.7025702514177946,1.3346129315884085,0.966267529163797,2.707715171700012,-0.05460022077920268,0.1339328573986318,0.31707820124483066,2.36599880750088,2.9523493133538734,2.9015908392600362,1.0436104251867178,1.8258590948185693,1.2362282680217989,0.6760388484831517,3.501648434379603,2.13398400348623
24,1.1905937473352672,1.6669537641921335,2.4994447991081397,0.7457668396169792,0.4533929084442643,3.899552046234066,5.141623235426651,4.40807190451152,3.7316671967998225,6.537648958857574,1.9110009421454013,3.874029103175485,2.919637716374484,-0.889386411039994,2.2945373855868185,2.8588833868430727,1.9683928318020578,3.8588315785393084,3.05858113402557,1.444462620401972,2.7979514734254374,2.42816749688033,2.8697915352307364,1.6395794195632212,0.33365105807007955,1.5859931986849274,2.7344601299409454,2.856877368942502,0.8191012264018309,0.33488758179899825,2.5866561472451757,4.61031408798182,1.8011901159617576,2.181832139677373,2.1520123615701383,1.4962019704458172,2.5337056383133785,1.8835941535232243,1.865783832984297,3.6519282121588796,2.758583322675379,3.1773691927549756,2.085075676136553,3.721184281011998,3.196217931225015,2.672725358762634,1.3642319973739028,3.965469916840594,-0.6750732210787433,2.9560394955225817,1.9626878254843274,1.711403863250554,3.241513362173891,3.457907769652202,2.3998066083795195,1.7580385905054299,3.234744140217168,1.2635637908105208,3.1011920566383933,1.202953524009232,0.7937131419016653,1.462435973805836,1.846269186206758,3.093979935102287,1.0161676046881867,3.0376806911581644,1.220652783157762,1.3525572883680494,0.7290472103234309,1.0039047405460544,1.9939068400950204,0.3990260363494853,0.6142139405049537,1.7381758603042083,1.03241526103736,2.7944547907772663,-0.24823520198287108,0.45584273059137725,0.8185160607715605,2.637285121879824,3.248779200512755,3.031751509048862,2.080451594403195,1.8135714227603967,1.3774492249016765,0.8257017008671103,3.007952230118376,2.202985534070187
25,1.5706142377611343,1.720686066095309,2.8627912870516155,0.8311952206328024,0.36174364502602085,4.153266064070336,4.231155102946318,4.500049467771843,3.7965120737346405,6.158154575479891,1.8379717478511641,3.7861486420527806,2.1770278022654814,-0.7329571863983242,2.4243714671791072,2.858713680470971,2.3647299472592547,4.441167470047276,3.3040469499436607,1.6991041665004132,2.9360652028873147,2.519491500907847,3.0052726814800073,1.7459163095150665,0.1934226060582489,1.5898813720030214,2.7597914916561797,3.323024338981026,0.8567064249208092,0.4811975923052647,2.489262766035975,4.663803507266982,1.755008460752229,2.2257265155408943,2.0126675054092655,1.5956415878378922,2.479113152639526,1.8128987636539438,1.736258544776499,3.6396621386431245,2.5377609186794086,3.2897314026444335,2.238408007220759,3.027389239505261,3.055105017585837,3.3296737981731264,1.6418085477392228,3.638092396482865,-0.7019097329828135,2.6029213740768666,2.1904244447410246,2.0451274628240292,3.2544767826160315,3.25922768891507,2.472660582704921,1.8031215824192066,3.3474303435963364,1.1749983166108944,3.309652107770084,1.5662485037214493,0.6632333891058186,1.7307577327591297,1.8592589684526635,2.453251388003693,1.0950416693912233,2.606298264645361,1.4346292462201526,1.5953883702191987,0.29805071571759223,0.7701886088529302,1.9253887043548117,0.3522162676942582,0.8099848983351592,1.691598905100355,0.9745646580107827,2.8372939840395537,0.14224813828611405,0.35395276436510104,0.6545547790629636,2.618596320653091,3.755178398909722,3.5438372631754507,1.7802328102684506,1.8958461491781602,1.261114928546213,0.7795169323870526,3.610570072183276,2.1050791005105634
26,1.4431626325436637,1.9541359817866928,2.5471037915390653,0.3630712071409843,0.23347403122917076,4.029262250822019,5.046660307710597,4.423581909104039,3.746627495507365,6.530013633048288,1.9790306870797942,3.591481673611317,2.5796801958532445,-0.5765355483692676,2.5020532438975582,2.659347401412262,1.9104353069583313,4.2020238785180934,3.324872828483432,1.1014644510900764,2.4201919170220263,2.3753694646577,3.068063439671886,1.597231680234113,0.21223204966452158,1.7429195677814249,2.659789163275306,3.4480081433376655,0.7459735860532648,0.7446338234820951,2.2643618157822716,4.62410807237721,1.6780532766760143,2.2360906173542867,1.6477700293781627,1.6492818639546831,2.7663763323331674,2.2019443267164664,1.6216442467806667,3.292433243985749,2.7514834254604743,3.4912593244534866,1.9695350137342738,3.604936292051622,3.435474006043379,3.109436059174546,0.9566850653487087,3.6486859989886993,-0.9414499967383674,2.454848691050648,1.809945529418646,1.7930221030553393,3.255270760988889,3.5268270024183375,2.583256420095532,1.8849397879691927,3.3318877832419487,0.9308633361285606,3.22047268679749,1.3560489512101348,0.7212837957228624,1.578857597501865,1.8043305328938566,3.21165743595236,0.9145475889952648,2.6808346767023443,0.7714858981118312,1.3245300046371429,0.558725061031998,0.7945728565432981,1.8243736368843078,0.7109854235110216,0.6702668580977554,1.572741306722877,0.9690304279383142,2.708703968308214,-0.1269258302061147,0.3800768630269634,0.9133029191441606,2.2634914592450412,2.1368367715604295,2.832556064739324,1.7245402695637189,1.7720594723859464,1.2455720158658588,0.7576008435677953,4.104682346183655,2.187279085423919
27,1.3360621551480572,1.7245974134313422,2.2213103871339364,0.4255131369821754,0.45055889480825606,3.552842482019651,4.1916788765679005,4.436351479736025,4.223758729573108,6.41903766564778,1.679973630082209,3.6581363602433044,2.2000779072941445,-1.0599129463565078,1.9934455017844774,2.940744642279653,2.004266532089395,4.19182250070077,3.258709349394402,1.6214616232265833,2.060400749094977,2.4857620553177213,2.771111433762823,1.384847167295189,0.12818798261593445,1.623749081511276,2.4714339677468087,3.4249225371125713,0.3333883585219136,0.6192031051682365,2.3014570730879145,4.763885123651854,1.4915317081155988,2.0226989325626996,1.096124621040058,1.5727060064433669,2.0698523594479132,2.291340964651206,1.3235128354873447,3.4918274965495515,3.1724861783031466,2.9359857636899935,2.143472094048712,3.1932553202004854,3.2011687720670525,2.859085584363148,0.9884162350598158,3.9428049845578337,-0.882395518001587,2.7031870239070033,1.4956116154212387,1.4003247708465274,3.5072796068056027,3.692022964669622,2.1640135839119807,1.4940872951311168,3.533897707361631,0.7549317509953393,3.201760958538939,1.5419691501206096,0.49773460724511354,1.6473414725436557,1.9434582531642353,2.955656705985101,0.6330182834606488,2.589173384358714,0.9733373311376541,1.5020153254514432,0.5778094067351074,0.9168766844557351,1.8130174309482383,0.9097450481728298,0.8190266164685525,1.4363972561611025,0.8360836980693271,2.75600834354196,-0.3525885826816858,0.27893939905121945,0.5809988631786229,2.44479620610858,2.277166265186848,3.5330095870274776,1.710520723902929,1.5332758699372724,1.536578701280778,0.7454845834986754,3.511935378875857,2.154326439606003
28,1.1179934697939373,1.5862576229129188,2.563226280741066,0.8804755290794484,0.5842236159239649,3.9400226668912115,4.486456877757114,4.468087351044645,3.9637590536467737,6.432358906575494,2.033858387074158,3.9256402315189134,2.661269473555614,-0.8703367110161522,2.0833488981708177,3.5026301996826583,2.3762768356081607,3.8381706781836833,3.362388005494215,1.5645044694830448,2.1432384731048857,2.5138456132407896,2.965985154763983,1.5864689209289908,0.24823738816849072,1.6897416833097907,2.3818109423017715,3.2034799947056354,0.4577481988402896,0.5922409533237953,2.3594971621451135,4.252519741401374,1.6230013596968793,2.1437987990277847,1.5240888437957303,1.6583726825729257,2.522035200164206,2.0572176057091847,1.7449766714621535,3.550006798381008,2.6398050114089333,3.532083411282572,1.9794030877480528,3.4020167663913883,3.080678666697103,2.695491523170533,1.4445142625165543,3.54524676760395,-0.7114648574183401,2.924447675918982,1.7138470185730923,2.126901232508552,3.556060067140643,3.824811075223692,2.489162159319049,1.6334335317559918,2.699175180707938,1.2662077662370121,3.1431305736538055,1.2831077701802724,0.7050008620222905,2.0308197009708855,1.7380404955589572,3.13526266374449,0.9005623353275509,2.9835584365673755,1.5564130817749302,1.3869242246292477,0.2642957118227267,0.8686455592236013,1.8543633007471065,1.277691487254289,0.7370604912258734,1.5831552997145208,0.9145823024205644,2.7910661712457805,0.162046686537348,0.21570839747863024,0.607202995775014,2.556998210757828,3.4943356670461476,3.7042355827226743,1.8291069281834256,2.096997145834665,1.281643689621106,0.7362954181635408,3.585042816242633,2.155084722931928
29,1.1731319043225605,1.6688650748396667,2.4893429992367104,0.7466231511814794,0.5195360408685898,4.149356433169467,4.779366786247072,4.5066866407934025,3.8047924486007827,6.308938121833657,2.122195163281618,3.6990432268478317,2.4697243436647733,-1.39812307370714,2.40826068518279,3.404716502348086,1.8148884884957783,3.7209858229332387,3.6258176252512344,1.2436933049102405,2.8956315094756833,2.4017970721675814,2.9959555859241096,1.6123208149784765,0.3560747615391553,1.6818496787220685,2.539736588881988,3.362257653734381,0.9025039755628828,0.7745225027179297,2.31705795842264,4.73056130081106,1.756006441806318,2.2681501448908787,1.6881605586365707,1.6166118847553204,2.5657601451305707,2.1157142810184757,1.5547322048503964,3.329743797334697,2.1209371670466326,2.9404069743250987,2.4063857074690134,2.970975984612866,3.2268678423899173,2.942932475434276,1.4197946954095717,3.8152328443840338,-0.7803451134387972,2.8572311414050846,2.0863051183997543,1.7727564850212736,3.2962433116508194,3.533820486008507,2.6204843274706255,1.6860494494272364,3.3066331229547736,0.9618389208338396,3.1060714895323516,1.344192727563125,0.636870335364891,1.8713995823852203,1.8878666691001973,3.0130398673684207,0.9165445899111417,3.0004172130217457,1.3289850307377575,1.292528411995058,0.4580574201382277,0.9263522656956662,1.481061115477032,0.6061829924973084,0.6832424707250373,1.4129729162480946,0.9663261716444576,2.935864050669437,0.29041286338121064,0.443001014984868,0.737493350670738,2.759001414506182,2.2229122864787474,2.9197990052095326,1.98051517439644,1.78006482895714,1.2271716235566092,0.7697906762720902,3.738241839736655,1.9104755589912856
30,1.4755972141761298,2.1056469874280848,2.391175569603372,0.8889230233119928,0.2930827678027045,3.5668227144410585,4.280652401348268,4.90389637472604,3.9643063832290286,6.190182765150858,2.0632043356933263,3.3239671542952784,2.4557327415473273,-0.857506219676807,2.583082045743687,3.0574015418871126,1.9790539829603893,3.9763413896423647,3.268115633870324,1.2681717839153226,3.1245310423196457,2.387191235504843,2.7086405845066115,1.7173065687543712,0.2972905626596605,1.7321399922231167,2.747393869061046,3.643292958690706,0.547468135826068,0.20771155689125753,2.192253078851144,4.857672902681272,1.4695863339097526,2.5039985423428703,2.404311020130568,1.6635638980521734,2.7052954460275638,1.3361394056548161,1.7210762406306677,3.772069908331807,2.374203165808323,3.1866903298818032,1.7262822303024887,3.0988618972641504,3.125205696186023,2.9800562715927192,1.3626700930298843,4.029516138471062,-1.1487598154049588,2.805295550125569,1.8004403536171933,1.9649262627186161,3.482550742607369,3.293995720965002,2.6059746033154445,1.6574114682877603,2.9994113991154876,1.0428246431481045,3.08935082786134,1.3294396068715124,0.482169167826076,1.6494461391279733,1.6266808999140332,3.048537258128947,0.7774503713277935,2.735416280139669,1.4510638199097166,1.5369607492095696,0.39322036433846463,0.6818675872944646,1.8445355733178799,0.4995929856131498,0.8207345746795989,1.4314728827024652,0.9519388051467486,2.7470540582726777,0.10450446639413191,0.4951721185892808,0.73959092130276,2.59690881984808,2.0792134321508944,2.981276234127704,1.6956518045568623,1.9447930543184575,1.3886260693816574,0.8579612213852461,3.459753731091568,2.3117220046316067
31,1.1006151201383503,1.7512060008457517,2.2746058937304214,0.8287760829734869,0.39836917796998206,4.334614243575898,4.722046976393445,4.946065802260634,3.892642078806616,6.829670550901975,2.0741257790762653,3.939656022746807,2.1781541855847553,-0.4964556608411166,2.1254354637286013,2.942621095037335,2.2236656668737202,4.095299337617011,3.5483477792326914,1.6574508135360189,2.3058906147233316,2.2437795679375037,2.85128084852139,1.6638536973517093,0.3805632711921296,1.952108491338519,2.481588881689242,3.64945013044097,0.8652424525911466,0.7820527472787915,2.3879770436641787,4.853340248620951,1.8017135493340992,2.270954357938799,1.424100075996627,1.5824531559936168,2.656021226735085,1.3136205065750506,1.4437038295354272,3.4240672117079756,2.4074035598444867,2.99235387835191,1.7061971397249711,3.4074524094369565,3.478284039870428,3.4768052922516866,0.6158004554384342,3.993289209709885,-0.7762416076713397,2.538206372873044,1.7100154741497544,2.013757371738443,3.2316199966594414,3.682702579997601,2.8355832696588346,1.842062278719771,2.926149981713699,1.5673654197180749,3.2126988060972748,1.4487065209430656,0.8151648400905345,1.6233684369935877,1.7565292299327508,2.76651093308862,0.8280228289245024,2.917753127080431,1.3890434973792305,1.4866510402188795,0.48438085485794957,0.706000879068568,1.9949130022049246,1.5334064656632396,0.6975592367100496,1.7322066262275093,0.957193781347097,2.617468161224661,0.04500438995436573,0.5290845680561618,0.6307190482418151,2.957644103115671,2.979840866986833,2.752333578097906,1.8237485633817903,1.442907213340364,1.2475840424009381,0.9025555378469775,3.5047682599169345,2.251429545621491
32,1.2878478436810505,1.8884516240572966,2.240577820997297,0.5505717573011215,0.37291400274471065,4.198809380076224,4.654944817607075,5.15086814057293,3.8475153766323604,6.207323766357419,2.273100982954648,3.8261183274091026,2.232557190973791,-1.3417959705179958,2.5838929986492456,3.121015824720957,2.3047543859918,4.09360386418261,3.5057668033972043,1.4288030541127088,2.373251370859786,2.3115560861431605,2.9800928063161676,1.690789646019922,0.046486395191299934,1.6688692194700279,3.302987833673244,3.1073254956395604,0.7440488109887511,0.7705988823829308,2.3228863741337498,4.433828558450707,1.681509365996762,2.2203876681514787,1.5311830293171886,1.5597022954183792,2.4409926349560127,2.0538138435633395,1.8300239741230468,3.741286613546196,2.479658024181892,3.2117998473103277,1.8059934612513355,3.424271388398632,3.142186258904641,3.1748077441800095,1.1503080348167218,3.9912765643772796,-0.6636417906926495,3.2360274582445507,1.7136953523869862,2.092844581995479,3.2534001913211443,3.5415091959901193,2.4845697289922724,1.928985961188289,2.7808768028215036,1.1087643243223217,2.9801022595437443,1.2871667847133716,0.5832531611451421,1.8816192947369808,2.0702542790603387,2.9330161270602146,0.7133317540652392,2.5521141561717835,1.0473289345454928,1.458837325789487,0.4125986552877552,1.060880665166384,1.8770869676003272,0.1844197716559135,0.6723959179124666,1.658006037795206,0.7750576671466431,2.643223207955663,-0.10792498143985929,0.24216825871657788,0.42815589498872964,2.3304745972777114,3.034150473748183,3.127750219273005,1.599186079883548,1.9125540352913633,1.326521501504641,0.7909056538996997,3.2823234399349808,2.1483425210319638
33,1.1441635709968851,1.7312551200611073,2.6757575563892764,0.3981269576836546,0.4763891211120995,3.735727136204583,4.969122734556985,4.3022035680320165,3.8390369655521304,6.260229099305427,2.2705795223373633,3.5112000573918616,2.4958230244875845,-1.0311367748445015,2.45961582422472,3.039941106307864,2.2006767486869814,4.0667869776117636,3.2130587261972994,1.5400532102165818,2.8777970345651163,2.365529420165883,2.985344208947826,1.8041842683097025,0.15617938796027886,1.8246593561662894,3.285860757863463,3.449389369115557,0.8917038380102907,0.8174370996956761,2.4326349206234807,5.228084042810071,1.8367235173845042,2.2413641019427546,1.3585550325576108,1.4943083472974847,2.4580818107452247,2.0747092540256067,1.8821771940229168,3.2485729276384423,2.5107284943243036,3.1106530470981317,2.024752562317325,3.629024300727565,3.179425100431021,3.2136997141442767,0.5979587313917816,3.897093478568868,-0.7506976689367061,3.3416624198752674,1.7762435464268698,2.154600020224181,3.2318398504050716,3.566448175186129,2.6125863746451707,1.8786663383581823,2.6553481492776396,1.433237595069901,3.0213709311970947,1.387968130572728,0.7174224336141557,2.0513678082087865,1.556228665543953,3.1748633393825765,0.733673778311366,3.195584718287177,1.2789152022885584,1.5402711492895793,0.7708731553712855,0.8917691285177584,1.307173004101653,1.0866963508934435,0.6454571733624688,1.6780652626608559,0.8339677450415579,2.7579176130250262,0.07804383552991045,0.33658006697864784,0.507866019208969,2.672476189277873,3.477049401712841,3.3017388009213433,1.8016061543294226,1.5959193048357476,1.2363590136632503,0.7692601325696973,3.5768243025554014,2.2222667993567518
34,1.2755833235901988,1.236097743981474,2.7159512431277926,0.3088422247966336,0.4494673228230752,3.8448547554904806,4.900734011004013,4.859358842049905,3.603127200403949,6.192293364788911,2.036189084769866,3.754701491092088,2.4910204805320486,-0.651878428847307,2.514513204109064,3.2081338593500663,2.206880143248373,4.0448440953701015,3.0710375879708414,1.387181508280642,2.4523066620974587,2.4122629394793647,3.1440534150530057,1.507757072495017,0.44195308438532366,1.823757452857559,2.936614782794522,3.4816410536663307,1.03047876951012,0.7117733919619342,2.551076023179122,4.910412146847487,1.7258640906482456,2.2869366737250907,1.8936933332400159,1.5241279966080223,2.517474591837659,1.3768940533252936,1.3299021848359596,3.292661095340638,3.002958215949045,2.982023766413366,1.8404888206273633,3.1594991876400007,3.2427168170487173,2.9472917875035547,1.0501472924994455,3.6909547268524845,-0.5851753454689081,3.2196542420164254,2.0816919575687907,1.7664147552739684,3.2755582114697552,3.2679956790357485,2.5563974324996708,1.713921477492299,3.308425613125716,1.1580849755254088,3.1825262197573454,1.3101161786637765,0.7802291799995785,1.5079999710521461,1.7389001010398992,2.861958796648725,0.7512011841952473,2.60245835347721,1.6336110125517957,1.373225020700842,0.24414539167295102,0.8887766363122923,1.826821462067194,0.6072391335347929,0.8707359394610357,1.9391715959399158,0.8736575932646382,2.7874020324336435,-0.05200624195585535,0.5407358453675701,0.6269735268472001,2.295631408657232,2.6783038292629318,3.1734799755764307,1.7223055393162965,1.6961826588738784,1.4585836634358338,0.8889595576108014,3.700530548279596,2.166186088813202
35,1.3077049920992474,1.9387960269356328,2.421415332384168,0.9682326809505013,0.3858367518140975,3.4904380048099037,4.47898432981251,4.730139049880817,4.163740439440857,5.916525088034397,2.0813370528027306,3.3983586688989833,2.2107018193808727,-0.9404730585119379,2.2761200836465116,2.888169026738151,2.001904212358606,3.5942330388017254,3.231692003795361,1.6479715429323596,2.539689834431886,2.0955872135633644,3.084090065043849,1.6376082860284367,0.4056799676651983,1.5933713577757764,2.1942116756449885,3.8062896603405503,0.6053801533001146,0.6245501806353847,2.5654955394064354,4.946614517526476,1.740729903186658,1.9400281516926148,1.3327801860036115,1.3465331751884713,2.3244019415402497,2.188488446904895,1.0857912704035506,3.2487009483786977,3.302299979417028,4.017362441072677,2.1890611561426714,3.365352160758846,2.9614497940464695,3.462163881146958,1.183476867299365,3.678595747843305,-0.7710958121346034,3.1876564525408613,1.4992637764650318,1.8255871198155371,3.0842877763095617,3.52548356198153,2.3600602298426354,1.7920864329769381,2.7047935997959076,1.3296097127248987,3.1011815461746686,1.5605961155512609,0.6669346064080455,1.7306525454083532,1.7671711148850175,2.1372408034003225,0.542692975938793,2.4496463713338272,1.1512200245223327,1.4586805596255972,0.5976625469794299,0.9144578503799912,2.01811726546428,1.1874041819641938,0.8315406458658376,1.3925862011530956,0.9211143043130141,2.8586754012132647,-0.001173207922148034,0.3561978230145231,0.6110252293226108,2.6831935666879634,2.602283347447833,3.3581337721790145,2.0365581344072035,1.8264568179713003,1.2679449698901584,0.8358559622432797,3.581352310157948,2.251205835763841
36,1.5080837218979721,2.0308851626845716,2.3576572792567134,0.8533066238636664,0.5340559516097112,4.024046376167593,5.159763628312032,4.974769416400834,3.938344443122485,6.463733355784564,2.4090734681342503,3.534319689579469,2.1520038581082397,-0.5769025381540644,2.657783898289123,3.0704308088570107,2.407714325447505,4.258144354036492,3.1168761737748363,1.4894180812779276,2.475452215343645,2.236333340674726,2.937843146816077,1.5301799813569135,0.316199395624317,1.843486427035648,2.630680605709915,3.1363592560225793,0.9895787973324338,0.7251869453041733,2.2907022055443225,4.977874041185213,1.7039581149123104,2.3216897605573044,2.201849694805677,1.6071826404438043,2.769400744503645,1.7375005196817805,1.3798153500922519,3.4936397183248955,2.2706571177711,2.877338619534127,1.990246263144206,3.41212687891577,3.284240716972421,2.867283863489481,1.1730649144889278,3.7166550142051196,-0.7426819315328466,2.834619517791939,2.336962414052699,1.7866999889177824,3.574237202201546,3.3503592769860866,2.9633733729632756,1.7922567075945817,3.186913339167109,0.8615702565492434,3.2350100028838598,1.5669393308788047,0.7521049725725997,1.9819072379745082,1.9316670038426933,3.216819834901935,0.88727405885928,2.9930894365576246,1.2323507509319727,1.688182212622881,0.634614346874161,0.8381060200035702,1.7468886327173907,1.1843435335447579,0.6572477893839781,1.7651649156443048,0.9060898257498695,2.6320357370188194,-0.17387847259056877,0.4028807339452649,0.7505203574840777,2.7942495080187846,3.1906896014673722,3.2046276847195014,2.1203229324688557,1.5955834547602281,1.3813909558636874,1.0172512182393882,3.228857082436252,2.0491764936619576
37,1.7185153491895928,1.7983267165609091,2.559943328589646,0.6888940123701304,0.39831699308975343,3.768165945863335,4.846379265523295,5.221315514401731,3.875964635212429,5.800864485125537,2.127727543930588,3.5330333897713846,2.5747744017972893,-0.5902917124410385,2.527486042387201,2.9092441105120423,1.9276897702625275,4.115485091825074,2.7884888880159338,1.8141601461680903,2.6862384331216997,2.362729078895593,3.117027701934477,1.639480232404448,0.3629295887270203,1.7075149079474112,3.085042896316204,3.0772631267286794,0.5393196941101035,0.4719315978030645,2.363566368214009,4.726778392055264,1.4398328086557353,1.971048379360028,1.6026888350991428,1.7060760363417904,2.87844151173756,2.0092920430484718,1.698300692575362,3.718412885503257,2.3314707156983974,3.440976502121198,2.014045030424947,3.480186869568049,3.2808192910180205,3.1378974015689227,1.0955496101802336,3.56376337993964,-0.4158963067371779,3.0515307910481906,1.644147408686047,1.665554275622234,3.702016566935354,3.7633735104946715,2.351840082748302,1.7622696023879023,2.9701392439915777,1.0768185469150566,3.3352369727968534,1.3080158377954136,0.689503662817724,1.506721571769881,1.8008102884266672,2.9849743018072212,0.6307260308252571,2.8857835150168976,1.370920730759353,1.4185155093667947,0.7501697551778226,0.9441048480381434,1.829261678852832,0.6163701368498313,0.8228680523264882,1.6464605978361975,0.8637810681139477,2.880863238348751,0.2723284010269893,0.47133603851574013,0.796801307322772,2.736499908352723,3.1892279099198912,3.133695951202675,1.6866994090259058,1.7018470164888584,1.3520974314382657,0.7230421565510804,3.6693088979637736,2.3027049726233835
38,1.069642981093021,2.0011283915802935,2.629920441089393,0.25114056801849927,0.3876791148945027,3.7836080039972284,4.746357002593611,4.40563911472101,3.984058230500771,6.402664549310101,2.3054596655074087,3.8494300569553843,2.5730735211458695,-1.0309905183623576,2.3348013015327274,3.124668537915192,2.293002218325786,4.536197751488687,3.4280289323342754,1.5820099612906433,2.3051566840164286,2.2452825693875953,2.9429076515670833,1.655331200693863,0.14695307580646855,1.8293669459698565,2.4513995002005142,3.714076235838625,0.9085086169732677,0.6629636540451933,2.134133070816228,4.573016738394987,1.66213952792156,2.208019366411407,2.0545881376426323,1.6974091606967727,2.7712581830389302,2.489800166927446,1.2593462520315306,3.3840561336908896,2.870037850037053,3.311279651569677,1.9039779957236527,3.1850905017001523,3.281487310872733,2.725682905415809,1.153860155916266,3.675069281496209,-1.3682420892109648,2.838571061181107,2.1732167692660527,1.632232841281287,3.293407981048914,3.23330916112799,2.549286918020651,1.65610176768891,3.2667355223795425,1.2143441086896742,3.462670108561033,1.51107467713264,0.44533898822413187,1.5769265413124267,1.9175596903666579,3.319764669705116,0.8745915592949363,3.1050498669036277,1.4014401451501306,1.494991540273229,0.42123390302957153,0.7051285547368117,2.1884015683783926,0.38239948406518653,0.6494609134338123,1.5260517531470712,0.8981079883806933,2.6993166964736925,-0.15344907579196,0.3127879399099963,0.6927573448522261,2.611612679528326,3.275289835218238,2.94755801921333,1.8531772129852815,1.8190203525421922,1.364092970727977,0.9131221611319882,3.8130040954343802,2.0702740579227035
39,1.5336854533461484,1.8203743550867557,2.639935776371766,0.713552660404943,0.3882584153379025,3.8468304696081046,4.464278182983446,4.731404125562134,4.076418469032391,6.401507599638096,2.2224234242505814,3.4368278341273597,2.66046627086369,-0.9676389384376047,2.7950099338161447,3.1299615798054665,2.425290921043272,4.146221981435767,3.231577017512764,1.5698908786419237,2.7940149757868573,2.525407899250453,2.8415467552337135,1.5782592385884169,0.476371863962314,1.4931092088342035,2.8587094530188755,3.39896719850494,1.1392786893941276,0.750837409656223,2.7085906812555103,5.049821583579073,1.451062734339298,2.1252445319182343,1.3962139458262293,1.5750481422608438,2.725346766626087,1.8561477175280436,1.6395035733485965,3.3756493038137076,2.506373671263074,3.657542201140035,1.9238079148384406,3.280248297773081,3.2811538696216735,2.893135561222297,1.1371756745097392,3.943497197888727,-0.11196772698635016,2.961656464243828,1.8180135642712032,1.9362727702253824,3.153423983528033,3.447526480628503,2.4982094074448113,1.7053485697517141,2.9592744699452354,0.8509491708573023,3.493285611232317,1.5855995319706875,0.7850992744978939,1.564914861258326,2.0271406004603345,2.85814776696357,0.7770825737317331,2.946246340734442,1.1785717305090222,1.4708177485550276,0.6667403085355093,0.9043768371110641,2.029465085272157,0.8992797634750969,0.7714216525890347,1.826295012239561,0.9426250978531057,2.588612410777028,0.18769119867125839,0.4291030376518732,0.6355463956149947,2.4505976988310505,2.724859598279461,3.184418004757059,1.8255450133768227,1.612084869966007,1.4306104226277518,0.5672353482045902,3.580696906803362,2.122000435338677
40,1.2072403803786012,2.140590033430338,2.583465219453855,0.7986750379146841,0.4784812869343291,4.285545095297098,4.988407957490393,4.514271790254664,3.328511320211925,6.174173787568269,1.9869242295914673,3.6769042739914397,2.676224886400924,-0.6036137699128377,1.8710677197128458,3.0951001036390915,2.3562180326199464,4.640200922661333,3.09071148735024,0.9080739250978462,2.6978766559934986,2.4908983232017254,2.9596304626810253,1.5259005293975607,0.41332250849845487,1.3560606959781283,2.667713987034648,3.5041517981939623,0.6103651495719662,0.6343233654540379,2.6609210902062603,5.2406006479441345,1.6147547429655722,2.070260197196659,1.814970276125303,1.5567044536017711,2.6533437809410776,2.4102019315029803,1.7715186980312503,3.081459658023821,2.585030769555491,3.3643364855564855,1.9479855436521178,3.5601213272198615,3.514671550347579,3.406398841236605,0.8880074160567886,3.681991978755736,-0.6586166507215978,2.5847886073795516,1.5872258887098816,1.8462345869447514,3.073760211168697,3.7322725978257294,2.6107567894188346,1.753743455591003,3.050023138959908,1.1499098963835512,3.4570059330986878,1.4979290077515621,0.8151805833741801,1.3267440405153785,1.8255399745467535,2.733427681177386,0.8643419802284549,3.017644938659717,1.2089982784080426,1.4432862457141353,0.3247676594902069,0.8792810009761841,1.862172501793397,0.6579031690721795,0.8021159428270423,1.3435748368077822,0.8803108481376931,2.6804214470265544,-0.05178251381798882,0.34282158786135364,0.5058241060568605,2.7453830921309166,3.1712426455100675,2.923343374779253,1.581692524558636,1.7639089041655553,1.352531834512978,0.7403547446509636,3.236305691146913,2.101043275690212
41,1.379864913752824,1.719226319095966,2.2059584270880856,0.48123529236980067,0.3184707520701906,3.9312349848048402,4.323054301585206,4.594368164712588,3.9557275115915354,5.714581985211344,2.0961746666264096,3.3534136779799395,2.620158064926631,-0.9886888413404997,2.284412463452896,3.034760710677812,1.9460613844039591,4.509470253468425,3.258874151197246,1.490605053759393,2.612325294183651,2.42766896022174,2.867714262277386,1.6668195516855615,0.2321289364653143,1.4247910099357446,2.6851934298886735,3.773873781901588,1.1261653015438784,0.3348297043271147,2.3831583551529416,5.474453602415133,1.4933988822966051,2.0779281907543687,1.7217527704329239,1.723675202802851,2.631302861540843,2.029548504226693,1.1896175098159167,3.4579887808325465,2.2452902393288614,3.18724154729755,2.099368281494151,3.257212810528148,2.8056320726124397,3.4120211172884067,0.7698785754970425,3.55848445018366,-1.3085351690441216,2.2714114541375103,1.601570997562825,1.915348839953885,3.408710925480383,3.751098826132023,2.7228362783211972,1.5895039117089753,2.6319697756711644,1.078858003042696,3.1922560623932297,1.3400421906103406,0.5547437466535086,1.554190821416276,1.7612721434215945,2.8873431997693553,0.8944887447527652,2.607174185734724,1.029116741081662,1.4552744599305716,0.6680983282897274,0.8532806178869041,2.2481572438982953,0.8984055489987618,0.3952478795086316,1.793699187976622,0.6990822501346923,2.8215710127194695,-0.06521158233877156,0.30371691147486213,0.7956664215711626,2.265226016972979,2.606421700323566,3.3257341282993034,1.8171566549075724,1.5744320283797943,1.3108857472502256,0.8282942339781387,3.4251676725705487,1.8903075592309904
42,1.6480989624112112,1.8655142559824327,2.634242564045227,0.6094038269238662,0.4413037868288421,3.801420244789592,5.062180687743489,5.188808998517445,3.9457196963223127,6.019332555436126,1.969699808259946,3.535928515771782,2.13134244159888,-0.9071684539856362,2.577586611733362,3.0611307007001445,2.0498000433116057,4.249691210872784,3.2025939515332578,1.438286314407478,2.985954085723117,2.204458920220718,3.4988391260586456,1.5944729421337223,0.1474147459426285,1.5699800534288477,2.4761992436925064,3.840122761836901,1.0117798987427284,0.7177696523704264,2.5123283038496735,4.579810462165946,1.74661623314985,2.0760300847710034,1.7160141347903792,1.5504402508220165,2.657925646729388,1.809131237267627,1.7320252826892073,3.4885956972999095,2.550767272988442,3.3320019943759513,2.095507998338136,2.899421916633448,3.2987270288874693,3.090948029682754,1.2350775995457806,3.8799976514722667,-0.5160752570083857,2.685310979968566,1.7095007849420685,1.9200665154405638,3.5212261401655374,3.639535608200522,2.5925682186086743,1.7955664696197275,3.3750942171259277,1.2362200348053096,3.2730834463610083,1.3827110383577788,0.608744706705971,1.6874691908915627,2.0103100851784754,2.8898221453891186,1.0234843185076152,2.8757993362605845,1.7563192963451435,1.5611459232661455,0.18614246598457385,0.9106068733583081,2.175171405558227,1.0451777324251852,0.9827205881432746,1.402108639834608,0.956719707699226,2.5407397831142022,0.08378995453844995,-0.007575053808697607,0.503360100926546,2.7514904853189375,2.235535393112281,2.9946183693046167,2.1455843538305737,2.166388776397733,1.5499816694114,1.1448273567237601,3.2786652597056065,2.2908507126947004
43,1.1748045036180996,1.87927260747224,2.659775673557321,0.7675757884822088,0.49762179489163705,3.7406911086655916,4.849871637136091,4.898055180913396,3.894703591553749,5.779928905092813,2.0196218680587137,3.8139937964811272,2.4475333448937766,-0.792194310342035,2.2393726747057383,2.9205191197073477,2.2041810670959583,4.084046523632558,3.3518040723550193,1.6123072085506722,2.7447582650585347,2.381760452144836,2.828192105303979,1.5778593732760355,0.16243365780983599,1.3392394660776865,2.1608627997969143,3.1320831345904274,0.6305392320571803,1.0484779364466599,2.299581107410998,4.2606983654549815,1.6266929625459667,2.2200646674406515,1.749790329970644,1.5904670144705242,2.718649512486098,1.501290222416134,1.5505801130665855,3.5663423362456457,2.4281168296498223,3.3205924115268077,2.3399186761576143,3.1625793121835537,2.8985586371196463,3.209834723011133,1.1536652586889231,3.7788255524909804,-0.9440615946457538,3.0007711195583333,1.4653317632287695,2.0503377933078535,3.5719414487393557,3.7638804051724275,2.356417629442146,1.8430226791471283,2.899754569264865,1.1389355952080742,2.595012793101341,1.6062262011194175,0.7311056069252073,1.5962370343529282,1.9093992511725197,3.103590677537539,0.7072754059214099,2.7647509254027325,1.4578158412232276,1.321598773177839,0.3023242888445292,0.8657940774930877,2.2661993878842344,0.36643143235430675,0.8487209439975755,1.808983629760801,0.708492516120752,2.8676281317151675,-0.22456710323407392,0.40086796748794695,0.3305213538191186,2.881076950102052,3.427889860255446,3.1485234181465573,1.5325104054512333,1.5495181070335187,1.604223635153977,0.7537629543240042,3.3556253869182378,1.8751903090295803
44,0.992195864275637,2.0731041751919075,2.407234783136209,0.8254378887899791,0.39929856261706065,3.7332338014405595,4.8207342645966555,4.806253677719027,4.256674624427076,6.3596921447785295,1.6482023404460415,3.791443279585677,2.4883837817516987,-0.8076304107615127,2.3440399900149425,3.0909476016666573,2.3263546419921015,4.436255657835412,3.0703227149529884,1.164585635639078,2.774714683055719,2.388563004541879,3.140951910441057,1.6821981688790435,0.186871573876759,1.4992423916128588,2.5589984477267778,3.6332734669833395,0.5683728199813665,0.6162829188451786,2.5904506306834634,4.413771788759066,1.696469683389219,2.039441892072709,2.401596270041634,1.5183731225277974,3.254435846033331,2.228549073824201,1.5576815834800188,3.7935818511521933,1.8471671306556896,3.0464436393202803,1.8808854289294463,3.315471065650991,3.343492274390745,2.9496461988908007,0.9116556671374466,3.709235161974661,-0.8029368991385131,2.9630654776729006,1.8168722894455378,1.8592384952176935,3.3715323618557917,3.7689655210713933,2.8637187947506155,1.8037362657417635,2.824968322138263,0.8220319601244053,3.3918367348567373,1.3269370102732547,0.6707876576469199,1.6294631520659721,2.0752969270413937,3.82633066609313,0.8166226132625457,2.956702338782886,1.2453946715729924,1.357885097019017,0.4139320682933252,1.0380636235835543,1.86877625111785,0.6972939459842159,0.5781684424686253,1.8945833355113657,1.0174495008373947,2.7440698302356945,-0.006226034568445726,0.1494807964687066,0.7793299813546919,2.2309132937297,2.0012285964030827,3.551758026768306,1.6593025997223476,1.715757318878769,1.3627980959679764,0.9168646372287409,3.451774187624054,2.0301234522755687
45,0.8263608246894498,1.9752296364886126,2.4781417239259547,0.7724645820032607,0.4245889414520827,3.3743649383732968,4.764470808491977,4.5122908616885296,3.7906851087955564,6.5408305882325894,1.8326315427264395,3.876285646133259,2.4546859741813023,-1.0790042800378283,2.178610075887943,3.2919434353352943,1.873003218088992,4.04839071044244,3.4063338615210412,1.6274524525718042,2.9694412728743065,2.1596912788910254,2.986934079205681,1.719673149955591,0.07349513515583794,1.54014815974613,2.6454329655275677,3.2231706603268027,0.4662896568173469,0.8269103795858826,2.55231584815877,4.690390857107164,1.5994924152187295,2.274677696696259,2.203813758479453,1.6244977881139462,2.60171744771395,1.7123996511744684,1.286587009897838,3.243601033277561,2.427863480294321,3.182724652314437,2.0639963240947226,3.2849429191436,3.1903596941701924,2.5114013031133777,0.6628261953317691,3.337845718172524,-0.8152133499998777,2.892909345920603,1.648850409824826,2.0113379754207203,3.2382741813157008,3.7069648255987584,2.47015637994015,1.7076292691492068,2.755203566187986,0.9678515095850313,3.3221390306306358,1.5716853967528897,0.6427812570197791,1.5220788441057307,1.7715604219311856,2.3842995846484496,0.6318161657042983,2.9841910996918477,0.7997859031831953,1.206730612436175,0.4202682177052659,0.8265214755258219,1.9920819282769981,1.0074796079936053,0.8409093532306802,1.4148670429753611,0.8459911103931104,2.7507030175483713,-0.09788909176361826,0.47094816514121307,0.4756152858223106,2.3175834534834028,2.185241124335734,3.133864701631511,1.1917745824274693,1.7821871098790776,1.3139083752185527,0.7937531045344141,3.8185459075859223,2.138774301566909
46,1.2226892338801623,1.6078911342764122,2.603935225253844,0.5936145789522456,0.4373551613076456,4.074492062506177,4.336886105435678,4.205819847520683,4.107392207099157,6.273441232353365,1.9173268369677396,3.6206519787655402,2.2937272809573623,-1.196531663554916,2.6476839154922387,2.8255538258685426,2.3775348235277103,4.4946176284390225,3.2167782571202683,1.6926739737811825,2.5115205467769397,2.291216942785868,3.0635255844563094,1.681620786773741,0.22269285056250787,1.6112089070746922,2.4451313217527977,3.5956077753811018,0.8056706288516364,0.6751070999022842,2.5300614021393084,4.558691634435208,1.5355536447779476,2.2438408133867633,1.6958853759468844,1.4145374425912922,2.6716488357771375,1.4509510694134693,1.314201793225457,3.4566254778437244,2.4769050688014773,3.4202982912146442,1.9377186125362498,3.168842159557785,3.167354039090309,2.821267979491015,1.0392653663558051,3.741907878284463,-0.11381628915665742,2.898094692294662,1.5850282002393201,2.265704417205386,3.38896751437683,3.6657397896533563,2.530797312149953,1.8149557117073507,3.0547622760977173,1.1534005513750034,3.3387925777032343,1.4203305082249569,0.7875614115270071,1.7728602343530169,1.9213953322080422,3.0741475160719967,0.8545080022940206,2.7811720962502764,1.4236018324571376,1.5546997740820228,0.5221458598945563,0.8517987927145927,1.6447578924658193,0.8982842239502573,0.5919656481257004,1.6801111912460305,0.7940429056737335,2.922704349682076,-0.2528028100951656,0.26105319845808306,0.75266210597643,2.725291720321281,2.107532046149217,3.0589266271139084,1.8784320913514028,1.6606155631879282,1.4411793911220556,0.84799020926332,3.1213715226081815,1.9118212782136434
47,0.9763698309189133,1.8305367384793967,2.5181102864302325,0.9154507960629776,0.21788708519870692,4.225616952467436,4.664778382666325,5.191320251459575,3.9605794853133323,6.683465859677819,1.6931362556010843,4.134791036689086,2.419300470899519,-1.0327868191281737,2.467888509238823,3.028825327936652,1.9484986861192302,4.231024992885102,3.1772270290692743,1.5283179560383902,2.7836745272538406,2.316057534086629,2.969151197977398,1.6140857638860553,0.11721705398163174,1.8922711031818158,2.555266593612585,3.6870883390908906,0.474364236017601,0.8336015581667718,2.5216972026005395,4.91461758716814,1.6182373765900118,2.1571676140343947,1.7371147153874236,1.6249046641134748,2.3898449398081403,2.317985163710765,1.5223629273967156,3.7592423017089533,2.7548249910094906,2.94339937295669,1.4666723201359888,3.2635974648227544,3.2533272235431783,3.2539682601376523,1.0401391708472876,3.7032262766215305,-0.41072348136593806,3.132226390838228,1.8916730483935864,1.8387721344241692,3.256787367389376,3.185039474322901,2.713929369037671,1.834812654277766,2.6064166484185627,1.2918748788095824,3.0576941681359004,1.5503907129803856,0.8702330401510583,1.9917990489395505,1.8569338668605844,2.8198717620385616,0.6090202491479104,3.1640993264853,1.016660969227182,1.4752500328318172,0.40557595246201095,0.882316429845889,2.1115808553041213,0.8410018804705249,0.7803160871817862,1.5236808074908,0.9334565117934022,2.7379637939303065,-0.40471216812880817,0.19372018791002343,0.48925865827199466,2.719854162571421,3.293675129351327,3.1707155200017794,1.9607047376377025,1.7202415973647607,1.321151054621452,0.8762494884259644,3.5963135676316544,2.172567252367161
48,1.7390875047246235,1.7743982478884088,2.4989763455859,0.9169901658974147,0.1909134240818251,4.663191182959833,4.399825003403842,4.367280777788808,4.280363484870151,6.321500668357192,2.028214781093938,3.4707243006975355,2.5858413209104816,-0.9257507932217313,2.3886701348841486,3.0472634208234632,2.141829541527616,4.205719896591233,3.038368969209202,1.499022431795333,2.7111217850470606,2.2295610495542224,2.7984735462421466,1.548377151547355,0.2969594374670108,1.418698250380749,2.871187969241106,3.573644926742996,0.7298099566261316,0.8146687306677859,2.6300125655923527,5.088360620024031,2.039018517588988,2.5470826555435906,0.6264916438138833,1.5951043111714416,2.5413076623966506,1.7206953350633656,1.3619739199048404,3.542707596636649,2.241318128777378,3.018617375082317,1.9114433785806817,3.0047044086402668,3.217789678693056,3.2479664175036174,0.8496279392414301,4.0175966455942795,-0.49346599570692473,3.3281316138848123,1.915239550465612,1.9089839658475025,3.4601587404212903,3.3046274747255007,2.2675113664517634,1.9266944663604062,3.354395560557058,1.2825926268852996,3.2777571285044034,1.5331282280606855,0.8066742294616798,1.5796150043038075,1.9570637457775397,3.1803921455002593,0.5292908446824963,2.867176279034004,1.337002243172686,1.4854596944298848,0.49140261975087896,0.9345241597633037,1.9375614896680284,1.2592586665815722,0.867963545492187,1.6099556335675005,0.8987307886638383,2.4649413514986107,-0.027858109104415885,0.14180882028797226,0.7187724914408562,2.603999942391678,2.76194324149744,3.4212096686406617,2.3312099240577515,1.9167471915860799,1.302688528673412,0.7768219707333157,3.396590409353803,1.9049436485522229
49,1.379165025734658,1.678707307950691,2.419608096451304,0.37894466890088907,0.5547374411549539,4.7710291062700705,5.19329252796969,4.989430145877866,4.1589356212059485,6.4866669373117976,2.284258328492292,3.69962561408371,2.451852676427263,-0.9460154340324796,2.206688236897419,3.1088101872628524,2.4299233655397567,4.3619048394069075,2.920082829377379,1.7680428401627994,2.7856867009791424,2.0794799706499933,2.8897411709179788,1.5340526354878294,0.22700305541507193,1.4797544136997618,2.8883424960958077,3.2531801922536583,0.687784820968611,0.4915098645187952,2.7344155575654328,5.0511325197142245,1.7653959292579797,2.2291851289989264,0.7069449784268101,1.4951113931519582,2.419901146495543,1.7146094890129595,1.4060740790230235,3.503417150602636,2.678516840589166,2.9469880004971065,2.132307327626401,3.1095320510539097,3.286818252332086,3.3808913981763906,0.8176360134123611,3.666253853307002,-0.5260998710056843,2.8051780868455585,2.095410635324866,2.1819292483015422,3.225352662981006,3.576931563748201,2.527798202243273,1.7465560442853496,3.1156817668772017,1.1323132203522968,3.645724496303151,1.3776026226755782,0.6796972967522978,1.7339799848182418,1.9463755480766005,3.4263469822861556,1.1057353015115816,2.898271834736815,0.8216010454964047,1.5303294797659606,0.3658112726830707,0.7631674738156956,1.9455176462915773,1.3148827430392327,0.6228766684799527,1.3931194515980816,0.9886036699373637,2.6513543836140823,-0.08558247539222319,0.21176288309931302,0.3747202424191163,2.724306905268461,2.9240947192188296,3.580197084587743,2.0297320551592315,1.7845462508498038,1.366879638924749,0.7052146991890389,3.5414051141893608,2.106638528929681
50,1.2425318840255892,1.6878223040235316,2.6035219018545632,0.9126911387205348,0.7216656152356191,4.107098457441482,4.612492102178348,4.938345840648631,3.7844931068273553,5.759386619871376,2.2586986887892735,3.7027623133289707,2.332626014126629,-0.8937348647004224,2.526418614830807,2.9890985968260915,2.1466796795520735,4.26284878789194,3.079830088293936,1.5774003594767967,2.5861991819474355,2.192535324415383,2.9346919177481894,1.7136697393661147,0.4649842800557815,1.292789877325307,2.648309845023133,3.97095592789017,1.2182472070160186,0.615421854351716,2.3470761377180054,4.481435487060597,1.840592362899689,2.2061672065149263,1.0709855746213943,1.6208109450919903,2.620375791264173,1.6204931367756963,1.9416774780518147,3.1226564452175545,2.313028795072628,3.006326653794516,2.2076967011134894,3.229186605931969,3.180533394476952,3.2424255909866657,1.2096688556857997,3.7334897859789695,-0.729391138618306,2.721304165319659,1.8524239514360004,1.9892581607027906,2.9645069878649504,3.6248535334972978,2.668399764151344,1.6597527748045664,3.021584815131761,1.0149606215289153,3.2783707479330504,1.293736733714655,0.7572343910294024,1.3807276519756986,1.9632012811193391,2.7750102154928293,0.5758634406446711,2.8118325613141337,1.4944907562604623,1.5161854585174377,0.4325026743741973,0.8367538932895215,1.9951346457458972,1.4044044551858201,0.6549316042248996,1.5044461799624247,0.910202012019866,2.7357821366981567,-0.23106392487574046,0.1614320981175439,0.5286619495554936,2.609515895006577,3.0086869564948984,3.407452720724767,1.8398561419122577,1.7627995414416324,1.3722031454615486,0.4639354476341616,3.9110012151080618,1.9614972193403288
51,0.9323076446332266,1.7920860543557668,2.5143826899161525,0.916070364428266,0.5204478274208713,4.0622037524092125,4.46687050708689,4.429106576357954,3.9578630391715803,6.474857171133732,1.8614656625577717,3.3870965497230987,2.4416164032816434,-0.8932750658198785,2.206892722439771,2.9417959662741024,1.8263380224963939,4.283968516547022,3.4776761518289283,1.5367810542296878,2.628359624601817,2.181331675098335,2.771188857781448,1.6152401244235615,0.1055666809186846,1.8141859888984717,3.0110949351330576,3.045552148494596,0.2484548685670478,0.35112143834604914,2.313597218883766,4.207147191881459,1.7746000716907377,2.365371924941975,2.092290552622012,1.6312738175332095,2.5769804695732783,1.8710906911224963,1.449324624460383,3.2922980662104937,2.6350151053248525,2.960629171342327,2.123492269710056,3.195155087237576,3.199720015937834,3.5061288368092844,1.56860246212588,3.8314793249679937,-0.8410831964333634,2.8335945476893123,1.6807733054473977,2.063102036385804,3.4177544629656023,3.7195439381416397,2.5821162599565195,1.6909943579688211,3.775383634809388,1.0323415146673196,3.398250590061028,1.382964964548618,0.942846570642323,2.0022185388788936,2.0087674898604146,2.6121605521942057,0.880216565202656,2.6860014244342816,1.239309960722723,1.6942778760124964,0.33380061173784226,0.8915236551985053,1.8702483093441384,0.5789508222036852,0.6817851382490984,1.550162372760171,1.0128665435938173,2.559849267784737,-0.23603375188907627,0.30319678318196797,0.9744451709468664,2.590677130399376,2.8922789508763045,3.587069341385838,1.96820575208281,1.5525596818418665,1.5061442513568273,0.8855940667519971,3.4708214313775256,2.093760098495694
52,1.7207256735720966,1.9817866019484818,2.7976736752882196,0.5989749248099947,0.27781671645706685,4.02378668517711,4.354768715499154,4.301345047595831,4.071772541821054,6.105676841923277,1.5631692967275637,3.6988068714619065,2.219378903884201,-0.8645297547779294,2.4799557106634706,2.809987014070051,1.8137751980738677,4.569719746590542,2.8618304572134017,1.5847413496261757,2.3823173887978664,2.2114254778369027,3.0776782077026907,1.611871805536594,-0.03326545574625861,1.6584608627268964,2.973134567802613,3.167775242958369,0.6998256080166545,0.7618363643182896,2.244711527558845,5.157900969658355,1.5968400358074093,2.283676798304894,1.6595411537999265,1.5120365981665453,2.39744478300019,2.1763486633974187,1.473016774334276,3.4107425066303123,3.640857582481871,3.16156522604718,2.0653132757023545,3.0041644599689485,3.161882453635262,3.0121732442053966,1.3618044984233149,3.7855212116165475,-0.5651495009324881,2.6651853587945147,1.5953952999737169,1.7245046812708478,3.678588512852948,3.5201149662580002,2.4121815365997747,1.8852214904904814,3.327495320959714,1.2194836415771604,3.3833009553545517,1.453418909120036,0.7662952216874694,1.8833282090520926,2.0065327446112553,3.1576058096969337,0.7992102949581379,3.0053934902125654,1.7218738590901483,1.456633926093935,0.5391281787081383,0.8279834838350404,2.08572908188269,1.3107452131383877,0.7254611443394714,1.3177743498521428,0.9972400566382373,2.7630169598508854,-0.026211612651475535,0.5486610630622244,0.5454998110268873,2.9039277388571447,2.8830472194551042,3.379603768497621,1.8943469488440292,1.7318639074318445,1.2544336484771335,0.8396680917620115,3.450714419944884,2.2336707791170123
53,1.6795672843940714,1.8177301151209309,2.3561956650882916,0.7387880530010502,0.4599202922988048,4.133103941362605,4.621991898085381,5.066390704418955,3.8796231819753473,6.229184471495622,2.191364106511923,3.9082162038130277,2.4399126051369304,-0.9396584481775767,2.1409656654451985,3.2897425714953483,1.8946517383313142,3.927389732919588,3.4636507489720367,1.4880488129250806,2.6020631958360125,2.325002765302502,3.041554408785994,1.5793827605888913,0.43331608749720885,1.5517495865441142,2.752533620027638,3.601130442186143,0.5342754199515944,0.2973624733762208,2.3363542182272603,4.917581006823153,1.821563910897412,2.0610256218775844,1.9468857726531676,1.702039533594399,2.539319270914935,1.4807930969261152,1.5400260930564142,3.212213774982124,2.259761396258668,2.8256758813167244,2.212562254860877,3.5004010033977564,3.31934137008011,2.8673857632842075,1.6154240210992197,4.069276340181266,-0.5914323745880503,2.845804012676817,1.9728923187987621,1.9775947201575543,3.352636564562526,3.4290003270751215,2.590466588724021,1.7461180483164034,3.111947295540608,1.2249142933679578,3.4178068018977603,1.5842085463420266,0.8690016829553476,1.6446380729597108,1.8785451175689662,2.83246346805496,0.61699820618057,2.9921831907563354,1.2044863126208991,1.4280960654185355,0.6202507679737161,0.7942622540251848,2.0852875356331766,0.6257035474418462,0.9580319996476201,1.780867479907064,1.0086223629028606,2.8422240309733366,0.22251349845578583,0.10630852078226738,0.7797109000472765,2.392409505106565,2.5056131434864897,3.134808640341558,1.9828616452067118,1.4996569135635696,1.4968019917665762,0.6830377402820091,3.629728799269108,2.2559024400303866
54,1.3506511580033278,1.8701062516517988,2.4837772028150815,0.6072903317429093,0.26263273441797264,4.231141837700475,4.2846974611480615,4.715208122229401,4.227454032065176,6.170967743381555,1.602015150454744,3.6827141427341097,2.393520396027596,-0.7943563240236247,2.100316877573403,3.0135399126378766,2.1237776785670146,4.058000050151276,3.367590363953898,1.4926516641653902,2.8920251475630585,2.309426714019442,2.9056052021808205,1.655340905493625,0.34840852744241846,1.73942761099762,2.5557265689025135,3.6413607595662345,0.8641992200517544,0.74236468785116,2.3099749813616155,4.268660458645984,1.6060074033835015,2.1492476770107194,1.7984649293854083,1.4227696405869517,2.3139458541664344,1.1161906478946677,1.4537144576013414,3.6951391289476923,3.8942783368421257,3.0243051760390562,2.153952168593124,3.313506569259078,3.18667893034162,3.0708225468840546,0.9033751774751028,3.9001246411835067,-0.5021815579222091,3.1363113230961126,1.6257659337453179,1.922550866875142,3.250773776675733,3.5043717707697986,2.8605840925796002,1.78940980390035,2.9311216620784415,1.2519862808035627,2.896975552055381,1.3373591766055992,0.8003307337519001,1.9715278371042948,2.037395378100626,2.3720446727884466,1.3342096408448139,3.015535075434125,1.5190055432228697,1.5870811690945859,0.4335270137804135,0.873574623434506,1.7307981916653095,0.913993261588987,0.7431130999128459,1.4261855639949375,0.816583621283911,2.5796320671861515,-0.0006871020385652571,0.0872779358626583,0.5010591133578677,2.8472190282509433,3.690068093329316,3.128030032482068,1.4204811922693952,1.9064734892907573,1.438002737486353,0.9891713631630275,3.6573745129971056,2.128077240913383
55,1.107010468943145,2.0139444619032076,2.0625566178207917,0.7655144964489253,0.4954672107286682,3.8492279432416234,4.618973211681885,4.668457896255732,4.359126102382348,6.594474081134601,2.1901433933536234,3.719932893256199,2.7741208269948845,-1.148982620287741,2.4995260839957423,2.9875898083044325,2.0588051918814427,3.5521438672482617,3.107414393906418,1.8011309020718738,2.6737413970412653,2.4655345253794647,3.0802569582555384,1.5605224849853854,0.4347743678459661,1.7393409097646337,2.932184237089513,3.5329893566214086,0.38158876651295914,0.7874374399688879,2.274790872608763,4.372039917140505,1.5510378444900885,2.248085532294772,1.1975075418381516,1.4791762546582785,2.28171005694807,1.823648190593273,1.2242779900003296,3.6317381947820815,2.080345110523744,3.5412863558473493,2.2363722818078493,3.3080167853749725,2.7938962366322415,3.286463283944202,0.9874604676922303,3.78922065816276,-0.7698668833291473,2.8560337551575277,1.9379788840829666,1.7239308598303653,3.33302152585626,3.615339689642035,2.8296312796502283,1.5951794914559738,2.6811216514102343,1.1292813365594334,3.4193398832401236,1.292613036258905,0.7637699262888522,2.047496848820894,2.004562539879292,2.965235400277998,0.8928294884842048,2.681758850592437,1.458021728144346,1.6247499051858258,0.3175964279981893,0.7941247048333612,2.0873616145689393,0.47022315265576653,0.396064964659556,1.5316300210492875,1.0119834015034357,2.55656293225245,-0.016389845972814343,0.1515235222344824,0.6355150758972443,2.766563966534359,2.6016612187385837,2.613734718075603,1.3320272920398295,1.8215532258439224,1.4616543010075347,0.8008247634917759,3.5647588675037976,2.220932534212997
56,1.89765418034062,2.000747953189655,2.0810160075247257,0.7832071022364044,0.453430148423664,4.053228257086456,4.725654429847791,5.0454255741843514,4.250938221961929,6.554833049305716,2.23289584273508,3.39725950306903,2.5167957375338577,-1.0082951042649344,2.4902699029945268,3.179294721211085,2.3224702652560163,4.158676371455047,3.108898950935231,1.3111328828790123,2.527398071256842,2.2840137166005414,3.2072147657980388,1.7292853397963273,0.3001034605886339,1.7947555299593545,3.0259077044808302,3.6873979161337997,0.3559173522835939,0.6123788626179894,2.3603832955994783,4.40725178656033,1.7441752957567638,2.2027348087044434,1.2745596771484848,1.732005042877617,2.4534295749419335,1.5215698656546859,1.4546219211694358,3.77126708623914,2.9716261396467853,3.3710359221012753,1.8372487742442536,2.900707702388159,3.1693499049408755,3.2893766770860626,1.175270282642415,3.906204152174542,-0.6575629095890021,3.2745952172982697,1.7794881710578179,2.1435500970188786,2.997745851768606,3.499470319945722,2.7011796123217016,1.7386228645716333,3.059943190219383,0.8298258787891487,3.1922370719118836,1.2342636853309075,0.485433250066441,1.8558242306265331,1.8534550746466973,3.181937897601374,0.6336742638904456,2.907175202396423,1.4782519880794034,1.6333825814511544,0.6646887618377815,0.47416801245169915,2.0482746171010437,1.2174137578927897,0.612130267849529,1.8326029304587093,1.0472806972569018,2.5855464778526827,-0.08713620337126793,0.4309563333560169,0.7794724261401856,2.509913968341799,2.6046783706056305,3.2866973614557313,1.8319918914758377,1.8733015684159207,1.120229978758819,0.9873324952518004,3.673113232942961,2.018335935349282
57,1.3685031110441521,1.7281118412110312,2.5724321064506643,0.6054175063405874,0.2968768640434598,3.950745066403821,4.582458837171614,5.199881616415686,3.7088028681609932,6.538454087025796,2.220472886675555,3.840492397291037,2.5572003601693103,-1.0890847869381255,2.3173433162511876,3.131426212840693,2.3675648197387176,3.850355234430518,2.7624642984194763,1.3988923517237852,2.545658363906442,2.3715277969078463,2.7754070898227496,1.7650260534402462,0.06461646177998714,1.9682108313533875,3.1499849255560513,3.7662319339034265,0.7799439289814181,0.7580206641258338,2.0872853977850694,4.676057871481124,1.5926760487904883,2.304730797418618,1.004420541426229,1.4696296192569167,2.794062231486764,1.9361873362547046,1.7632230895663978,3.6639001305192567,2.645261343664254,3.0571040251852235,1.9469531901726107,3.611922831023175,2.8423367554153285,3.141361947554425,0.6871041072072814,4.069064511576157,-0.9332634455319512,3.0971273065306724,1.6129716823936673,2.192859417125739,3.4822001184057076,3.956284155867041,2.5100904076575854,1.690695018280517,2.8375758604923345,1.1859452433488173,3.168072304364192,1.4737070248783195,0.7003470000527702,1.704098851246894,1.979012295381224,3.3049166499506466,0.7269620001413009,2.855288772989745,1.1117382260343307,1.5465884937304852,0.395516671486722,0.7064625022148623,1.9642254420388392,0.5100300434414153,0.8375386145616666,1.9089226294347224,0.7899162266366138,2.7262295250899222,0.18152536263193064,0.4284993456110535,0.8689156666342277,2.488418016399547,3.382094197556715,3.4818367982845335,1.4958577442724108,1.3948829172741528,1.2557953220667868,1.1138536418458727,3.24373093537074,2.1721014024254535
58,1.0362854226624232,1.6947157218562965,2.6282464852492002,0.3420033850194779,0.1516066453865399,4.0241696561502005,5.080982726743773,5.080714183514928,3.7817844837556405,6.645574662714222,1.973033396311354,3.8397438906244816,2.5360088713756745,-0.740907245673101,2.2800572151812375,2.908939475333922,2.275208118786833,4.0358674299433925,2.826578357624898,1.6188180405203452,2.5872956342419107,2.3142816923508387,3.0118354963059106,1.6994364369919965,0.1530060856205182,1.991679244349958,2.764847152766788,3.0860955011018714,0.9316211145097039,0.29754519435800186,2.491110199243673,4.334185490860064,1.7802443031307242,2.0341164468796364,2.57341752892052,1.5264621295474847,2.845018489816013,1.7218281090557999,1.1212214762266317,3.718032297940303,3.132623386051483,2.927492661981047,2.298656068195163,3.208106067258334,3.4747434984566805,2.9180014795833022,0.5527971121122582,3.721760804542873,-1.227696220768911,3.116479425043999,1.8633665253988134,2.047030485242949,3.4189273888664857,3.4308072824332,2.4774100778286345,1.6656683727477737,3.6119457523312573,0.9737740016620005,3.202260243665395,1.443193815454424,0.6259180502211972,1.9837008698484406,1.8280014518501844,2.754938045838924,0.9567137768179257,2.4527814195555164,1.1255813601831939,1.574832533393066,0.6237023541073297,0.9261656058060801,1.600843748862116,0.6208451399971322,0.6807425905324832,2.040876629146849,0.9526475045051157,2.5655298103051902,-0.16237830020514687,0.36106740781612845,0.610075638716088,2.567345733937823,3.656359149614738,2.811863047833011,1.6004698228976786,1.7856574475422664,1.3638813463073034,0.8056850112866412,3.514042637408938,2.1430397054779524
59,1.4063170933255673,1.685914544219255,2.5930928217730287,0.2892892728490626,0.18697713572243857,4.39981663650822,4.520681180259175,4.231842187196566,4.3533787377463895,5.838943281747854,1.9033178917646043,3.704698170337243,2.4555852538489837,-1.2888645196104886,2.220253477993194,3.250252962416139,2.2102197921993962,4.237773291224705,3.287133466195141,1.7833813762570796,2.2812897427848817,2.3400068486527363,2.9226574754045216,1.611059825270704,0.3404606055044792,1.9100838080872165,2.5263548247272714,3.741558994833344,0.8449369630628689,0.4346897720127625,2.386591680108803,3.594734966068092,1.629353480884682,2.3439567750797843,1.6220264577757724,1.5451740845294157,2.476716628451917,1.5794400012098844,0.8802837091407136,3.6678583769008415,1.9926600867128292,3.205329823495658,2.1491371421430294,2.9949039525256627,3.180106559121562,3.2954402237666938,1.408685848054079,3.542539945478506,-0.48752180043442345,2.7775750332841103,1.9373539001497488,1.7359616040305357,3.2294137065137374,3.6451032673137016,2.5944121549177703,1.8445388806101444,3.040470343062008,1.2095173348714312,3.0368850935913687,1.3192560940528537,0.30256469799095176,1.695348004558067,1.8080199754185293,2.4534382742996423,1.0983374266670323,3.3906552214309578,1.270476046827068,1.5159098078684259,0.30989445388231474,0.7636175347830624,2.14173973562058,0.5217927517474825,0.7458776296106677,1.5523682070548765,0.989665398687104,2.719296937500922,0.09489185454715976,0.4645504520126289,0.5925863001062472,2.986623461926822,3.908523573846922,3.273603816488107,1.9102531550111237,1.8604642729197371,1.5512119286824022,0.7329884851104859,3.2278681244995457,2.3822381144804794
60,1.1834439426073757,1.9237571803826254,2.77600709724783,0.6965753791949156,0.35695919423475386,3.9903749410745397,4.2528441855333465,5.110649269505686,4.052232765079906,6.225338266686783,1.5971071492954931,3.5981197831197487,2.2862633389643223,-0.8738009819243662,2.493579201722019,2.977046765742648,2.4750165558199164,4.162328375152782,3.2140371497890854,1.4611194223617217,2.4515156782439513,2.2692763433934307,3.1669060943196303,1.587155284555799,0.2689165206405155,1.7382603974969884,3.0581625863580792,3.2866405631443567,0.8801096930742607,0.40044798926350245,2.1122450154518155,4.586422267810523,1.632255750944735,2.3529974615476403,1.9061706806892036,1.5572401251158237,2.158606766481972,1.1717417386696263,1.1355872092446049,3.7570922644464635,2.5901129062836423,3.1090594168787336,2.2545718657939835,3.635021968883346,3.0759863140986035,3.086311349181727,1.013978028737852,3.5130033198790804,-0.6103308451710598,3.0353490480790057,1.8614073051318978,1.855012342746257,3.3332241559127995,3.621664703234756,2.693884032453668,1.6883403521268967,3.729291908181525,0.9749385836485142,3.6145388710351227,1.3212899501141062,0.5976131579359814,2.032691557635426,1.694296445154491,3.3946699288865125,1.4392366274992712,2.8156941654894485,1.0580053460453365,1.6612884706425461,0.5200402970701901,0.845142872744408,1.8406000735608652,0.8749073050713563,0.6656220484273966,1.8543298711362461,0.8437713751282141,2.926151666632788,0.05825411826201732,0.5454739367186725,0.4769444316215108,2.8657560196037544,2.4682851065775235,2.807051064008361,1.9684287780547893,1.8917309863128215,1.2943592887147408,0.7020449642016654,3.872345918716402,2.385788003669476
61,1.5782395131292701,1.8991390524016443,2.4960016124021593,0.9969985843444793,0.3763662007743285,3.9193967621933994,4.705640340860194,4.582701311196146,4.253689956238558,5.880013846647223,2.1528831189787008,3.8078334296399152,2.455762020209253,-0.7645708578226276,2.4836831797424668,3.214638402793585,2.3007405450391643,4.679818648299715,3.234533572865586,1.386827286097262,2.5581931409774317,2.095757751710803,3.042011503272585,1.7467253675123575,0.10122802247725238,1.6459594046976291,2.6470773358878716,3.2004831303240473,0.8106381824575715,0.5337893321341265,2.0509153106523996,4.63564706013738,1.5870129319829935,2.486526832041628,2.041478132549047,1.7540626043718417,2.3790181508195385,2.6266834759696835,1.7022779386770994,3.6189497006069002,2.6030843046824836,3.3782453945179776,1.6927226031854223,3.3620547744717766,3.2826141816505525,3.0029700314307206,1.0879155940018048,3.826637474856241,-0.2886660767044642,2.7746941660299074,2.024949561242036,2.073721773482935,3.2924973657380576,3.5577947429348225,2.5128268959046123,1.8099935247306973,3.5889095414358163,1.1918582155508277,3.027780879039472,1.6776167247833147,0.6719350069313892,1.3927808762852836,2.116699809401607,3.00316747045014,0.7493416926032531,2.7476346972431616,1.4904616071594292,1.4059563822440484,0.6236496104993274,0.8479315243438552,1.8427736494189588,1.022048213569383,0.7258732713418835,2.0024301659557358,0.8210290539472664,2.504322609027601,-0.14914655081919048,0.43148364625989144,0.8136432935488493,2.2541801516453495,3.781639243991282,2.8174018031544725,1.4286455957502504,1.8630611139680822,1.4544021220884895,1.0455804167392229,3.069263302549027,1.985047711299241
62,1.2901427253888804,2.088750061657818,2.527047209566726,0.7292916892490375,0.745996735768578,4.197852516230156,5.218657282579082,4.624494605440612,4.25349773904198,6.47475467515771,1.9482377412723837,3.8287348982064566,2.52754642186395,-0.709955863947326,2.454639638429932,2.589271673880513,1.368714749117752,4.021873220162739,3.272801768122823,1.3749775981003922,2.5756433033460207,2.4873157808464317,3.0379241417130673,1.7605092489329819,0.035061783867893936,1.7404906916571716,2.5823125397509075,3.838077842976954,0.26409449758891723,0.6288778540439293,2.304200657757499,4.765121156354047,1.5525739927881317,2.1483718593269407,1.589567581382779,1.5076946857397726,2.7346060660251066,1.8030707922074827,1.4648392186145023,3.494602166550311,2.3900142429456945,3.0502405309862013,2.0663981692725435,3.4932875308503393,3.492885947465459,3.360767210322103,1.2670030003913488,3.682271083256887,-0.25756136545450103,2.76193508832516,2.0198114939202654,1.8362824485315081,3.287534755793988,3.864810742603143,2.6064583730514257,1.7524364362956306,3.16726475910087,0.9954070025180695,3.3138040740700974,1.5012410759795096,0.7917390383784251,1.651059426097393,2.055746291623102,3.1098577394173894,1.1996127092836337,2.8294972854324607,1.4324107854744472,1.445681242377198,0.3814979642245153,0.91371677207016,1.7972860629483889,0.8742591123416389,0.8429730372962162,1.6706608554395577,0.8855255797522112,2.790676931578855,-0.3782457027217714,0.6647475241195953,0.7258485641333281,2.515845778186429,2.8351221850691433,2.9897488677064104,1.763702476205749,1.738479228242881,1.4113371313849563,0.808824980026317,3.674498461046114,2.151522401870227
63,1.5470736957347206,2.0164940653657504,2.347072560869549,0.6193438349130507,0.6517702758861349,4.232274647687596,4.502807172420653,5.600357443103337,4.468469217724268,6.5752594306820225,1.9754372519463035,4.072348092072559,2.23488625535201,-0.7226193349608665,2.782565471835432,3.1365861022214725,1.9543876187651321,3.752524074797963,3.317071350660434,1.5173142541324736,2.3179331380905417,2.2252703103688956,3.057628363079389,1.6839441103485526,0.46096262589893344,1.5149822242602655,3.2800198614211675,3.7671595359590695,0.6090387480527069,0.5195236388162783,2.431858860001885,4.484178323748726,1.7868909619755735,2.164170375339298,1.636325556457286,1.6361719690172718,2.702218288507941,2.2644495190712837,1.876772160656733,3.5000400425911735,2.114694615131953,3.4467923734645214,2.0793992306517675,3.0461310929691656,3.0015905369420937,3.4994950730943852,1.3223051848505118,4.118695181421714,-0.6030906604333974,3.21668506516974,2.0403235643756883,1.7570346559258467,3.31910636459489,3.53390658805375,2.8024937361747564,1.678403365456103,3.08193780299188,1.1143783222673316,3.044294247971561,1.2383903677458656,0.487039682733405,1.6911653011516565,1.7327153636520582,3.028784127284432,0.639163513101282,3.049082471251319,1.372156355800588,1.5436095919017432,0.3026747048994669,0.5825315907876774,2.0772618590197744,0.8721870049442059,0.8616514033709071,1.5775060886694046,0.9644160328620235,2.49872098873487,0.3129906097942068,0.45180125682855166,0.5869282970129892,2.5510208440051754,3.5279889926815633,2.556457750825623,1.9371844407325782,1.6954752533529507,1.197449156669083,0.7443607392963824,3.264733709449284,2.1052894284457686
64,1.2382072769853387,2.033809713849702,2.6586817475717,0.9235408023894982,0.7042572985652882,3.990182102364753,4.989714833947579,4.56949033483059,3.896633083230957,6.6027018995184426,2.201827431296144,3.7637072950837087,2.705249306176404,-0.45196012005127706,3.010638040962239,3.044133506982032,1.9932447360235603,3.960047594808988,3.4528182777338414,1.5913736195836328,2.8681299768187607,2.125606626318784,2.7900255799479954,1.5166762754546421,0.5975490976949724,1.59905888923067,3.194585553974531,3.041429516067253,0.6657463877944618,0.5787332316349871,2.1177096337391523,4.691010973895614,1.8506430538219951,2.0946662982706785,1.6739848183458204,1.6723601035635145,2.425962134830891,2.054911430544756,1.6850912570315293,3.9723084274639406,2.1135152248419002,3.232970667057224,2.013699765819729,3.3951369880339195,2.8890849162574206,3.07290031293288,1.1526554786973906,3.8397996723520094,-1.2357197316355653,3.1034825630551053,1.5514318971310272,1.8261939177338156,3.30585770071919,3.498741252032463,2.5107324534149953,1.7895909257406935,2.8798328519123997,1.1578099868024445,3.3569613913994893,1.528764122233249,0.7787416727060965,1.7478858364083367,1.884240171696367,2.5449624897546967,0.8848549179025136,2.989727998288079,1.756106250705883,1.3718965924964377,0.5725812036315316,0.8419648182435713,1.6810397992722415,0.7624503395934172,0.7067854221647591,1.770807515296886,1.0083217793505503,2.841009819356394,0.04857412724793031,0.6703662210658526,0.7073541996308008,2.5536157631635286,3.006641290720933,3.0845152698203098,1.3060151012622983,2.008142701140869,1.4414936328547512,0.8597397467759685,3.406529091365024,2.1085044808760642
65,1.5141416292735133,1.8302571794042968,2.279045344509388,0.5497039632294305,0.5055364942192457,4.077293647466865,4.430537322053095,4.409169054363783,3.9909650956656035,5.534531693185773,1.8065814981182624,3.804298106909208,2.209680697219939,-0.9001618991694363,2.4815127741658767,3.1175988229476905,1.9114625260594607,4.329579099321386,3.295137115808835,1.3980072775611712,2.8683480900286713,2.216848670162336,2.9476675932954035,1.6762008142149998,0.043507432375415434,1.7873348187888551,2.9624879733722373,3.317377064533451,0.42154832768574146,0.49131307498803056,2.420417219469805,4.229318140243539,1.7426074044394393,2.082025672795319,0.9500929426731695,1.4260522054514255,2.5575827087097176,1.4165818144971805,2.0477885442216683,3.793138266749089,2.4945556022370194,3.1881288367763663,1.7260256727747267,3.222200645416384,3.157848554229433,3.0239075628476124,0.8818821002413475,3.939628611480243,0.06705164948535236,3.2335446867186324,1.537928087187935,1.8413802661254581,3.322200675023469,3.3771900285632617,2.4038658023899773,2.044516053573893,3.0051608908290848,1.1924030227691071,2.9736510461806134,1.3754963916393654,0.6525872962775356,1.3962862574872448,2.050126362449343,2.6584063382893395,0.680461132891673,2.635046966142591,1.4219009145449628,1.2754287649286358,0.30428690738693387,0.8122018928322885,1.6023029915054634,0.9674421764183871,0.7267626752420222,1.546508521284268,0.8681836918353438,2.757021837143359,-0.31003308091041903,0.3763503329310165,0.4271354882116387,2.5278654085204226,2.284027762812936,3.2553258161785292,1.988294729034886,1.7114590742442273,1.517505224659199,0.8696186333163133,3.4396581683000664,2.047226686630052
66,1.0984807442317592,1.6424976825154283,2.812419663822568,0.588754538161383,0.5441558368722554,4.10262250292008,4.735414312266671,5.155027573553621,3.712613719513775,6.279897293879317,1.71993376718649,3.817710726916678,2.4515694040290037,-1.1060718309711732,2.1426356614906954,3.197512446834467,2.0016126387045174,4.293317622981506,3.235358436796206,1.3387194639692797,2.2091927834869467,2.4216114552452863,2.894677967526057,1.5398026126407096,0.2943174435664728,1.8602414316149956,2.628610230416669,3.9673434658593436,0.8586112728072071,0.46089090229414365,2.3773759591881727,5.112979578417124,1.7623366095090063,2.074379934273411,1.657645625068256,1.741426849569561,2.555333499840749,1.6865409593560163,1.7155509335378578,2.8046523608654677,2.470998382693084,3.1103834746624046,2.002140218152838,2.8723557284172614,3.0010565659597317,3.093999008612753,0.8024726291612262,3.445087452153719,-0.6361485949337857,3.3963327338551217,2.1089986455976955,2.0016089370038213,3.505512251064712,3.531842908885676,2.7130146842669527,1.863611168387209,2.713217340326964,1.1088278667939957,2.852841401141758,1.5601608535948537,0.7104782719375073,1.7565011959871546,1.8284114022101443,2.9278413090285613,0.77700012749764,3.0815915966552656,1.2464041823477214,1.4000004400520691,0.3735542194842454,0.8527017160856741,1.8211751040306292,0.4862150796322977,0.7483080332729884,1.7689917092382994,0.7206846559913926,2.6607955861256656,-0.013703529458532593,0.14379565342042655,0.5989952528954321,2.737980781768089,3.932678794642685,3.248811642696566,0.9883110972359732,2.1788410412049948,1.2834462756363019,0.935197823104721,3.5958485545061376,2.3835519397083207
67,1.544800742130886,1.6838335330340253,2.0980614494515537,0.45870283696332903,0.77227432965109,3.908822363908529,4.885191484845503,4.629761262442999,4.046888781437771,6.607914852428383,1.8330654030981115,3.735140041759366,2.5197503528521574,-0.3956751511717882,2.9356701132576934,3.2825670392551514,2.2917360037437615,4.407665425140485,3.2869814714772057,1.5932026402435029,2.6506988860653657,2.2224643542608815,2.9645043703463667,1.8494559897304623,0.6420153937955662,1.7573760586876848,3.061009524601566,3.7338446967342223,1.0175290474387138,0.6462738464150241,2.327962807770853,5.014039182806403,1.7389609496160658,2.3799010854158835,1.6434729493619549,1.5982941042189793,2.764356501278529,1.8178025145227068,1.885939486628158,3.4296367933375165,2.751836371905326,3.0200111202580735,2.108267912252851,3.2919593916069156,3.0640271301268682,3.2883767236182884,1.0940873133649496,4.006112696445614,0.0355360672232945,3.2633150151256256,1.9117009003192038,1.9116057785523783,3.6674562490603044,3.4290656621225146,2.5489586448856483,1.7496685022181397,2.953104135082171,1.1022424864385463,3.0502995891673104,1.4072279517247495,0.8280084237440752,1.4981448004864037,1.8683664037349903,2.9177145681946444,0.9621801161598325,3.1107648371721055,1.5059475338711534,1.6460184254527157,0.5889546473459513,0.7653007375903536,2.0948723144382604,0.8664628482895531,0.7319347418113625,1.7959031412190845,0.8874346413993122,2.577074586542011,-0.060797784494838525,0.5686465978536354,0.7795293804288493,2.6597499717371953,2.5775701692535327,3.1926507197711596,1.8613238845158584,1.906480630220353,1.4801824823914846,1.0011216227155082,3.443118707147701,2.068736600806937
68,1.201544403157401,1.6892921707559363,2.6421425116989896,0.6436173393445048,0.6726088611695048,4.55272801459574,4.677482774290711,3.9313979582925525,4.2255042380062395,6.113687823494829,1.7222276637133067,3.641373685258084,2.491074616788916,-0.6139811545474112,2.0795855584552068,3.064040460056743,2.2059299597629467,4.047431968186517,2.8284007630222887,1.6090809137888273,2.9230138936162,2.3222284047371886,2.935819151176794,1.4712829180990026,0.5659755440684124,1.4792046434489226,2.6753007710158516,3.444444564296769,0.7248371443560779,0.5235968046558206,2.6123987126267627,4.659600426722553,1.6866826672114885,2.1857527959768914,1.1966940372911292,1.484060984152023,2.26711522213807,1.3373537367778048,1.6940800044910431,3.713555281551958,2.5369643671880704,3.80993811601683,2.26933790306543,3.2196082057492266,3.32490894376883,2.908198158883267,1.5538248277004518,3.723791129749909,-0.6997942331119553,2.8339925534958272,1.9890188142377214,1.7176223415113192,2.940648408531807,3.9819436979952103,2.720510031681976,1.8792166832996746,3.1105973826495417,1.0342445718565256,3.377556045690215,1.569865228880638,0.6179236243364373,1.8581239506728564,1.6778769157341928,2.6374435322606122,0.917369186277393,2.7158248276302235,1.082096359173803,1.5300478419048846,0.4476490828804267,0.811295321669152,1.7665164156913278,1.2346298018194584,0.7598943550695407,1.5277597333014468,0.8776314943568577,2.6229620307956747,-0.3083231644949147,-0.125623666506943,0.5286549347448801,2.8153974502586023,2.953923800216138,3.7566484920117977,1.5346252554855244,1.7246954509532673,1.5632102689172203,0.7475589892436304,3.5948283456244265,2.021140647184315
69,1.5073660675250893,1.689609568154043,2.314643997665329,0.40583971241240335,0.4796463721905009,4.003272406148403,4.596362623842198,5.115492961632562,3.873577721024878,6.4532410439725325,2.0100102789129277,3.547403508011497,2.5570998200051624,-0.851362459286656,2.276304870841024,2.6528277368781827,2.080239744562042,4.008478765129291,3.193598639114645,1.7023663306739798,2.171433542157274,2.529736460165549,2.981308249605288,1.46740201301078,0.19167059928445251,1.4829609899469705,2.697877290855647,3.5747642820598164,0.9080283997331304,0.5006236304497517,2.1965089425193725,4.826355571308954,1.7532271959580927,2.101739338724749,1.8036633275285783,1.4282343408883382,2.5481532480497093,2.043699555469349,1.4270589039521933,3.1351337954011855,2.7981710503475368,2.9778853072699176,2.0690865270445076,3.03142127966969,3.221154764541371,2.953087451303635,1.6968172116232116,3.6026478220207796,-0.6282801621358446,2.7212300068942534,1.768907035921451,1.5083080731308434,2.991384625829749,3.816410970263429,2.35338330544749,1.876940837759783,2.913727068385543,1.2915680780240737,3.0990775825717556,1.5367429079361026,0.5925504965443495,1.8460450252122167,1.85668210624844,2.7641053675669225,0.8383434615443549,2.7331871819968336,1.4992729026268934,1.3348419581562614,0.5227834061160577,0.9044754034550129,1.5351931942561774,0.7408922307649943,0.866206572766589,1.4660429806231616,1.0221953449903527,2.6532795219675527,-0.07159069141040142,0.38593001041801633,0.7396060358857377,2.5436316169987045,3.206683316485795,3.164941145092662,1.6964528591379244,1.756126304481497,1.3661431998934874,0.8464426065488422,3.356157929593274,2.059889172255633
70,1.055089314336152,1.7433674388911133,2.4120180886352665,0.6978144151874461,0.20308142182810895,4.328695917238707,4.372141886888484,4.7146037511479,4.238995572436866,6.185056061997501,2.2925649984903123,3.633271396883645,2.0468549365212425,-0.9436959175801027,2.280252000317673,3.123019140582978,2.301778028772601,4.036072796531835,3.391851645478648,1.5028527836687653,2.5270482290208847,2.5469260199346526,2.8403245911313864,1.5885269381676692,0.3058103575540292,1.6777832694733477,3.2758771570162297,3.1554633068314617,0.25424943613517215,0.7262117745124868,2.7305466143043136,4.886567734118237,1.6648199080815016,2.466088698822725,1.422963847946141,1.6234484670064089,2.602914315959411,1.4384040234265154,0.9158598970629255,3.2018026812155185,2.1297866090488213,4.2610250472097135,2.015528851414265,3.6208226674604957,3.3093262642109074,3.521714595644833,1.5296025277651075,3.7062361398783708,-0.5149291506090677,2.8908218755465516,1.6077044128813969,1.7952292172924311,3.221980539091621,3.320406117674866,3.0687190190162386,1.5378445157780045,2.799425885632929,1.2882901182550817,2.9612305781983475,1.357465701940771,0.8075462794324876,2.360790678611528,1.7070008480758836,2.714918712894002,0.8370498429427717,2.720346824670774,1.134077746416982,1.394929482980963,0.3683189305024639,0.8321368912865088,2.2418068634298054,0.422456812847404,0.6569452651705704,1.7637264381573063,0.8576331940043995,2.430255624015479,-0.015035471787743449,0.38930436670483615,0.7104504851721557,2.7339924381294405,2.1969467552414867,2.922398416606585,1.774089289038423,2.211451393144568,1.2074752457028852,0.9411624091824378,3.075324824565449,2.3173238894467296
71,1.5166693490647702,1.7304004056982607,2.6845434745117926,0.43511295722668675,0.30851755270119274,3.735846734878896,4.521043326559151,5.5496935852808,4.0675820102406535,5.547680570784994,1.8423470051743516,3.407794439883205,2.48772636125814,-0.8362566261835997,2.313794022094457,3.226794699389405,2.171069753316462,4.184032416901701,3.026480907529491,1.4293496360026396,2.4203640554191113,2.14876379613671,3.005864423275032,1.6973751193720374,0.42441793949916096,1.6683643480056505,2.7623757821585526,3.380191536744355,1.026628556298246,0.6113552309603794,2.381176834147266,4.509880482027481,1.4727665509893646,2.2187748566114087,1.7801598394852587,1.5092014609983717,2.9571513272352883,1.85710512461184,1.7235180232490894,3.581212482834463,3.4363094883684475,3.751981591747552,1.8749977434891043,3.122971085328447,2.9162868472211105,3.0105731984122928,1.0301422603496846,4.1149491617879095,-0.37256484392235123,2.8988148907667335,1.8554293642029522,1.9138170960951784,3.033636122678758,3.508913238009371,2.7657920490341628,1.9265501576980877,3.5896648226436425,1.1797084887773797,3.060122890506523,1.460623396609359,0.688453174575004,1.7226370441304908,2.1572754782952748,2.8024047439128266,0.5285786923090794,2.3065863708347107,1.140395465843067,1.4468328684499059,0.7486124685225577,0.7879739799743454,2.0160635955978936,0.8218858140679992,0.6982943109651965,1.7893407585791337,1.0182804989836338,2.6018639208817693,-0.14418435009956787,0.3546927159862858,0.5920801085404217,2.7416458125246237,3.415328973513354,2.6417623754748365,1.7719601463068624,1.781852911830021,1.4888355292206492,0.9337258279620524,3.288597245141672,2.1927131803996387
72,1.3088602335992738,1.9186779852806102,2.7144057688252996,0.5977652024511411,0.28959575274401694,3.903935623291369,4.433568904874749,4.4397870709100005,3.852545232089152,6.468157683111624,2.22865712102994,3.6577679947564663,2.5412400058655322,-1.0007531530876936,2.4506667181206336,2.966638219016274,2.3846258849129596,3.936776784159847,3.231847739011321,1.8560017845218928,2.4889949483597564,2.467736463829577,2.836256264324862,1.6706020770657188,0.2292423052008994,1.4858030358070633,2.6746726536014203,3.364364778053999,0.6211903841806288,0.4211081513416509,2.59310541658908,4.597790273588355,1.6299301073475116,2.292345595878664,2.59966757492319,1.5221309036167485,2.6594998385548116,1.422725141148871,1.4956191981252522,2.8829638758125693,3.0316884501848893,3.4737243154446804,2.1327923457510103,3.3635184811400136,3.057478672496006,2.91635776980982,1.0307595837136208,3.710646646236259,-0.2512831805592197,3.1441645817248443,2.023208994397121,1.8249659913694918,3.488663306234768,3.7420055526810883,2.3758932593342386,1.8419328674162527,2.5256930071734978,1.2062110427219686,3.401813197463399,1.2063045816882219,0.7897368714289323,1.7032975258604106,1.7789431433272354,3.217541609560914,0.8490977683090395,2.6748727317846823,1.4184858227650925,1.7042113019066871,0.5722250483395097,0.8857938338946643,1.893591391746843,0.8565910675626505,0.6726846147305187,1.529051084061945,0.7938999961196704,2.4024062485228592,-0.10541085478791246,0.40688492364792084,1.1274296937717134,2.425819575270156,3.736330226799517,3.5735721939038374,1.990140627937738,1.944396266699711,1.4970022077557987,0.8946575805791753,3.2893119422034207,2.416424014708023
73,1.6148009099963732,1.9104355570084377,2.4645299022495686,0.47995915812559486,0.35494369090677136,3.7888500025595726,4.271541115712757,4.681543413686414,3.7634107788810884,6.26704214192795,2.1278155793612816,3.478158722952496,2.2458815032406987,-0.7747460748584936,2.1623447387611856,2.993047341569609,2.178071327509435,3.852782254191871,3.1646025346975772,1.6973440737249499,2.45258690448828,2.235580380936021,2.97202476352024,1.5848927516349642,0.038455803213151896,1.690094735466398,3.2479228517583754,3.729204553722469,0.8811760763153836,0.7272244103460068,2.5271076096068517,4.556099602226013,1.7636699179932127,2.195705300650214,1.7254060691432698,1.516687725981909,2.284901381372194,1.5464534272835104,1.65557129799705,3.603700741369459,2.37325281457735,3.6830708110500643,2.250829624702195,3.5121269916129334,3.051808540352102,2.6728601158019085,1.3427920816688883,3.8506069482986396,-0.8712945758953379,2.9139425440151645,1.871280847804316,1.953200790310211,3.565018146594454,3.265944722052015,2.5672922924393644,1.7271967619160082,3.0357387883827935,0.947060489697488,3.375476863847398,1.605017362836617,0.6666200590445363,1.4040741410754927,1.8371073869200685,3.020726508922173,0.6597172801501945,2.7811258634593914,1.248290163032562,1.5402754591678427,0.4336723400924818,0.8832926093510056,1.9877484670146006,1.0931149413018943,0.7550433240487715,1.412980801366524,0.9486641817213721,2.447642700842053,0.02562541694262843,0.3766467309018342,0.5842671383449921,2.350409131473547,4.102507025247198,3.5290083210621006,1.809914018403453,1.7432498428216263,1.3706053650767633,0.8318655077369531,3.5434965349128484,2.0358912680393484
74,1.5085923958516112,1.8065497830500021,2.70116492034756,0.8550933871997963,0.5440907873811716,3.8642292431236225,4.506048800706392,5.350280178077091,4.111442801069858,6.383709192394877,2.027326750000445,3.8916034265450845,2.637278316499691,-0.9031228609037254,2.5311083834544283,2.6811906193258492,2.2034085538215993,4.46024957665694,2.952462324820428,1.428260068077721,2.3822495411065434,2.2239327236568416,2.810584522805507,1.6618888233626046,-0.08978936229352419,1.745089494354072,3.260816759144582,3.2386053301918754,0.3703388506224905,0.5888540268815239,2.3300921115565423,5.107132019406347,1.6634304740679093,2.0669266333977623,1.4657075097299894,1.4335682546385935,2.3411556005167293,1.863288898552193,1.5666519714033635,3.936610979153561,2.581451133723544,3.0145776497719483,1.7860786448341026,3.2508789714947364,3.2543398624697506,2.9109783132637364,0.9530313488608738,3.793277973357217,-0.5910549803177119,3.0320050302202706,1.6199595830930829,1.6705280337117396,3.1426779660060866,3.824446958465031,2.371255185190021,1.540558442955672,2.6897155828060075,0.8634026213111256,3.4323462185979006,1.5797401381628156,0.6664088368494877,1.9179168946971594,1.7663183586162452,2.8612842259333466,0.6900761527659496,2.702699715360867,1.136676165037824,1.2744569468122582,0.2364254360364253,0.8066949955950629,1.5563230432736774,1.180451310030513,0.6588968232998824,1.770129742504468,0.8814002469199327,2.7605967293221703,0.27917592952364334,0.3631580639885008,0.7362817528796515,2.6974395449999045,2.9943369235376727,3.6866177208844833,1.8433832399639978,1.5018803256802298,1.3163060288129298,0.6356932254197026,3.22735693269129,2.1128106715121335
75,0.6824340449682778,1.353686908350903,3.0282259348074163,1.0294979009196321,0.29774824931763044,4.070202409250967,4.475096856497407,4.594173650025504,4.186600027289403,6.7607963192081515,1.8861676904887386,3.3437102780083254,2.3371157315676836,-1.1371316748771094,2.5092641196597345,3.1694103217357683,1.9217328966343636,4.1896272618541355,3.0972219821323814,1.3798345300427193,2.785466465697711,2.451070870090563,3.0358119230306295,1.6612053612936954,0.14162787723188375,1.7206669219031476,2.9422677967063,3.3497964631410304,0.18479331497091755,0.7700396244255523,2.3189222185983405,5.1561437689901615,1.6882598928691932,2.2293421516474683,0.8106688463205827,1.3297506193508917,2.4068610693983064,1.5803812292567487,1.1263001159250914,3.366151233111175,2.06638459854823,2.770293741418519,2.3193624215823423,3.33021272126292,3.627616134024948,2.8870537870212627,1.171594760869398,3.8006960775638285,-0.34391113191138634,3.0738523069615318,1.2746984909113168,1.801450671781447,3.5768601886865365,3.4458133597533314,2.408487110821515,1.8574709591829661,3.180424367992549,1.0353117597592107,3.2538240852417735,1.3760571364578396,0.5511125640870712,2.044929338489953,1.6444212908529412,3.489969012456365,0.8312946631660101,2.7998344073350445,1.2151282856122054,1.6556069841430285,0.28547271698032683,0.8802752120573296,1.6211616862547942,0.694493021751094,0.6466318695525413,1.6087127990113603,0.9378394137196273,2.8125575586940332,-0.1959223701611359,0.3581915887517009,0.8015833825135963,2.542224815383534,2.346480730570587,3.0809101288931227,1.6785162819362571,1.8135131365333628,1.2848216169917697,0.7073749215564309,3.531000048290574,2.0218417817184107
76,1.5793579632592483,1.5731679037626662,3.00259166061392,0.48381089665791355,0.19180424991269351,3.9731418023019396,3.9594233866687016,4.938282273492142,3.806026726154991,6.160409103430625,1.775358578406128,3.531892473542128,2.3952948312575333,-0.9391265124635904,2.4858121138860865,3.1794097509552595,2.288956739347761,3.734562620993519,3.047552702341313,1.765970687917449,2.77183072507518,2.260042795401482,2.927688494132187,1.4963895112777381,0.1841182685885947,1.9146075884422908,3.0106509702821524,3.146377664268048,1.0238968621544444,0.6662150082093855,2.382022972817902,4.872675292179711,1.4983354223650127,2.328754713877715,2.058889134512924,1.5501837487625663,2.5061991600452815,1.5547767525303509,1.7714271205371492,3.514096053056503,2.986432855470967,2.9139101259648656,2.0526554211142454,3.7664363346804994,3.44594571710159,3.391483803399412,0.8981846699973628,3.7348158798149957,-1.4503322536121814,2.999706587518771,1.9043465414507983,1.8469720208103468,3.3484134588893877,2.9907859621189723,2.30479284808545,1.462501230693726,3.0774685287679477,1.126101419131608,3.314003509525187,1.3554630971727741,0.6101947591229087,1.6026397786672835,1.6439128325052792,2.8059829600524075,0.7678349781475036,3.107468774848113,1.0780617099057603,1.5819836871150632,0.5804097501554486,0.8933617103363208,2.1485687492880237,0.5134462944256506,0.6647185741837791,1.8830623490980347,0.9268249162249997,2.7849406485608537,-0.12781920585695294,0.2757103806486585,0.5288714341144738,2.8124299027946793,2.774224806912697,2.644069126160386,1.3368134784058388,1.7043097484205352,1.2667620559035013,0.9205510724506993,3.5790229745655995,2.157574046986879
77,1.2711330103500487,1.9725015176522407,2.337391656188653,0.8499379264291678,0.643489961434731,3.9540041002444952,4.842324530996348,5.028056745515979,4.06375063312289,6.421171326113891,1.9397703696629052,3.6684845031741036,2.052460242679326,-0.5318220800970186,3.1162251039785698,2.956115472960904,2.0255474046112028,3.996802643833022,3.1989444460538263,1.045780175121366,2.177589799789666,2.1880089722141722,2.9724718087412842,1.6106289642960212,0.8308600163121773,1.482363305833576,2.770493536715854,3.2711492491342584,1.010029410940596,0.8136936109096157,2.6825407291524535,4.876675010902968,1.5439068983645532,2.3042468857919336,0.7950500957822241,1.6003183985167257,2.8395792523346706,1.3827566441700045,1.2974250643439758,3.60423014900104,3.041283064904573,3.0506026477197326,1.949201560918827,3.5643595301480593,3.289618398993702,2.633470792555147,0.8488258193252335,3.6074500042918993,-0.618886041319104,3.2292545426789703,1.8983235414788764,1.944180359610446,3.4733473450894814,3.586655185882396,2.4002822201305993,1.9110869565102537,3.409859778010099,1.1499244922464045,3.221189368018144,1.4133266394367785,0.910130034928649,1.4008802005969119,1.93462939653464,2.565186997678527,0.667763730970554,2.7598972842574803,1.159107332227001,1.7246970993165038,0.38610756590322914,0.9405821820414677,1.7990739665563735,0.891233683103072,0.8117088404923554,1.4366756208275047,1.0529823405804088,2.8321558536990135,0.04343021896128496,0.09737925733955599,0.7929017746528355,2.7621877185242982,2.724698020051025,3.3575150391631947,1.905584945942168,1.9204356142383578,1.3882657473690596,0.78184864134874,3.5763105745636565,2.2720759003879976
78,1.401256998038086,1.824475755526261,2.4485739674282727,0.9208772251096065,0.41768594745285625,4.147562586364717,4.9303912603457185,4.501668466445634,4.353453766427907,5.932584067315478,1.7327129441873002,3.997770727212216,2.404529218884059,-0.8739705557985181,2.8296244764776146,2.8056012781085995,2.4039869682152872,4.3647500277012865,3.0488916892973044,1.315401261743439,2.6832599313930414,2.2151070707230973,3.072281711426463,1.5676887829696342,0.1390503839702495,1.6667227262357112,2.7962485844435117,3.556378807187344,0.7671258235262268,0.5256581577386961,2.332248797350353,4.4586491351964135,1.66845388268913,2.381791169235904,1.72876258138548,1.7696614030711861,2.5625084040637427,2.115964359584092,1.5131447272607712,3.3672682640188,2.460354421697189,3.501517751178329,2.0259453737680566,3.2430967638823684,3.311333442676913,2.888644820232881,1.523814030034627,3.723064061145972,-0.31849907547907136,2.776442666407699,1.8250198352231815,1.6619492211741727,3.416549638219197,3.7387934559460225,2.9801507926992254,1.841725061228092,3.072928247024646,1.2015540747684152,3.2270266733569253,1.4783178580364429,0.6529593930642372,1.5322194740713995,1.90233371972629,3.244147785470304,1.0314065993796548,2.675084477057559,1.2645926142855577,1.5149451096549804,0.7708113444738243,0.8483525963946694,1.8611133376310216,1.1828299452003963,0.7167217804031545,1.6704504931767958,0.9724532006865285,2.6280355963399784,0.0236364301895029,0.36132164076256945,0.8268153487998178,2.5652114100429797,2.675666594309888,4.02726079612011,1.1988277123948876,1.9739401983386338,1.278644050738742,0.771604689445509,3.6448647813752486,1.9040505777509318
79,1.1043438366013314,1.6331487662957416,2.4314353603601204,0.8569442945486432,0.3144961276676934,4.119850007124967,5.428721583169994,4.259498022297867,4.247605407631634,5.822497436666714,1.6956871077474025,3.994264068580582,2.7479084691899267,-0.6599354435013733,2.6274182026309827,2.8707915692345805,2.1948107357314433,4.415923309766031,3.258128968864575,1.4178035707962837,2.4522070997107033,2.3131455547793447,3.019920985524185,1.5380963459667518,0.3876311119005824,1.6542122976458402,2.443909849416469,3.057016622573075,0.32051656324924105,0.7385145447248674,2.3381254238272273,4.914363906922903,1.5823594129380374,2.0553653546010633,0.9769307418603069,1.5506501690012282,2.7948321349846323,1.872224101432991,1.1452178025640727,3.2707860247520664,2.52369513291113,3.7812645713147557,1.9687604075700693,3.198334786270981,3.0289275329655503,2.728757606061337,1.2745043205488495,3.733225466362769,-0.5400532779348202,3.4263885556921685,1.69249858770476,2.1503003623451,2.936774104709978,3.5905748024475743,2.7004111879657504,1.571538122718691,3.6912928620384955,0.996970369835791,3.394669561621106,1.6199820607705298,0.7274283374451768,1.831084067753679,1.7964083850349628,3.037774128353308,0.7441981887484028,2.62542327076008,1.162282095199195,1.4190276235524495,0.8069976513341903,0.7638558524485582,2.0706777920282433,1.2141454107078076,0.5740680538147247,1.9048599541042655,0.8422231463479521,2.6609393987404664,-0.023802510829011414,0.3556002982179509,0.7326537763143621,2.4783950078055925,2.609023397878018,3.4455996232751493,1.985403675956101,1.5818322262485456,1.3814059806389247,0.8405980132734481,3.4347994403125943,2.2325843797410263
80,1.4668071079855505,1.9845073985339026,2.3599054857652724,0.7894192579236244,0.26667638891925716,4.3343527563016675,4.605001288261567,4.453485990073569,4.197437018999262,6.1804228490212285,2.0983758152943226,3.309135375824887,2.563579527729316,-0.7435209286150886,2.406516600476854,3.308221775317538,1.9870035786879505,4.116744008971235,3.4822496094177646,1.4562264337826365,2.734085062228778,2.42498431447985,2.885769245085324,1.626081337849092,0.23720619163839185,1.5809152999154543,3.02264341106946,3.6624579843860277,0.996156628165304,0.8037291870130961,2.1514166510229753,4.92511948611951,1.5829990322647975,2.230063908724664,1.036046962368456,1.5750053596523983,2.5642566928990203,1.5209914272744982,1.4792649688638115,3.366552674518213,3.1843502840734272,3.198612625244248,1.799020657121104,3.0331291819916983,3.082706542853118,3.1977746890790337,1.108458608757301,3.601033799980884,-0.6146435811916855,2.837983915513912,1.844418023306813,2.0847851933286243,3.0940471098376054,3.7471288404329433,2.6961107735847993,1.8877122846507242,3.023681546848275,1.3429338354989655,3.5016767518631795,1.3759288800189382,0.8164713183702237,1.7848350795384111,1.8196448550099318,2.803404310777123,0.7821838378023909,2.974970350228684,1.289844026429392,1.4028454750746926,0.4278591224523973,0.919840132027672,2.0658748544777517,1.6560472789084475,0.6863006372710614,1.1791860532093807,0.8150874010802474,2.6910871268860843,0.16809394670267563,0.577384724641133,0.5606023755570186,2.637304960835195,2.796888843012458,3.0535283956169454,1.6431863849672474,1.4946315426943024,1.309791444077653,0.9007752397506603,3.6459257136144725,2.2108436320685634
81,1.7967428637804068,1.7780376594491858,2.8949280966904123,0.37092713729766147,0.3469091396392887,4.091555379439901,4.7973548747666,4.640805571588588,4.038046730605624,6.523067788655173,2.178641507839031,3.8210523068864006,2.3911988759190974,-0.8101178430135376,2.118035027238858,3.043005998101874,2.048449481349695,3.7838819423867465,3.324893180610478,1.5436068859785361,3.084611849725698,2.3742165692122614,2.837862790168993,1.6834672227363905,0.1926700037324789,1.3814536672226325,3.152179020727002,3.1369775441320185,0.9136931189194981,0.5662224066936734,2.430068477507092,4.472728879037258,1.7121814731729106,1.8432263199268286,2.2080548340078088,1.6170846368851617,2.7146779880709277,1.605969471642248,1.6077979455477014,3.7607545287237296,2.4088411997316967,3.248909476420352,2.0234811460483577,2.9664392703909295,3.016183313450504,3.107048777715162,0.945492593385076,3.955170232833181,-0.6023872934216862,2.890871771112673,1.680878655784668,1.823761555504392,3.5289350542174085,3.1028038593941996,2.5625962201569354,1.64125597147081,2.915665315379465,1.2499375012046927,3.5746464155802986,1.4055635494268757,0.8470527899048129,1.9005386770765713,1.7604505636798453,3.254889038046971,0.9544783977379303,2.9667837682760716,1.5169958808767836,1.692469054216305,0.6826122311368712,0.872356363602183,1.926286518523761,0.8895921107446063,0.834620093100827,1.320361043588895,0.9475278910530527,2.642011903606744,0.027353334474931046,0.4671760205874196,0.5737597360817277,2.760711728528161,2.917326221587401,2.7643392916361664,2.046398872789031,1.313875727502057,1.2663455281209854,0.7793249958985023,3.5572917408083695,2.2501707754330385
82,1.768298878681088,1.9378829774576203,2.4237666929399446,0.5110107972057,0.3875285957730137,3.6222667527539776,4.8503787066118305,4.906299805035408,3.9705601626279945,6.559836806277635,2.2483805621759605,3.7610816072458864,2.5391824703180648,-1.0095508407175846,2.2789658556952377,3.2613015442997746,1.9630360946459482,4.425914806083392,3.118965758577345,1.6195085779827483,2.529102122141767,2.481212292754338,2.997207409345248,1.6756976046434902,0.3623576476199677,1.8481654811011703,2.912510159550975,3.853497246405604,0.9374186344393787,1.1721974195864457,2.2856781761905745,4.57949311974449,1.5637522205019896,2.4090259951078754,1.7007250773062752,1.3613160258324308,2.536126573223176,1.618226423231436,1.2747795627473888,3.49069001228021,2.6541822556407957,3.042977972008595,2.1811233853513956,3.7353576332183276,3.4168704853698855,3.3338344891689404,1.031292176044719,3.985532258285424,-0.21656914081751721,2.5959485500376127,1.595682711988864,2.1360776076504444,3.2954540696700185,3.5082431742457025,2.5148948890233016,1.7151769040734355,2.9684216170877518,0.8981059356121712,3.3789634553016072,1.321778324946977,0.5720153364767915,1.7768697221265322,1.778202663337937,3.315672403290535,0.7529551132633007,3.098068050402884,1.51230893010728,1.5178898645687267,0.43176731658599987,0.9295649500017595,2.2584165732647907,1.2656904687994672,0.7592144570358691,1.5701137550975304,0.9147360708177601,2.742099995624298,0.2255563671301064,0.48742766211274,0.7326352959854266,2.4343389502266035,2.8721446282414367,2.8452800653965364,1.8157375654516605,1.6643941970135687,1.338057550340412,0.971884777505986,3.6051119170736032,2.1601632795552215
83,1.0109573635880467,1.5820740111121967,2.706662071772953,0.6360977989697567,0.38312854234911975,3.8259613995642314,4.7443482658415315,4.868967479122599,4.22597586883574,6.547357674318,1.8403632858429455,3.80536793391708,2.4566084238596426,-0.88550095971782,2.514830446338909,3.0253668352034215,1.8902303245701715,4.192949355138232,3.339801195521768,1.6676891918486465,2.4922506776530087,2.2933952920176695,2.762266683195881,1.8356111064416398,0.38882282232866894,1.8463006997070943,2.585740014731201,3.6422226022805053,0.7404921786562535,0.6647640195126083,2.3689004953763124,4.780300763774002,1.4151619068945132,2.1997693326803525,1.6869369304551562,1.5645793364250473,2.660528124644453,1.7446461470860806,1.541403102056846,3.297981956212957,2.7005331504178294,3.253656664629238,2.4349340300975717,3.479498144392438,3.7651944631492906,3.2214568449844743,0.9521773024763676,3.950619568507843,-0.4611911290044852,3.038177255856536,1.760873063606097,1.966473707040155,3.333626561985448,3.8334116577411557,2.5460375324718405,1.73640317688829,2.663132967094776,1.1004137575027966,3.4589561359345957,1.583439987892831,0.6268265184874733,1.7078497073210452,1.9838288273587577,2.923508854291925,0.8715894023258176,3.040925304728435,1.208204405081836,1.5800363643488167,0.4187332147341243,0.9570008449110976,1.754337525632109,0.4478190503051258,0.7427680767154771,1.6184347127772738,0.9650377312085618,2.5731180033403764,-0.05154350900711058,0.4488266513792961,0.9004379867224688,2.7336596306192957,3.057327299280826,2.8007838940099767,2.0054873898024597,1.6195031163882627,1.3578197740480649,0.8899755823812727,3.2929594759597594,2.1720561069104196
84,1.6135821811823199,1.8218579581995915,2.5116529471243427,0.7912966421987001,0.17152673627500925,4.093345540491911,4.6854740798189605,5.121491765866528,4.05544033709057,6.60783683899693,2.124869558781071,3.8190234841635045,2.5418788026064645,-0.720423632903173,2.5609235133762844,2.9881304280020604,2.0407602262374698,4.085363587627778,3.0336925176140737,1.1688674687827216,2.6180689713789094,2.159640464660785,2.9277412808297743,1.663816721590602,0.17163927485976416,1.4872142507580735,2.9128432037254086,2.8726079380795433,0.44636483913728353,0.5641075176416631,2.283102103439408,5.344029234558036,1.677188197419261,2.2838327963418648,1.4280650050956507,1.4889792789536571,2.7419172780657677,2.1955910150106157,1.7061844559267216,3.406592576037751,2.5025712792555295,3.3529993736083625,2.2259273255087226,3.895140472251604,3.118534669896257,2.989800684959893,0.7249493976346943,3.9252504446244174,-0.9158599033646313,3.1191977523646868,1.5637826777026826,1.978209331731714,3.0235549942927773,3.330058649037624,2.819329399548603,1.8417617643088917,2.3005554507695214,0.6287345920516886,3.108421886588884,1.211752235449973,0.6872844944593298,1.8766578339186037,1.9683043225080086,3.2971955377613713,0.7533887812358424,2.892640169827315,1.5831985429645006,1.559612763988033,0.355797960411233,0.8146205358918747,1.9797155713539882,0.8367151532220313,0.7406045190677211,1.8897118961677992,0.8833409898434623,2.671158303885246,-0.20876689344978883,0.248444980768307,0.8012419790218774,2.70528118132615,3.1427968654200225,3.3219767179806077,1.7309706798217883,1.567654477592717,1.37020785137008,0.9115173980989455,3.0744559768529127,2.1897999893259077
85,1.5134084224310391,2.1791565243951068,2.624204712561224,0.8682810185988055,0.443762184617873,4.179510930575094,4.611764421921294,4.178260136582488,4.0585297853923885,5.827831125074969,1.7818829624198722,3.6830176023192087,2.5155748725000224,-0.8064679242079021,2.2854187931654923,2.8068857977176194,2.029565928032211,3.707167178232069,3.2764334320406743,1.4987200109893073,2.7823314788778086,2.3891028491814708,2.9755990705706177,1.5918900159879539,0.14695523897926765,1.828300295524183,2.7968825711203733,2.9962321268767047,0.4160949427240297,0.38078015960236344,2.155525367419809,5.443165759233071,1.6094122891283753,2.157537702486798,1.2000435416524438,1.5961454373093766,2.496631842186625,1.6803392031619637,1.702504129641456,3.8076136828364637,3.105480358906375,2.936151575227189,2.2831542829198472,3.0220391965945965,3.076235135594719,2.9535996966879354,1.5962284548371077,3.6830124529428407,-0.6154019292758671,2.637349686972036,1.4433673201069661,1.8405763358990201,3.3993947581967037,3.48417037674077,2.4632562319991997,1.6661134278731595,2.8283560042944877,1.1815591342189151,2.8834746984437136,1.3021057898058739,0.6924860216099691,1.342737420572,1.9278321612404112,3.268395520386089,0.8089201502502952,2.8535765131683815,1.1176067412664177,1.5100228443361052,0.6695460821138841,0.7815818989508381,1.9710835126124695,0.6811915913546596,0.6166226719870351,1.7701413213405122,0.8278977250776434,2.5636525977440234,0.01698394545224513,0.4843838546767837,0.6481409129796729,2.7575694142135716,3.2077693576878734,3.4859704763862,1.5666435726855,1.9477083911059512,1.4206303753567648,0.8836436406689062,3.1800523980000897,1.9820158956469733
86,1.2538862599957934,1.8370640987293867,2.5078763125028436,0.24637622535076598,0.4674445182225626,3.9410964928999177,4.873826231097062,5.3316431089775875,4.020852681604585,6.27828625551644,2.2506873211848775,3.7444991040311573,2.475138262935686,-0.7842845080309198,2.168611705203956,2.9285021480138362,2.491595479782124,4.173015133089834,3.0312976721005516,1.7498877051867021,2.6786637068973027,2.300365033191847,2.945232777279163,1.7633150575309051,0.49009664673224496,1.7540857603857936,2.815044965484967,3.4005949266185382,1.0592478003255539,0.6304795622510034,2.663695374424095,4.563279690697922,1.883765746982439,2.419687149988836,1.2008109357933328,1.7300904849044794,2.604862239216754,1.7532336774618853,1.5076697610114458,3.7193888370971053,3.049139758958305,3.062364539322641,1.8568547213004774,3.2810929321650355,3.1334718664259977,3.127726616579617,1.592803789242398,3.69894036959042,-0.4699090097205241,3.004959834862566,1.7150909840486745,2.1132375496026534,3.5225125406626843,3.6979487677296206,2.514719734979133,1.7551435684434142,2.831604773678485,1.233225986785723,3.280359963473025,1.532497927482562,0.8275716682622745,1.905412160856819,1.7965660293623422,2.9422646680619424,0.8682506049645267,2.869998099256975,1.4766723441518455,1.6039830686421195,0.52506190970505,0.8448754531726477,1.9811691850272315,0.9164786085291161,0.7707712620469269,1.504954569193215,0.9452603157082953,2.9187843410174796,0.011784181617627398,0.5181474459200004,0.8427609923106437,2.8202391098214354,2.369499395114573,3.112985480628131,1.617872785610974,1.6013640079937668,1.4962743319625065,0.7716862179647769,3.415902046686228,2.347560937109586
87,1.1418378899771664,1.7593268079874518,2.4797336342701666,0.8311671911370255,0.33038206870981246,4.135223633987006,4.819610103516506,4.68296584743187,3.9284999825163607,6.066278047982709,1.5131761373388193,3.764738761305608,2.4247499516073363,-1.2036426483726257,2.223097307064223,3.217684615441987,2.157976873654082,3.9680893017680887,3.2103643981293715,1.1681901328323527,2.714142621135248,2.295275316301512,2.893585006904115,1.5198167232587252,0.15208018948210578,1.4013442223596093,2.5424070389922804,3.734563445135308,0.7993781102465936,0.5827296224365603,2.1655113167005378,5.087580591627953,1.7519461371188387,2.3652213604482544,1.7189811236357546,1.4785101631336368,2.5578126053670704,1.5305390457667531,1.8575342183063972,3.5862681680644917,2.8390349580175784,2.9020063939563334,1.999843154249508,3.2986126491133945,3.092273270481713,3.1332749426635362,1.271133886936291,3.764340245652859,-0.40244616864082183,3.070422824159568,2.0288002138003245,1.8311939575883882,3.3427882655593093,3.4533061028654757,2.6990942162708693,2.0268717440063684,2.885040479936516,1.1685894970151616,3.1376558819743234,1.1901673861517237,0.6572044511075732,1.8380377427884023,1.6844799244012703,2.754623177457446,0.4247594963194088,2.6052267907658777,1.239132824479086,1.5721704085569028,0.5928472054985923,0.8613753535300546,1.4513353482134104,1.0221172421373084,0.8587168563728449,1.4034649438311102,0.9504704463449163,2.716004550334006,-0.44785824904075255,0.2607810957927743,0.5736914789978389,2.894782813869604,2.6343536602748734,3.848035375006318,1.9391411654015758,1.9490466144061247,1.3823637045934807,0.5922707702530805,3.7037490991171436,1.9048575284105103
88,1.0717783947109214,1.8519976771355002,2.5797237079297615,0.7829081963176332,0.2952508378364156,4.061625081668874,4.204475134759636,5.067294890739749,3.639863328656908,6.211095325565043,1.8533413564063275,3.8159013515723963,2.2590302160472566,-0.7303647342525829,2.461394849155658,3.1585983072919324,2.3620585185689746,3.647852410040257,3.257992537773929,1.3758487270101667,2.3787710442250596,2.4079038149246172,3.289881721771878,1.6337527565833607,0.12443658012157721,1.4831325207725314,2.9571185707721273,3.0043722324324325,0.6755374924914301,0.7819735041842721,2.656713332059505,4.399944839273574,1.8498415770316141,2.3653517442211465,2.616708666667449,1.525845243580234,2.878033678047733,1.5711516722672378,1.7932799757341882,3.967012710646381,2.5536682518308034,3.5224940085004834,1.8869869151418428,3.2142587169925463,3.260996544696358,3.396694400392018,1.3848759065253091,3.815185895683038,-0.3920663201090919,2.551082946308455,1.8895736154893086,1.9275918492143393,3.842682403126162,3.3860380577753078,2.623200135634167,1.5790000949800986,3.604640388838336,1.168220336110158,3.038509064416549,1.2509835289556137,0.7634136080770508,1.6051659844859105,2.08198834566891,3.20018679694688,1.3229728960604772,2.9147863312816495,1.4993323673669272,1.4566216685035709,0.05742506829641991,0.7652896733612436,1.663694451422118,0.453263537389776,0.7486752614173537,2.0155665355380874,0.9584731144456144,2.5667717500797904,-0.14799906635400095,0.47353486332550787,0.9630757301276479,2.948791738776701,4.048789647771391,3.8858673435848514,2.338950729276938,1.8122134767074178,1.1843466414994492,1.0895017061131451,3.7533146704214495,2.114732616911401
89,1.6286173166517748,1.9795399234907336,2.64895826804994,0.47746847651461044,0.3882958399000178,4.1202449762461,4.590447624799479,5.154891179834024,3.6165362186199497,5.964741485374263,1.9823904986642442,3.6684523597447622,2.3138580973854594,-0.9425785664865598,2.306223639861214,2.8735395620394657,1.9929287093137562,4.430388426671211,3.0978138204089576,1.6461712054270556,2.5234280247935965,2.298805184176303,2.9789289623014756,1.6724210972283617,0.24409423757505033,1.8534315019148042,2.4437797371331875,3.6304534358516074,0.9843188968616465,0.5092394722502125,2.4374392863824155,4.900781334791695,1.5149954315223462,2.2288704329984625,1.8901827412943544,1.5525063878243917,2.973783933296086,2.260145785318995,1.4676053576501653,3.3447142151524574,1.8389616883567066,3.2859193002246556,1.8152455097728781,3.379736592995199,3.341596249269616,2.7944323615214275,1.1138139142069496,3.5868845247015524,-0.813701403043637,2.6695625610013676,1.7645709099805271,1.8967550800190383,3.191162976749413,3.527890789223667,2.6748963181908474,1.7929526732048728,2.917364390831837,1.0760476534176928,3.1506839240732614,1.185968126570121,0.6937495597750039,1.972454203348191,2.101324338735429,3.0046947076415096,0.8172704305120947,2.5172038652783666,1.2750251119075093,1.329616016893018,0.3353899909247662,0.8598800616810158,1.6646864923471105,0.8419565725034375,0.7717592499904078,1.694411977150668,0.965892604816327,2.8467386197958082,-0.09027495692278631,0.358475582768395,0.8437348731901567,2.8356753207738254,2.373933264375163,3.239993908432881,2.1922360942233055,1.7091233200929659,1.435082218584762,0.9466988143854164,3.2602127046522944,2.20060630303641
90,1.554200807207733,1.6899877867722448,2.6660055886069554,1.0667669798160462,0.30822573433008715,4.133770183892022,4.718141974272841,4.870771971195419,4.226515846670404,6.1408086579051755,1.6508133031311014,3.6189168781852983,2.534558550615163,-1.1950341415097778,2.1671398960312773,2.9975454630805385,2.1495371981835207,4.255873073460009,3.0237385254914724,1.4014714751370385,2.7324010799142764,2.2931623476847767,3.272204564208552,1.6140018447606244,0.1735089663244942,1.587105155230343,2.707374446342349,3.3148355632025814,0.12332535839603631,0.4881578728292526,2.1946578952228895,4.738770569489874,1.510473330403014,1.935948629773724,2.2100968526304805,1.4585202892734679,2.8475098871009727,1.5463440249408482,1.8973113360715543,3.5519328273684874,2.295608235575256,3.2458331409459804,1.640487958498563,3.484765466445839,3.101948174044408,2.9961771659491516,1.2737081523528457,3.76741960832247,-0.5333634239990817,3.140890923161577,2.100192470030851,2.043741560173579,3.326810138181879,3.763379082631232,2.6247494084011778,1.676893644533433,3.3779424065189505,1.3961954675662267,3.0752373300434668,1.338428313050402,0.6795322408191224,1.888558569190915,1.731328888300898,3.6051856641336317,0.5552089348896774,2.768279810381541,1.5663213122613695,1.4970651760479354,0.3328980438948057,0.686797786190679,1.7464601991835376,0.8262947031327401,0.7836051664393398,1.7258582888558835,0.8587800213302592,2.4121106778041006,-0.1881717938271883,0.04627459064034056,0.4875252247013444,2.8113465027135724,3.23203251351297,2.9004801329359178,1.5898475372126801,1.7914890361172482,1.3077271557567558,0.957047179701912,3.349724008831855,2.238466301346701
91,1.4422332624991658,1.7380242705789657,2.489062508729063,0.7554781926814509,0.6134120489511214,3.701020235489485,4.4322709907037305,4.178222784886178,3.993165299483701,6.347232501320782,2.1071599885736436,3.913200700317084,2.6892885228447416,-0.9764398915599537,2.0210862074362375,3.128480888754317,1.8912120933160135,3.9262199110302167,2.9536518067834816,1.5834722307108606,2.6033796953547723,2.438101111428622,2.969927338148441,1.5140094989759723,0.2741753697252616,1.8637501770954015,2.81117565922467,2.4978552385105313,0.7450624928670235,0.8286240704806787,2.2758995281268835,5.120211439582272,1.9823751602882491,2.214060109725427,1.4517534497288187,1.4885045502497167,2.4843485754109604,2.5401963584071283,1.6230361838391927,3.477238214416377,2.6068029385352105,3.591256075690624,2.4351957973381637,3.2898074922654823,2.8594102156484866,2.7283570886056197,1.114724950691359,3.9239012752685354,-0.8785583736930974,2.857595085673082,1.8305506433593575,2.027786264816436,3.1373599304456365,3.507321991901644,2.629682137518758,1.7742608052268185,2.635980451614012,1.0154876376863764,3.236311123202686,1.4488784764478027,0.5888415416652627,1.5283934906328904,1.8715716801506752,2.733092424256595,0.7616077879042771,3.0245636070114434,1.6336612451665524,1.6417782490332284,0.6026150192233053,0.7402206766103986,1.9780045927484942,0.9764272039738009,0.5533952420166545,1.7472247975518571,0.8800501861608927,2.490801152779418,-0.15499863496263888,0.2941451481086268,0.8158163972349235,2.508562308263933,2.9910180007880727,3.3146704990693587,2.1702425485635066,1.740823752973781,1.412975407596229,0.6771776230733564,3.754751937563471,2.292896107948536
92,1.2567975388641344,1.3046957676632853,2.7464106925271823,0.6640565954192856,0.22737896731872498,3.974919302077975,4.651769761957878,4.209352679229324,4.13648623090406,6.083988677980574,1.369226273520887,3.9692887299135458,2.1557985191111557,-1.0822330528914144,2.210011723604511,2.7733244665094023,1.9363482998719115,3.6099617670842052,3.0770898466354275,1.4435447321386081,2.6468417452339352,2.356125966695232,2.8163623225989474,1.7602904870058549,0.26492434641272355,1.6624652824735224,2.3961144539004944,3.470812847655,0.3714199761461434,0.6013319779146039,2.4404128956328366,4.952057373957537,1.5761187157907939,2.211443273589822,2.2926276811181023,1.501139335796375,2.6242643707627993,2.1586081952575786,1.398139500366684,3.4604060656840128,2.244533569790235,3.3350018069578256,2.187810145507296,3.44970465960513,2.977838855833076,3.1137810853190544,1.2214714415108947,3.7850300878363026,-0.19006335623150705,2.832758660963335,2.0458759156008055,1.7192166746412636,3.6545137272946198,3.625268755538065,2.2517513430319838,1.8605293034087893,2.9510712144201525,1.427093442724912,3.442973152427481,1.113524990865193,0.6364810005709473,1.276058840853381,1.9139935627100257,2.925543086644679,0.8657033682688008,2.9068135827986588,0.955502701583589,1.483536782061667,0.6820458481167337,0.8177792686855634,1.8696827287674198,0.9078791918869955,0.7374374941680186,1.5963391365713482,0.9373692131194815,2.556486043676672,-0.3011150198489493,0.21910424717036925,0.7004446123209943,2.7377131752998656,2.167521198201603,3.018807536436276,2.1351407205751283,1.8366370529029963,1.3343842933986263,0.7515269245565964,3.22614904530429,2.0958639196117854
93,1.3136456153069886,1.8566857238930146,2.4215387638013857,0.3690691931328671,0.2954958391233957,4.098627527228818,4.938736297935266,4.293347704783463,3.4448545782845894,6.502975381775771,2.0859567820271225,3.845490681087174,2.1100021955465693,-0.6381878113741963,2.4952139164738774,3.080029357205804,2.589486010294088,4.170992409064492,3.307592220350578,1.2506815341162212,2.629599930396431,2.308468603399846,3.2180758408450045,1.598537109038071,0.20578698854060606,1.587338268321164,2.8409514172134624,3.396991962334065,0.7012475582839768,0.45027933523037467,2.647188031484059,4.59074534975884,1.6645785753041928,2.039760993390164,1.8127712292377827,1.328269493754065,2.312409914601391,1.7327841772205916,1.2493941874860437,3.584888381729677,3.2307632658714436,2.8688340520303264,1.8691834925292263,3.518591609614341,2.935273986137833,2.7514236081684036,0.8793290489288972,4.0537455916600535,-0.15436867463349735,2.7346392190301816,1.7448801912574827,1.7807246754926283,3.4479348432693473,3.396616566341033,2.374671943742497,1.7988859130788102,3.001679777774304,1.335415241522604,3.2724811874551962,1.2602279252950972,0.7268819097719287,1.7456611788679892,1.952016081815194,3.6614977361072323,1.1125327613817104,2.709177562588472,1.3735489501151854,1.5354879608077898,0.5225554640589891,0.8823863504698426,1.9566185043139854,0.9501983852106775,0.7219468843310066,1.6133326379734574,0.8549768024180799,2.4062511265921263,-0.3701660828130984,0.7002854277675965,0.6788349022192275,2.6634961320191217,3.8296293003506765,3.5257986870487796,1.746237037744213,1.8464446252672955,1.1468797099025216,0.6246118511768148,3.129824336770783,2.19041140546277
94,1.2253175152313385,1.7538640340568614,2.530089235697041,0.34977540484702785,0.38591776977833225,4.230107789353021,4.449245075592967,4.215974821150814,3.9990363808322256,5.975371411022429,1.8266551226899512,3.8483916497834194,2.532251876260788,-0.9267720538466566,2.659981268141233,3.155331436020503,2.126586982143902,4.165533030423712,3.1377415726366493,2.0315942082184226,2.2164958678879936,2.4812830429459614,3.0639799797346727,1.5116483492787602,-0.0641517318198166,1.7553259102477048,2.7998133478008325,3.3361444702672656,1.0599335424286935,0.4999807920235184,2.2372079961816893,4.280979924462757,1.5766608198934837,2.3274129150923204,1.5007424637870868,1.5521227500412111,2.559295110550371,1.5736183211477055,1.8239217713565306,3.8108296227089014,2.5658624416970097,3.215017661843585,2.029775740945392,3.1314476381820677,3.0355633924824623,3.4465364288457496,0.8678946037645245,3.9638586489354135,-0.723430219402324,3.155902586484328,1.6178092855595172,1.595796894088266,3.5866252298107044,3.824025924732444,2.5959663131741793,1.9119274691528712,3.270181845425122,1.2895121403691152,3.1876465994340135,1.2846810883598885,0.7820443612995325,1.411386047044276,1.8951814075142337,3.570875496852097,0.947588368315102,3.2163353503493726,1.494807035293338,1.536274025040399,0.7026716151775216,1.0533060518196249,1.9009555310973085,0.8305584832888543,1.0393971601915628,1.633287211346963,0.9794794917060199,2.440005672498693,-0.051508840191905936,0.250000410571908,0.6122504973710731,2.7621337449009413,2.8893302824345737,3.4175210482266456,1.584097545102368,1.5821200787102685,1.3351684211497306,0.9617352209849147,3.3950662496803288,2.152058313272406
95,1.5983330710785628,1.5135508130462312,2.547477376524096,0.3632654506967896,0.732181310489142,4.286844508655238,5.058527979778434,4.763557388525998,3.857486822924413,6.384454531014841,2.10219353808287,3.5736875168019138,2.490286828536324,-1.2973903165512435,2.3299809727593472,3.0204581457023276,1.865894306265516,4.149017661264339,3.255166297799378,1.4560397781354197,2.28784183770881,2.33954547777869,2.9405773015145,1.4395129148288703,0.2768933843559709,1.7130138138340256,3.122512906068544,3.0989551678610328,0.9158275781902182,0.48862958996638906,2.4965720919069465,4.525725325981694,1.2529912375440282,2.095766643835719,1.0816164456800463,1.5010868740216314,2.3572221552542634,1.297903194527705,1.6881016731213072,3.5249585851627043,2.75426481596974,3.8946804869718887,2.2125003251809487,3.8883092725066435,3.53939721035802,3.081770831381572,0.7463224658453924,3.6863729398803877,-0.35578462826877755,2.9466332508851547,2.37073233988762,1.9428534358410503,3.7765149832827887,3.599066225941234,2.5295893905844253,1.7104167702845268,3.4390038942113272,1.0636388341203675,3.1514073929017674,1.5106747596195662,0.5637606423719388,2.077776509817019,1.9593097918032496,2.829034990258503,0.876047633468545,2.6783099676423245,1.3581518811082274,1.3586101937070545,0.8344067094300549,0.9733246889950394,1.0963279309753844,0.7874954605430378,0.5461054111323518,1.0375835119035048,0.7415936216509889,2.8454668480843077,0.08271691098886458,0.5225278255809749,0.9720107252537494,2.5729425612083006,2.8300393391876635,3.3355594797710415,1.9161187777444564,1.59597041896957,1.4093709169081605,0.9580458454530141,3.482739141837115,2.1153301853333786
96,1.4063065756558002,1.7266522248610925,2.4249303244693845,0.4252924256035042,0.5407572670686216,4.27954968539224,4.948683073639524,4.974508551925943,4.107328732941134,6.463504677983037,2.126373499443323,3.8129475667376855,2.347694768666949,-0.9459285011464567,2.3081067314995343,3.050878947717975,2.198236345484935,4.287289393459181,3.1716581192268425,1.3480220916452188,2.8283651783179242,2.4027801663152983,2.8705206802931906,1.6690406001518345,0.3741993569657236,1.6121080823396359,3.114785071519435,3.643769946266139,0.8265527811982583,0.5743295586463744,2.484000638741536,4.8599234089962255,1.6463552632574165,2.1545691496222137,0.9873001072902143,1.4700306629384885,2.8781419356456253,2.1297491178924637,1.6990380405568557,3.531054492860857,2.8296594998280384,3.2308553558266766,2.170866677745444,3.5669291253300335,2.8286311333787384,2.9219552470927366,1.0522689953695974,3.5838490216220533,-0.04912220194399963,2.489053609184661,1.5671144170254574,1.4861082530942717,3.64357079703101,3.918451050126426,2.625130233841253,1.6858672045789427,3.1489180114772255,0.7553231671941232,3.742164259360913,1.558005516702707,0.7316412600476279,1.5582444854988302,1.9623517263617245,2.892096947457709,1.0898465809242135,2.887972423014908,1.421955414072389,1.6986087350265702,0.5848939139177762,0.9304355676516256,2.177003089337404,1.2591943592277535,0.9362521678300562,1.6319894643585446,0.8029787544846951,2.7835501248492713,-0.3257837251078616,0.11561519491968819,0.6870635786673154,2.4888555030952775,2.5000438101952764,3.1075669906701826,1.8958184048834408,1.7163261917895896,1.289186448852694,0.8344731197178491,3.5521582505648244,2.2464326036468547
97,1.0747380901968935,1.702906351962188,2.458467307620167,0.468364267970388,0.4492642713753727,3.9890304694612633,4.05694945924979,4.899041356452785,3.7703303645167026,5.978010005167231,2.2582130822646462,3.667953615215637,2.552941404588757,-1.0071143496816286,2.6244098589075753,2.9289359394201604,1.9476092564721292,3.6126409837955156,3.0734490695043593,1.2069211601339331,2.854684494611279,2.3883422708255093,2.879031031967625,1.7897582734237452,0.27241855626977474,1.5194121894965456,2.562031732070966,3.84109664272384,0.3190002323785388,0.4244995251662613,1.7964053790885963,4.778311007454227,1.4513227507081958,1.863057197609507,1.1564995256409436,1.622973043195005,2.62237666844599,1.8783462874963455,1.4411245392181682,3.044209166412053,2.778944991423014,3.449926480895887,2.2484145392802883,3.159787773614857,3.2553271024836574,3.4003126816681535,0.6874867646525323,3.677096405023642,-1.0813484727027958,2.9274499614920138,1.7475442003551491,1.873544797277536,3.5004059759833965,4.016361679423841,2.6160564249613802,2.0844368588070807,3.2555498523460535,0.8575688531864256,3.1009771144905454,1.4807129196091193,0.6431799927063881,1.3372382867049388,2.02909944647657,2.6906578719647793,0.7821023578473778,2.540231180412758,1.0552477640865914,1.5742619809588014,0.5936812297454277,0.8163860563438722,1.6416699062341604,0.4478571615197886,0.8930731845541537,1.4710758050255568,0.8248311851093675,2.687768556410764,0.16240038180812255,0.08644185692622663,0.5784061596447208,2.889765618427604,2.4396356105493067,3.1578460963880413,1.8005729758312303,1.5366840763331977,1.2088912973169386,1.0578875067484592,3.3550729985947814,2.12701030538505
98,1.6110332823478144,1.561068317519651,2.7875287616653086,0.5302396698945591,0.40105448746776373,4.108535111231018,4.412908604279745,4.846563385805595,3.998592131465131,6.4612316144041815,1.8791577448300714,3.6393775549458525,2.4769702851501627,-1.1077274666009658,2.2910429661098943,3.1174359523016086,2.55102181052294,4.4285956997829246,3.4734604433184524,1.4919498043206922,2.5135080879242206,2.4002626744547397,2.874279514398685,1.7550951047569174,0.5959385066809346,1.630576310974968,2.537061123609786,3.627213697152231,0.9989946931973863,0.6269178867571272,2.3227024463828325,4.388180481735062,1.4851016130656027,2.2630238048631375,1.3216328249127778,1.6589082545893448,2.837880294737511,1.5073722814587818,1.262385573506896,3.353628873078572,2.589000821560641,3.136869907434103,1.8624159742767463,3.2647445138175177,3.0194371366967516,2.812576724641759,1.524743254525772,3.7947856347083437,-0.36507779755224434,3.2398836081108757,1.8447115217336878,1.6664428442952273,2.9520866794050153,3.4414105340756023,2.37304779261204,1.7531108326212281,2.824538171866449,1.3171223211061467,3.2854345357297166,1.3026167996765772,0.7433102412917039,1.3954489277579434,1.7237124070271634,3.409460405297664,1.1503125438003106,2.748747962381832,1.446447191418569,1.552595866165724,0.7491938485653455,0.8569694701676636,1.875274529481206,0.957556136884067,0.8554974864202243,1.5648178862978204,0.8710960723740002,2.3184335778166876,-0.35425689437239205,0.29675498611830453,0.6186249471215497,2.551180380754743,2.9218454551381328,3.538164903179203,1.4581629805006069,1.6402369731803446,1.276087294670471,1.2065379824207598,3.2483283900101103,2.2207058627323826
99,1.3215728065396672,1.6815075863416618,2.4662124964855803,0.8169448269076547,0.6459785651681086,4.03991349835822,4.317787179185,4.842515771534181,4.050399247808889,6.458046241250362,2.334926293158922,3.7131432706616057,2.4904741113332554,-0.9149455460501037,2.0365853366415703,2.906026894103879,2.073015381454796,4.061084462983217,3.3004226957568283,1.3358858156662592,2.8858537982312056,2.241544857730691,2.9047037541637506,1.6850245205702397,0.33573252161781797,1.611488385967936,2.3947966615004344,3.1111871723190956,1.391620725260593,0.7120374031952852,2.4585987146305364,4.481747405615135,1.8777315762845253,2.2197120027271806,2.2726110585715595,1.5136198758997623,2.4821952436359505,1.9435131747178587,1.3649130634287392,3.560029718970949,2.562332084679932,3.4792695623900967,2.1510367159625656,3.6790197102750013,2.81882480159792,3.2577397421712213,1.3181734536773306,3.741396025393345,0.025658309279325664,2.7150321467421787,1.8531700885895153,1.7676397257713212,3.472731650975021,3.443756183515797,2.45337752338884,1.5596879682081635,2.653937109404885,1.4031464895010428,3.209394397359722,1.4421815848260184,0.7262034891905902,1.4562799612848236,1.9782715772800903,3.358567643217873,0.9736835995087103,2.818966736730312,1.4634538086964344,1.5758943242514203,0.47856206032054294,0.9233737262640686,1.856402189983707,0.8533784829882808,0.7871010753195319,1.583264345691908,0.9545694201319126,2.712090616668399,-0.11018647283057525,0.48219045287791173,0.8811982232346365,2.7773299113256606,3.255810610380871,3.1065315701306133,1.7997188116225016,1.742457058947071,1.5348908420191951,0.8290496398627044,3.711732284622842,1.979573023686482
100,1.5276690983252248,2.1044759452037685,2.648103883364088,0.7818036640785275,0.15872757052767383,3.8382899945839593,4.336056619378356,5.250299201939336,4.18839923078473,6.464599863189025,2.0393597339486296,3.7054428110571593,2.7095667305942697,-1.0636110610067504,2.2747728918531234,3.0858517135858086,2.0819442237349075,4.075669522446397,3.3577199229617922,1.540934814432465,2.6625341236917555,2.2865386336125955,3.211293300897407,1.613992476771662,0.2829784161662636,1.7049504861335616,2.8701488551077095,3.2696750703890514,0.7473512734114587,0.7714502596005524,2.39699432247963,4.945897184539563,1.6730132560225854,2.211341238990336,1.5357238049893038,1.4228677629350936,2.6839109523387954,1.8863934332582224,1.5078097956627077,3.5030689858806587,2.4654868441261972,3.415757222317796,1.8748750622198673,3.3365410953873145,3.2324737386017075,3.312030461141175,0.7519032650065163,3.9840435775308203,-0.5175535438020633,2.994757603147212,1.8709379430873339,1.8663923266936449,3.079034973651665,3.835834136234789,2.3391124678694526,1.8465637504980026,3.2861633841531357,1.0260269428790585,3.1706147057759457,1.4376434812253396,0.7431807100834451,2.128392065873374,1.6706469829631967,3.406311412930175,1.2925195284707531,2.7821928479990192,1.095408108215085,1.3453286213592537,0.8003509367794135,0.7604240869083918,1.897734960092262,1.0010155407519328,0.49283402915830254,1.544991220697519,1.1046045271870488,2.728051276525809,-0.15764404996339132,0.5552979013269186,0.8353997279915033,2.6028775259176373,3.2773600053505723,3.4214078885662973,2.168168871120127,1.6772925316647718,1.5415806458501817,0.6200586162599611,3.7812899917793654,1.953935172694137
