File,Variable,Description,UnitsOrCoding,MissingValues
data/figure2/Cold_cv_contrast_scores.csv,Repetition,Source field Repetition,"See result map, source variable name and analysis script; no additional unit assumptions",Empty CSV cells and NaN denote missing observations
data/figure2/Cold_cv_contrast_scores.csv,Cold_001,Source field Cold_001,"See result map, source variable name and analysis script; no additional unit assumptions",Empty CSV cells and NaN denote missing observations
data/figure2/Cold_cv_contrast_scores.csv,Cold_002,Source field Cold_002,"See result map, source variable name and analysis script; no additional unit assumptions",Empty CSV cells and NaN denote missing observations
data/figure2/Cold_cv_contrast_scores.csv,Cold_003,Source field Cold_003,"See result map, source variable name and analysis script; no additional unit assumptions",Empty CSV cells and NaN denote missing observations
data/figure2/Cold_cv_contrast_scores.csv,Cold_004,Source field Cold_004,"See result map, source variable name and analysis script; no additional unit assumptions",Empty CSV cells and NaN denote missing observations
data/figure2/Cold_cv_contrast_scores.csv,Cold_005,Source field Cold_005,"See result map, source variable name and analysis script; no additional unit assumptions",Empty CSV cells and NaN denote missing observations
data/figure2/Cold_cv_contrast_scores.csv,Cold_006,Source field Cold_006,"See result map, source variable name and analysis script; no additional unit assumptions",Empty CSV cells and NaN denote missing observations
data/figure2/Cold_cv_contrast_scores.csv,Cold_007,Source field Cold_007,"See result map, source variable name and analysis script; no additional unit assumptions",Empty CSV cells and NaN denote missing observations
data/figure2/Cold_cv_contrast_scores.csv,Cold_008,Source field Cold_008,"See result map, source variable name and analysis script; no additional unit assumptions",Empty CSV cells and NaN denote missing observations
data/figure2/Cold_cv_contrast_scores.csv,Cold_009,Source field Cold_009,"See result map, source variable name and analysis script; no additional unit assumptions",Empty CSV cells and NaN denote missing observations
data/figure2/Cold_cv_contrast_scores.csv,Cold_010,Source field Cold_010,"See result map, source variable name and analysis script; no additional unit assumptions",Empty CSV cells and NaN denote missing observations
data/figure2/Cold_cv_contrast_scores.csv,Cold_011,Source field Cold_011,"See result map, source variable name and analysis script; no additional unit assumptions",Empty CSV cells and NaN denote missing observations
data/figure2/Cold_cv_contrast_scores.csv,Cold_012,Source field Cold_012,"See result map, source variable name and analysis script; no additional unit assumptions",Empty CSV cells and NaN denote missing observations
data/figure2/Cold_cv_contrast_scores.csv,Cold_013,Source field Cold_013,"See result map, source variable name and analysis script; no additional unit assumptions",Empty CSV cells and NaN denote missing observations
data/figure2/Cold_cv_contrast_scores.csv,Cold_014,Source field Cold_014,"See result map, source variable name and analysis script; no additional unit assumptions",Empty CSV cells and NaN denote missing observations
data/figure2/Cold_cv_contrast_scores.csv,Cold_015,Source field Cold_015,"See result map, source variable name and analysis script; no additional unit assumptions",Empty CSV cells and NaN denote missing observations
data/figure2/Cold_cv_contrast_scores.csv,Cold_016,Source field Cold_016,"See result map, source variable name and analysis script; no additional unit assumptions",Empty CSV cells and NaN denote missing observations
data/figure2/Cold_cv_contrast_scores.csv,Cold_017,Source field Cold_017,"See result map, source variable name and analysis script; no additional unit assumptions",Empty CSV cells and NaN denote missing observations
data/figure2/Cold_cv_contrast_scores.csv,Cold_018,Source field Cold_018,"See result map, source variable name and analysis script; no additional unit assumptions",Empty CSV cells and NaN denote missing observations
data/figure2/Cold_cv_contrast_scores.csv,Cold_019,Source field Cold_019,"See result map, source variable name and analysis script; no additional unit assumptions",Empty CSV cells and NaN denote missing observations
data/figure2/Cold_cv_contrast_scores.csv,Cold_020,Source field Cold_020,"See result map, source variable name and analysis script; no additional unit assumptions",Empty CSV cells and NaN denote missing observations
data/figure2/Cold_cv_contrast_scores.csv,Cold_021,Source field Cold_021,"See result map, source variable name and analysis script; no additional unit assumptions",Empty CSV cells and NaN denote missing observations
data/figure2/Cold_cv_contrast_scores.csv,Cold_022,Source field Cold_022,"See result map, source variable name and analysis script; no additional unit assumptions",Empty CSV cells and NaN denote missing observations
data/figure2/Cold_cv_contrast_scores.csv,Cold_023,Source field Cold_023,"See result map, source variable name and analysis script; no additional unit assumptions",Empty CSV cells and NaN denote missing observations
data/figure2/Cold_cv_contrast_scores.csv,Cold_024,Source field Cold_024,"See result map, source variable name and analysis script; no additional unit assumptions",Empty CSV cells and NaN denote missing observations
data/figure2/Cold_cv_contrast_scores.csv,Cold_025,Source field Cold_025,"See result map, source variable name and analysis script; no additional unit assumptions",Empty CSV cells and NaN denote missing observations
data/figure2/Cold_cv_contrast_scores.csv,Cold_026,Source field Cold_026,"See result map, source variable name and analysis script; no additional unit assumptions",Empty CSV cells and NaN denote missing observations
data/figure2/Cold_cv_contrast_scores.csv,Cold_027,Source field Cold_027,"See result map, source variable name and analysis script; no additional unit assumptions",Empty CSV cells and NaN denote missing observations
data/figure2/Cold_cv_contrast_scores.csv,Cold_028,Source field Cold_028,"See result map, source variable name and analysis script; no additional unit assumptions",Empty CSV cells and NaN denote missing observations
data/figure2/Cold_cv_contrast_scores.csv,Cold_029,Source field Cold_029,"See result map, source variable name and analysis script; no additional unit assumptions",Empty CSV cells and NaN denote missing observations
data/figure2/Cold_cv_contrast_scores.csv,Cold_030,Source field Cold_030,"See result map, source variable name and analysis script; no additional unit assumptions",Empty CSV cells and NaN denote missing observations
data/figure2/Cold_cv_contrast_scores.csv,Cold_031,Source field Cold_031,"See result map, source variable name and analysis script; no additional unit assumptions",Empty CSV cells and NaN denote missing observations
data/figure2/Cold_cv_contrast_scores.csv,Cold_032,Source field Cold_032,"See result map, source variable name and analysis script; no additional unit assumptions",Empty CSV cells and NaN denote missing observations
data/figure2/Cold_cv_contrast_scores.csv,Cold_033,Source field Cold_033,"See result map, source variable name and analysis script; no additional unit assumptions",Empty CSV cells and NaN denote missing observations
data/figure2/Cold_cv_contrast_scores.csv,Cold_034,Source field Cold_034,"See result map, source variable name and analysis script; no additional unit assumptions",Empty CSV cells and NaN denote missing observations
data/figure2/Cold_cv_contrast_scores.csv,Cold_035,Source field Cold_035,"See result map, source variable name and analysis script; no additional unit assumptions",Empty CSV cells and NaN denote missing observations
data/figure2/Cold_cv_contrast_scores.csv,Cold_036,Source field Cold_036,"See result map, source variable name and analysis script; no additional unit assumptions",Empty CSV cells and NaN denote missing observations
data/figure2/Cold_cv_contrast_scores.csv,Cold_037,Source field Cold_037,"See result map, source variable name and analysis script; no additional unit assumptions",Empty CSV cells and NaN denote missing observations
data/figure2/Cold_cv_contrast_scores.csv,Cold_038,Source field Cold_038,"See result map, source variable name and analysis script; no additional unit assumptions",Empty CSV cells and NaN denote missing observations
data/figure2/Cold_cv_contrast_scores.csv,Cold_039,Source field Cold_039,"See result map, source variable name and analysis script; no additional unit assumptions",Empty CSV cells and NaN denote missing observations
data/figure2/Cold_cv_contrast_scores.csv,Cold_040,Source field Cold_040,"See result map, source variable name and analysis script; no additional unit assumptions",Empty CSV cells and NaN denote missing observations
data/figure2/Cold_cv_contrast_scores.csv,Cold_041,Source field Cold_041,"See result map, source variable name and analysis script; no additional unit assumptions",Empty CSV cells and NaN denote missing observations
data/figure2/Cold_cv_contrast_scores.csv,Cold_042,Source field Cold_042,"See result map, source variable name and analysis script; no additional unit assumptions",Empty CSV cells and NaN denote missing observations
data/figure2/Cold_cv_contrast_scores.csv,Cold_043,Source field Cold_043,"See result map, source variable name and analysis script; no additional unit assumptions",Empty CSV cells and NaN denote missing observations
data/figure2/Cold_cv_contrast_scores.csv,Cold_044,Source field Cold_044,"See result map, source variable name and analysis script; no additional unit assumptions",Empty CSV cells and NaN denote missing observations
data/figure2/Cold_cv_contrast_scores.csv,Cold_045,Source field Cold_045,"See result map, source variable name and analysis script; no additional unit assumptions",Empty CSV cells and NaN denote missing observations
data/figure2/Cold_cv_contrast_scores.csv,Cold_046,Source field Cold_046,"See result map, source variable name and analysis script; no additional unit assumptions",Empty CSV cells and NaN denote missing observations
data/figure2/Cold_cv_contrast_scores.csv,Cold_047,Source field Cold_047,"See result map, source variable name and analysis script; no additional unit assumptions",Empty CSV cells and NaN denote missing observations
data/figure2/Cold_cv_contrast_scores.csv,Cold_048,Source field Cold_048,"See result map, source variable name and analysis script; no additional unit assumptions",Empty CSV cells and NaN denote missing observations
data/figure2/Cold_cv_contrast_scores.csv,Cold_049,Source field Cold_049,"See result map, source variable name and analysis script; no additional unit assumptions",Empty CSV cells and NaN denote missing observations
data/figure2/Cold_cv_contrast_scores.csv,Cold_050,Source field Cold_050,"See result map, source variable name and analysis script; no additional unit assumptions",Empty CSV cells and NaN denote missing observations
data/figure2/Cold_cv_contrast_scores.csv,Cold_051,Source field Cold_051,"See result map, source variable name and analysis script; no additional unit assumptions",Empty CSV cells and NaN denote missing observations
data/figure2/Cold_cv_contrast_scores.csv,Cold_052,Source field Cold_052,"See result map, source variable name and analysis script; no additional unit assumptions",Empty CSV cells and NaN denote missing observations
data/figure2/Cold_cv_contrast_scores.csv,Cold_053,Source field Cold_053,"See result map, source variable name and analysis script; no additional unit assumptions",Empty CSV cells and NaN denote missing observations
data/figure2/Cold_cv_contrast_scores.csv,Cold_054,Source field Cold_054,"See result map, source variable name and analysis script; no additional unit assumptions",Empty CSV cells and NaN denote missing observations
data/figure2/Cold_cv_contrast_scores.csv,Cold_055,Source field Cold_055,"See result map, source variable name and analysis script; no additional unit assumptions",Empty CSV cells and NaN denote missing observations
data/figure2/Cold_cv_contrast_scores.csv,Cold_056,Source field Cold_056,"See result map, source variable name and analysis script; no additional unit assumptions",Empty CSV cells and NaN denote missing observations
data/figure2/Cold_cv_contrast_scores.csv,Cold_057,Source field Cold_057,"See result map, source variable name and analysis script; no additional unit assumptions",Empty CSV cells and NaN denote missing observations
data/figure2/Cold_cv_contrast_scores.csv,Cold_058,Source field Cold_058,"See result map, source variable name and analysis script; no additional unit assumptions",Empty CSV cells and NaN denote missing observations
data/figure2/Cold_cv_contrast_scores.csv,Cold_059,Source field Cold_059,"See result map, source variable name and analysis script; no additional unit assumptions",Empty CSV cells and NaN denote missing observations
data/figure2/Cold_cv_contrast_scores.csv,Cold_060,Source field Cold_060,"See result map, source variable name and analysis script; no additional unit assumptions",Empty CSV cells and NaN denote missing observations
data/figure2/Cold_cv_contrast_scores.csv,Cold_061,Source field Cold_061,"See result map, source variable name and analysis script; no additional unit assumptions",Empty CSV cells and NaN denote missing observations
data/figure2/Cold_cv_contrast_scores.csv,Cold_062,Source field Cold_062,"See result map, source variable name and analysis script; no additional unit assumptions",Empty CSV cells and NaN denote missing observations
data/figure2/Cold_cv_contrast_scores.csv,Cold_063,Source field Cold_063,"See result map, source variable name and analysis script; no additional unit assumptions",Empty CSV cells and NaN denote missing observations
data/figure2/Cold_cv_contrast_scores.csv,Cold_064,Source field Cold_064,"See result map, source variable name and analysis script; no additional unit assumptions",Empty CSV cells and NaN denote missing observations
data/figure2/Cold_cv_contrast_scores.csv,Cold_065,Source field Cold_065,"See result map, source variable name and analysis script; no additional unit assumptions",Empty CSV cells and NaN denote missing observations
data/figure2/Cold_cv_contrast_scores.csv,Cold_066,Source field Cold_066,"See result map, source variable name and analysis script; no additional unit assumptions",Empty CSV cells and NaN denote missing observations
data/figure2/Cold_cv_contrast_scores.csv,Cold_067,Source field Cold_067,"See result map, source variable name and analysis script; no additional unit assumptions",Empty CSV cells and NaN denote missing observations
data/figure2/Cold_cv_contrast_scores.csv,Cold_068,Source field Cold_068,"See result map, source variable name and analysis script; no additional unit assumptions",Empty CSV cells and NaN denote missing observations
data/figure2/Cold_cv_contrast_scores.csv,Cold_069,Source field Cold_069,"See result map, source variable name and analysis script; no additional unit assumptions",Empty CSV cells and NaN denote missing observations
data/figure2/Cold_cv_contrast_scores.csv,Cold_070,Source field Cold_070,"See result map, source variable name and analysis script; no additional unit assumptions",Empty CSV cells and NaN denote missing observations
data/figure2/Cold_cv_contrast_scores.csv,Cold_071,Source field Cold_071,"See result map, source variable name and analysis script; no additional unit assumptions",Empty CSV cells and NaN denote missing observations
data/figure2/Cold_cv_contrast_scores.csv,Cold_072,Source field Cold_072,"See result map, source variable name and analysis script; no additional unit assumptions",Empty CSV cells and NaN denote missing observations
data/figure2/Cold_cv_contrast_scores.csv,Cold_073,Source field Cold_073,"See result map, source variable name and analysis script; no additional unit assumptions",Empty CSV cells and NaN denote missing observations
data/figure2/Cold_cv_contrast_scores.csv,Cold_074,Source field Cold_074,"See result map, source variable name and analysis script; no additional unit assumptions",Empty CSV cells and NaN denote missing observations
data/figure2/Cold_cv_contrast_scores.csv,Cold_075,Source field Cold_075,"See result map, source variable name and analysis script; no additional unit assumptions",Empty CSV cells and NaN denote missing observations
data/figure2/Cold_cv_contrast_scores.csv,Cold_076,Source field Cold_076,"See result map, source variable name and analysis script; no additional unit assumptions",Empty CSV cells and NaN denote missing observations
data/figure2/Cold_cv_contrast_scores.csv,Cold_077,Source field Cold_077,"See result map, source variable name and analysis script; no additional unit assumptions",Empty CSV cells and NaN denote missing observations
data/figure2/Cold_cv_contrast_scores.csv,Cold_078,Source field Cold_078,"See result map, source variable name and analysis script; no additional unit assumptions",Empty CSV cells and NaN denote missing observations
data/figure2/Cold_cv_contrast_scores.csv,Cold_079,Source field Cold_079,"See result map, source variable name and analysis script; no additional unit assumptions",Empty CSV cells and NaN denote missing observations
data/figure2/Cold_cv_contrast_scores.csv,Cold_080,Source field Cold_080,"See result map, source variable name and analysis script; no additional unit assumptions",Empty CSV cells and NaN denote missing observations
data/figure2/Cold_cv_contrast_scores.csv,Cold_081,Source field Cold_081,"See result map, source variable name and analysis script; no additional unit assumptions",Empty CSV cells and NaN denote missing observations
data/figure2/Cold_cv_contrast_scores.csv,Cold_082,Source field Cold_082,"See result map, source variable name and analysis script; no additional unit assumptions",Empty CSV cells and NaN denote missing observations
data/figure2/Cold_cv_contrast_scores.csv,Cold_083,Source field Cold_083,"See result map, source variable name and analysis script; no additional unit assumptions",Empty CSV cells and NaN denote missing observations
data/figure2/Cold_cv_contrast_scores.csv,Cold_084,Source field Cold_084,"See result map, source variable name and analysis script; no additional unit assumptions",Empty CSV cells and NaN denote missing observations
data/figure2/Cold_cv_contrast_scores.csv,Cold_085,Source field Cold_085,"See result map, source variable name and analysis script; no additional unit assumptions",Empty CSV cells and NaN denote missing observations
data/figure2/Cold_cv_contrast_scores.csv,Cold_086,Source field Cold_086,"See result map, source variable name and analysis script; no additional unit assumptions",Empty CSV cells and NaN denote missing observations
data/figure2/Cold_cv_contrast_scores.csv,Cold_087,Source field Cold_087,"See result map, source variable name and analysis script; no additional unit assumptions",Empty CSV cells and NaN denote missing observations
data/figure2/Cold_cv_contrast_scores.csv,Cold_088,Source field Cold_088,"See result map, source variable name and analysis script; no additional unit assumptions",Empty CSV cells and NaN denote missing observations
data/figure2/Cold_cv_contrast_scores.csv,Cold_089,Source field Cold_089,"See result map, source variable name and analysis script; no additional unit assumptions",Empty CSV cells and NaN denote missing observations
data/figure2/Cold_cv_contrast_scores.csv,Cold_090,Source field Cold_090,"See result map, source variable name and analysis script; no additional unit assumptions",Empty CSV cells and NaN denote missing observations
data/figure2/Cold_cv_contrast_scores.csv,Cold_091,Source field Cold_091,"See result map, source variable name and analysis script; no additional unit assumptions",Empty CSV cells and NaN denote missing observations
data/figure2/Cold_paired_scores.csv,PairID,Source field PairID,"See result map, source variable name and analysis script; no additional unit assumptions",Empty CSV cells and NaN denote missing observations
data/figure2/Cold_paired_scores.csv,Control,Source field Control,"See result map, source variable name and analysis script; no additional unit assumptions",Empty CSV cells and NaN denote missing observations
data/figure2/Cold_paired_scores.csv,Task,Source field Task,"See result map, source variable name and analysis script; no additional unit assumptions",Empty CSV cells and NaN denote missing observations
data/figure2/Cold_paired_scores.csv,Difference,Source field Difference,"See result map, source variable name and analysis script; no additional unit assumptions",Empty CSV cells and NaN denote missing observations
data/figure2/cv_summary.csv,Task,Source field Task,"See result map, source variable name and analysis script; no additional unit assumptions",Empty CSV cells and NaN denote missing observations
data/figure2/cv_summary.csv,Repetition,Source field Repetition,"See result map, source variable name and analysis script; no additional unit assumptions",Empty CSV cells and NaN denote missing observations
data/figure2/cv_summary.csv,CohensDz,Source field CohensDz,"See result map, source variable name and analysis script; no additional unit assumptions",Empty CSV cells and NaN denote missing observations
data/figure2/cv_summary.csv,ClassificationAccuracy,Source field ClassificationAccuracy,"See result map, source variable name and analysis script; no additional unit assumptions",Empty CSV cells and NaN denote missing observations
data/figure2/Multisensory_cv_contrast_scores.csv,Repetition,Source field Repetition,"See result map, source variable name and analysis script; no additional unit assumptions",Empty CSV cells and NaN denote missing observations
data/figure2/Multisensory_cv_contrast_scores.csv,Multisensory_001,Source field Multisensory_001,"See result map, source variable name and analysis script; no additional unit assumptions",Empty CSV cells and NaN denote missing observations
data/figure2/Multisensory_cv_contrast_scores.csv,Multisensory_002,Source field Multisensory_002,"See result map, source variable name and analysis script; no additional unit assumptions",Empty CSV cells and NaN denote missing observations
data/figure2/Multisensory_cv_contrast_scores.csv,Multisensory_003,Source field Multisensory_003,"See result map, source variable name and analysis script; no additional unit assumptions",Empty CSV cells and NaN denote missing observations
data/figure2/Multisensory_cv_contrast_scores.csv,Multisensory_004,Source field Multisensory_004,"See result map, source variable name and analysis script; no additional unit assumptions",Empty CSV cells and NaN denote missing observations
data/figure2/Multisensory_cv_contrast_scores.csv,Multisensory_005,Source field Multisensory_005,"See result map, source variable name and analysis script; no additional unit assumptions",Empty CSV cells and NaN denote missing observations
data/figure2/Multisensory_cv_contrast_scores.csv,Multisensory_006,Source field Multisensory_006,"See result map, source variable name and analysis script; no additional unit assumptions",Empty CSV cells and NaN denote missing observations
data/figure2/Multisensory_cv_contrast_scores.csv,Multisensory_007,Source field Multisensory_007,"See result map, source variable name and analysis script; no additional unit assumptions",Empty CSV cells and NaN denote missing observations
data/figure2/Multisensory_cv_contrast_scores.csv,Multisensory_008,Source field Multisensory_008,"See result map, source variable name and analysis script; no additional unit assumptions",Empty CSV cells and NaN denote missing observations
data/figure2/Multisensory_cv_contrast_scores.csv,Multisensory_009,Source field Multisensory_009,"See result map, source variable name and analysis script; no additional unit assumptions",Empty CSV cells and NaN denote missing observations
data/figure2/Multisensory_cv_contrast_scores.csv,Multisensory_010,Source field Multisensory_010,"See result map, source variable name and analysis script; no additional unit assumptions",Empty CSV cells and NaN denote missing observations
data/figure2/Multisensory_cv_contrast_scores.csv,Multisensory_011,Source field Multisensory_011,"See result map, source variable name and analysis script; no additional unit assumptions",Empty CSV cells and NaN denote missing observations
data/figure2/Multisensory_cv_contrast_scores.csv,Multisensory_012,Source field Multisensory_012,"See result map, source variable name and analysis script; no additional unit assumptions",Empty CSV cells and NaN denote missing observations
data/figure2/Multisensory_cv_contrast_scores.csv,Multisensory_013,Source field Multisensory_013,"See result map, source variable name and analysis script; no additional unit assumptions",Empty CSV cells and NaN denote missing observations
data/figure2/Multisensory_cv_contrast_scores.csv,Multisensory_014,Source field Multisensory_014,"See result map, source variable name and analysis script; no additional unit assumptions",Empty CSV cells and NaN denote missing observations
data/figure2/Multisensory_cv_contrast_scores.csv,Multisensory_015,Source field Multisensory_015,"See result map, source variable name and analysis script; no additional unit assumptions",Empty CSV cells and NaN denote missing observations
data/figure2/Multisensory_cv_contrast_scores.csv,Multisensory_016,Source field Multisensory_016,"See result map, source variable name and analysis script; no additional unit assumptions",Empty CSV cells and NaN denote missing observations
data/figure2/Multisensory_cv_contrast_scores.csv,Multisensory_017,Source field Multisensory_017,"See result map, source variable name and analysis script; no additional unit assumptions",Empty CSV cells and NaN denote missing observations
data/figure2/Multisensory_cv_contrast_scores.csv,Multisensory_018,Source field Multisensory_018,"See result map, source variable name and analysis script; no additional unit assumptions",Empty CSV cells and NaN denote missing observations
data/figure2/Multisensory_cv_contrast_scores.csv,Multisensory_019,Source field Multisensory_019,"See result map, source variable name and analysis script; no additional unit assumptions",Empty CSV cells and NaN denote missing observations
data/figure2/Multisensory_cv_contrast_scores.csv,Multisensory_020,Source field Multisensory_020,"See result map, source variable name and analysis script; no additional unit assumptions",Empty CSV cells and NaN denote missing observations
data/figure2/Multisensory_cv_contrast_scores.csv,Multisensory_021,Source field Multisensory_021,"See result map, source variable name and analysis script; no additional unit assumptions",Empty CSV cells and NaN denote missing observations
data/figure2/Multisensory_cv_contrast_scores.csv,Multisensory_022,Source field Multisensory_022,"See result map, source variable name and analysis script; no additional unit assumptions",Empty CSV cells and NaN denote missing observations
data/figure2/Multisensory_cv_contrast_scores.csv,Multisensory_023,Source field Multisensory_023,"See result map, source variable name and analysis script; no additional unit assumptions",Empty CSV cells and NaN denote missing observations
data/figure2/Multisensory_cv_contrast_scores.csv,Multisensory_024,Source field Multisensory_024,"See result map, source variable name and analysis script; no additional unit assumptions",Empty CSV cells and NaN denote missing observations
data/figure2/Multisensory_cv_contrast_scores.csv,Multisensory_025,Source field Multisensory_025,"See result map, source variable name and analysis script; no additional unit assumptions",Empty CSV cells and NaN denote missing observations
data/figure2/Multisensory_cv_contrast_scores.csv,Multisensory_026,Source field Multisensory_026,"See result map, source variable name and analysis script; no additional unit assumptions",Empty CSV cells and NaN denote missing observations
data/figure2/Multisensory_cv_contrast_scores.csv,Multisensory_027,Source field Multisensory_027,"See result map, source variable name and analysis script; no additional unit assumptions",Empty CSV cells and NaN denote missing observations
data/figure2/Multisensory_cv_contrast_scores.csv,Multisensory_028,Source field Multisensory_028,"See result map, source variable name and analysis script; no additional unit assumptions",Empty CSV cells and NaN denote missing observations
data/figure2/Multisensory_cv_contrast_scores.csv,Multisensory_029,Source field Multisensory_029,"See result map, source variable name and analysis script; no additional unit assumptions",Empty CSV cells and NaN denote missing observations
data/figure2/Multisensory_cv_contrast_scores.csv,Multisensory_030,Source field Multisensory_030,"See result map, source variable name and analysis script; no additional unit assumptions",Empty CSV cells and NaN denote missing observations
data/figure2/Multisensory_cv_contrast_scores.csv,Multisensory_031,Source field Multisensory_031,"See result map, source variable name and analysis script; no additional unit assumptions",Empty CSV cells and NaN denote missing observations
data/figure2/Multisensory_cv_contrast_scores.csv,Multisensory_032,Source field Multisensory_032,"See result map, source variable name and analysis script; no additional unit assumptions",Empty CSV cells and NaN denote missing observations
data/figure2/Multisensory_cv_contrast_scores.csv,Multisensory_033,Source field Multisensory_033,"See result map, source variable name and analysis script; no additional unit assumptions",Empty CSV cells and NaN denote missing observations
data/figure2/Multisensory_cv_contrast_scores.csv,Multisensory_034,Source field Multisensory_034,"See result map, source variable name and analysis script; no additional unit assumptions",Empty CSV cells and NaN denote missing observations
data/figure2/Multisensory_cv_contrast_scores.csv,Multisensory_035,Source field Multisensory_035,"See result map, source variable name and analysis script; no additional unit assumptions",Empty CSV cells and NaN denote missing observations
data/figure2/Multisensory_cv_contrast_scores.csv,Multisensory_036,Source field Multisensory_036,"See result map, source variable name and analysis script; no additional unit assumptions",Empty CSV cells and NaN denote missing observations
data/figure2/Multisensory_cv_contrast_scores.csv,Multisensory_037,Source field Multisensory_037,"See result map, source variable name and analysis script; no additional unit assumptions",Empty CSV cells and NaN denote missing observations
data/figure2/Multisensory_cv_contrast_scores.csv,Multisensory_038,Source field Multisensory_038,"See result map, source variable name and analysis script; no additional unit assumptions",Empty CSV cells and NaN denote missing observations
data/figure2/Multisensory_cv_contrast_scores.csv,Multisensory_039,Source field Multisensory_039,"See result map, source variable name and analysis script; no additional unit assumptions",Empty CSV cells and NaN denote missing observations
data/figure2/Multisensory_cv_contrast_scores.csv,Multisensory_040,Source field Multisensory_040,"See result map, source variable name and analysis script; no additional unit assumptions",Empty CSV cells and NaN denote missing observations
data/figure2/Multisensory_cv_contrast_scores.csv,Multisensory_041,Source field Multisensory_041,"See result map, source variable name and analysis script; no additional unit assumptions",Empty CSV cells and NaN denote missing observations
data/figure2/Multisensory_cv_contrast_scores.csv,Multisensory_042,Source field Multisensory_042,"See result map, source variable name and analysis script; no additional unit assumptions",Empty CSV cells and NaN denote missing observations
data/figure2/Multisensory_cv_contrast_scores.csv,Multisensory_043,Source field Multisensory_043,"See result map, source variable name and analysis script; no additional unit assumptions",Empty CSV cells and NaN denote missing observations
data/figure2/Multisensory_cv_contrast_scores.csv,Multisensory_044,Source field Multisensory_044,"See result map, source variable name and analysis script; no additional unit assumptions",Empty CSV cells and NaN denote missing observations
data/figure2/Multisensory_cv_contrast_scores.csv,Multisensory_045,Source field Multisensory_045,"See result map, source variable name and analysis script; no additional unit assumptions",Empty CSV cells and NaN denote missing observations
data/figure2/Multisensory_cv_contrast_scores.csv,Multisensory_046,Source field Multisensory_046,"See result map, source variable name and analysis script; no additional unit assumptions",Empty CSV cells and NaN denote missing observations
data/figure2/Multisensory_cv_contrast_scores.csv,Multisensory_047,Source field Multisensory_047,"See result map, source variable name and analysis script; no additional unit assumptions",Empty CSV cells and NaN denote missing observations
data/figure2/Multisensory_cv_contrast_scores.csv,Multisensory_048,Source field Multisensory_048,"See result map, source variable name and analysis script; no additional unit assumptions",Empty CSV cells and NaN denote missing observations
data/figure2/Multisensory_cv_contrast_scores.csv,Multisensory_049,Source field Multisensory_049,"See result map, source variable name and analysis script; no additional unit assumptions",Empty CSV cells and NaN denote missing observations
data/figure2/Multisensory_cv_contrast_scores.csv,Multisensory_050,Source field Multisensory_050,"See result map, source variable name and analysis script; no additional unit assumptions",Empty CSV cells and NaN denote missing observations
data/figure2/Multisensory_cv_contrast_scores.csv,Multisensory_051,Source field Multisensory_051,"See result map, source variable name and analysis script; no additional unit assumptions",Empty CSV cells and NaN denote missing observations
data/figure2/Multisensory_cv_contrast_scores.csv,Multisensory_052,Source field Multisensory_052,"See result map, source variable name and analysis script; no additional unit assumptions",Empty CSV cells and NaN denote missing observations
data/figure2/Multisensory_cv_contrast_scores.csv,Multisensory_053,Source field Multisensory_053,"See result map, source variable name and analysis script; no additional unit assumptions",Empty CSV cells and NaN denote missing observations
data/figure2/Multisensory_cv_contrast_scores.csv,Multisensory_054,Source field Multisensory_054,"See result map, source variable name and analysis script; no additional unit assumptions",Empty CSV cells and NaN denote missing observations
data/figure2/Multisensory_cv_contrast_scores.csv,Multisensory_055,Source field Multisensory_055,"See result map, source variable name and analysis script; no additional unit assumptions",Empty CSV cells and NaN denote missing observations
data/figure2/Multisensory_cv_contrast_scores.csv,Multisensory_056,Source field Multisensory_056,"See result map, source variable name and analysis script; no additional unit assumptions",Empty CSV cells and NaN denote missing observations
data/figure2/Multisensory_cv_contrast_scores.csv,Multisensory_057,Source field Multisensory_057,"See result map, source variable name and analysis script; no additional unit assumptions",Empty CSV cells and NaN denote missing observations
data/figure2/Multisensory_cv_contrast_scores.csv,Multisensory_058,Source field Multisensory_058,"See result map, source variable name and analysis script; no additional unit assumptions",Empty CSV cells and NaN denote missing observations
data/figure2/Multisensory_cv_contrast_scores.csv,Multisensory_059,Source field Multisensory_059,"See result map, source variable name and analysis script; no additional unit assumptions",Empty CSV cells and NaN denote missing observations
data/figure2/Multisensory_cv_contrast_scores.csv,Multisensory_060,Source field Multisensory_060,"See result map, source variable name and analysis script; no additional unit assumptions",Empty CSV cells and NaN denote missing observations
data/figure2/Multisensory_cv_contrast_scores.csv,Multisensory_061,Source field Multisensory_061,"See result map, source variable name and analysis script; no additional unit assumptions",Empty CSV cells and NaN denote missing observations
data/figure2/Multisensory_cv_contrast_scores.csv,Multisensory_062,Source field Multisensory_062,"See result map, source variable name and analysis script; no additional unit assumptions",Empty CSV cells and NaN denote missing observations
data/figure2/Multisensory_cv_contrast_scores.csv,Multisensory_063,Source field Multisensory_063,"See result map, source variable name and analysis script; no additional unit assumptions",Empty CSV cells and NaN denote missing observations
data/figure2/Multisensory_cv_contrast_scores.csv,Multisensory_064,Source field Multisensory_064,"See result map, source variable name and analysis script; no additional unit assumptions",Empty CSV cells and NaN denote missing observations
data/figure2/Multisensory_cv_contrast_scores.csv,Multisensory_065,Source field Multisensory_065,"See result map, source variable name and analysis script; no additional unit assumptions",Empty CSV cells and NaN denote missing observations
data/figure2/Multisensory_cv_contrast_scores.csv,Multisensory_066,Source field Multisensory_066,"See result map, source variable name and analysis script; no additional unit assumptions",Empty CSV cells and NaN denote missing observations
data/figure2/Multisensory_cv_contrast_scores.csv,Multisensory_067,Source field Multisensory_067,"See result map, source variable name and analysis script; no additional unit assumptions",Empty CSV cells and NaN denote missing observations
data/figure2/Multisensory_cv_contrast_scores.csv,Multisensory_068,Source field Multisensory_068,"See result map, source variable name and analysis script; no additional unit assumptions",Empty CSV cells and NaN denote missing observations
data/figure2/Multisensory_cv_contrast_scores.csv,Multisensory_069,Source field Multisensory_069,"See result map, source variable name and analysis script; no additional unit assumptions",Empty CSV cells and NaN denote missing observations
data/figure2/Multisensory_cv_contrast_scores.csv,Multisensory_070,Source field Multisensory_070,"See result map, source variable name and analysis script; no additional unit assumptions",Empty CSV cells and NaN denote missing observations
data/figure2/Multisensory_cv_contrast_scores.csv,Multisensory_071,Source field Multisensory_071,"See result map, source variable name and analysis script; no additional unit assumptions",Empty CSV cells and NaN denote missing observations
data/figure2/Multisensory_cv_contrast_scores.csv,Multisensory_072,Source field Multisensory_072,"See result map, source variable name and analysis script; no additional unit assumptions",Empty CSV cells and NaN denote missing observations
data/figure2/Multisensory_cv_contrast_scores.csv,Multisensory_073,Source field Multisensory_073,"See result map, source variable name and analysis script; no additional unit assumptions",Empty CSV cells and NaN denote missing observations
data/figure2/Multisensory_cv_contrast_scores.csv,Multisensory_074,Source field Multisensory_074,"See result map, source variable name and analysis script; no additional unit assumptions",Empty CSV cells and NaN denote missing observations
data/figure2/Multisensory_cv_contrast_scores.csv,Multisensory_075,Source field Multisensory_075,"See result map, source variable name and analysis script; no additional unit assumptions",Empty CSV cells and NaN denote missing observations
data/figure2/Multisensory_cv_contrast_scores.csv,Multisensory_076,Source field Multisensory_076,"See result map, source variable name and analysis script; no additional unit assumptions",Empty CSV cells and NaN denote missing observations
data/figure2/Multisensory_cv_contrast_scores.csv,Multisensory_077,Source field Multisensory_077,"See result map, source variable name and analysis script; no additional unit assumptions",Empty CSV cells and NaN denote missing observations
data/figure2/Multisensory_cv_contrast_scores.csv,Multisensory_078,Source field Multisensory_078,"See result map, source variable name and analysis script; no additional unit assumptions",Empty CSV cells and NaN denote missing observations
data/figure2/Multisensory_cv_contrast_scores.csv,Multisensory_079,Source field Multisensory_079,"See result map, source variable name and analysis script; no additional unit assumptions",Empty CSV cells and NaN denote missing observations
data/figure2/Multisensory_cv_contrast_scores.csv,Multisensory_080,Source field Multisensory_080,"See result map, source variable name and analysis script; no additional unit assumptions",Empty CSV cells and NaN denote missing observations
data/figure2/Multisensory_cv_contrast_scores.csv,Multisensory_081,Source field Multisensory_081,"See result map, source variable name and analysis script; no additional unit assumptions",Empty CSV cells and NaN denote missing observations
data/figure2/Multisensory_cv_contrast_scores.csv,Multisensory_082,Source field Multisensory_082,"See result map, source variable name and analysis script; no additional unit assumptions",Empty CSV cells and NaN denote missing observations
data/figure2/Multisensory_cv_contrast_scores.csv,Multisensory_083,Source field Multisensory_083,"See result map, source variable name and analysis script; no additional unit assumptions",Empty CSV cells and NaN denote missing observations
data/figure2/Multisensory_cv_contrast_scores.csv,Multisensory_084,Source field Multisensory_084,"See result map, source variable name and analysis script; no additional unit assumptions",Empty CSV cells and NaN denote missing observations
data/figure2/Multisensory_cv_contrast_scores.csv,Multisensory_085,Source field Multisensory_085,"See result map, source variable name and analysis script; no additional unit assumptions",Empty CSV cells and NaN denote missing observations
data/figure2/Multisensory_cv_contrast_scores.csv,Multisensory_086,Source field Multisensory_086,"See result map, source variable name and analysis script; no additional unit assumptions",Empty CSV cells and NaN denote missing observations
data/figure2/Multisensory_cv_contrast_scores.csv,Multisensory_087,Source field Multisensory_087,"See result map, source variable name and analysis script; no additional unit assumptions",Empty CSV cells and NaN denote missing observations
data/figure2/Multisensory_cv_contrast_scores.csv,Multisensory_088,Source field Multisensory_088,"See result map, source variable name and analysis script; no additional unit assumptions",Empty CSV cells and NaN denote missing observations
data/figure2/Multisensory_cv_contrast_scores.csv,Multisensory_089,Source field Multisensory_089,"See result map, source variable name and analysis script; no additional unit assumptions",Empty CSV cells and NaN denote missing observations
data/figure2/Multisensory_cv_contrast_scores.csv,Multisensory_090,Source field Multisensory_090,"See result map, source variable name and analysis script; no additional unit assumptions",Empty CSV cells and NaN denote missing observations
data/figure2/Multisensory_paired_scores.csv,PairID,Source field PairID,"See result map, source variable name and analysis script; no additional unit assumptions",Empty CSV cells and NaN denote missing observations
data/figure2/Multisensory_paired_scores.csv,Control,Source field Control,"See result map, source variable name and analysis script; no additional unit assumptions",Empty CSV cells and NaN denote missing observations
data/figure2/Multisensory_paired_scores.csv,Task,Source field Task,"See result map, source variable name and analysis script; no additional unit assumptions",Empty CSV cells and NaN denote missing observations
data/figure2/Multisensory_paired_scores.csv,Difference,Source field Difference,"See result map, source variable name and analysis script; no additional unit assumptions",Empty CSV cells and NaN denote missing observations
data/figure2/Nback_cv_contrast_scores.csv,Repetition,Source field Repetition,"See result map, source variable name and analysis script; no additional unit assumptions",Empty CSV cells and NaN denote missing observations
data/figure2/Nback_cv_contrast_scores.csv,Nback_001,Source field Nback_001,"See result map, source variable name and analysis script; no additional unit assumptions",Empty CSV cells and NaN denote missing observations
data/figure2/Nback_cv_contrast_scores.csv,Nback_002,Source field Nback_002,"See result map, source variable name and analysis script; no additional unit assumptions",Empty CSV cells and NaN denote missing observations
data/figure2/Nback_cv_contrast_scores.csv,Nback_003,Source field Nback_003,"See result map, source variable name and analysis script; no additional unit assumptions",Empty CSV cells and NaN denote missing observations
data/figure2/Nback_cv_contrast_scores.csv,Nback_004,Source field Nback_004,"See result map, source variable name and analysis script; no additional unit assumptions",Empty CSV cells and NaN denote missing observations
data/figure2/Nback_cv_contrast_scores.csv,Nback_005,Source field Nback_005,"See result map, source variable name and analysis script; no additional unit assumptions",Empty CSV cells and NaN denote missing observations
data/figure2/Nback_cv_contrast_scores.csv,Nback_006,Source field Nback_006,"See result map, source variable name and analysis script; no additional unit assumptions",Empty CSV cells and NaN denote missing observations
data/figure2/Nback_cv_contrast_scores.csv,Nback_007,Source field Nback_007,"See result map, source variable name and analysis script; no additional unit assumptions",Empty CSV cells and NaN denote missing observations
data/figure2/Nback_cv_contrast_scores.csv,Nback_008,Source field Nback_008,"See result map, source variable name and analysis script; no additional unit assumptions",Empty CSV cells and NaN denote missing observations
data/figure2/Nback_cv_contrast_scores.csv,Nback_009,Source field Nback_009,"See result map, source variable name and analysis script; no additional unit assumptions",Empty CSV cells and NaN denote missing observations
data/figure2/Nback_cv_contrast_scores.csv,Nback_010,Source field Nback_010,"See result map, source variable name and analysis script; no additional unit assumptions",Empty CSV cells and NaN denote missing observations
data/figure2/Nback_cv_contrast_scores.csv,Nback_011,Source field Nback_011,"See result map, source variable name and analysis script; no additional unit assumptions",Empty CSV cells and NaN denote missing observations
data/figure2/Nback_cv_contrast_scores.csv,Nback_012,Source field Nback_012,"See result map, source variable name and analysis script; no additional unit assumptions",Empty CSV cells and NaN denote missing observations
data/figure2/Nback_cv_contrast_scores.csv,Nback_013,Source field Nback_013,"See result map, source variable name and analysis script; no additional unit assumptions",Empty CSV cells and NaN denote missing observations
data/figure2/Nback_cv_contrast_scores.csv,Nback_014,Source field Nback_014,"See result map, source variable name and analysis script; no additional unit assumptions",Empty CSV cells and NaN denote missing observations
data/figure2/Nback_cv_contrast_scores.csv,Nback_015,Source field Nback_015,"See result map, source variable name and analysis script; no additional unit assumptions",Empty CSV cells and NaN denote missing observations
data/figure2/Nback_cv_contrast_scores.csv,Nback_016,Source field Nback_016,"See result map, source variable name and analysis script; no additional unit assumptions",Empty CSV cells and NaN denote missing observations
data/figure2/Nback_cv_contrast_scores.csv,Nback_017,Source field Nback_017,"See result map, source variable name and analysis script; no additional unit assumptions",Empty CSV cells and NaN denote missing observations
data/figure2/Nback_cv_contrast_scores.csv,Nback_018,Source field Nback_018,"See result map, source variable name and analysis script; no additional unit assumptions",Empty CSV cells and NaN denote missing observations
data/figure2/Nback_cv_contrast_scores.csv,Nback_019,Source field Nback_019,"See result map, source variable name and analysis script; no additional unit assumptions",Empty CSV cells and NaN denote missing observations
data/figure2/Nback_cv_contrast_scores.csv,Nback_020,Source field Nback_020,"See result map, source variable name and analysis script; no additional unit assumptions",Empty CSV cells and NaN denote missing observations
data/figure2/Nback_cv_contrast_scores.csv,Nback_021,Source field Nback_021,"See result map, source variable name and analysis script; no additional unit assumptions",Empty CSV cells and NaN denote missing observations
data/figure2/Nback_cv_contrast_scores.csv,Nback_022,Source field Nback_022,"See result map, source variable name and analysis script; no additional unit assumptions",Empty CSV cells and NaN denote missing observations
data/figure2/Nback_cv_contrast_scores.csv,Nback_023,Source field Nback_023,"See result map, source variable name and analysis script; no additional unit assumptions",Empty CSV cells and NaN denote missing observations
data/figure2/Nback_cv_contrast_scores.csv,Nback_024,Source field Nback_024,"See result map, source variable name and analysis script; no additional unit assumptions",Empty CSV cells and NaN denote missing observations
data/figure2/Nback_cv_contrast_scores.csv,Nback_025,Source field Nback_025,"See result map, source variable name and analysis script; no additional unit assumptions",Empty CSV cells and NaN denote missing observations
data/figure2/Nback_cv_contrast_scores.csv,Nback_026,Source field Nback_026,"See result map, source variable name and analysis script; no additional unit assumptions",Empty CSV cells and NaN denote missing observations
data/figure2/Nback_cv_contrast_scores.csv,Nback_027,Source field Nback_027,"See result map, source variable name and analysis script; no additional unit assumptions",Empty CSV cells and NaN denote missing observations
data/figure2/Nback_cv_contrast_scores.csv,Nback_028,Source field Nback_028,"See result map, source variable name and analysis script; no additional unit assumptions",Empty CSV cells and NaN denote missing observations
data/figure2/Nback_cv_contrast_scores.csv,Nback_029,Source field Nback_029,"See result map, source variable name and analysis script; no additional unit assumptions",Empty CSV cells and NaN denote missing observations
data/figure2/Nback_cv_contrast_scores.csv,Nback_030,Source field Nback_030,"See result map, source variable name and analysis script; no additional unit assumptions",Empty CSV cells and NaN denote missing observations
data/figure2/Nback_cv_contrast_scores.csv,Nback_031,Source field Nback_031,"See result map, source variable name and analysis script; no additional unit assumptions",Empty CSV cells and NaN denote missing observations
data/figure2/Nback_cv_contrast_scores.csv,Nback_032,Source field Nback_032,"See result map, source variable name and analysis script; no additional unit assumptions",Empty CSV cells and NaN denote missing observations
data/figure2/Nback_cv_contrast_scores.csv,Nback_033,Source field Nback_033,"See result map, source variable name and analysis script; no additional unit assumptions",Empty CSV cells and NaN denote missing observations
data/figure2/Nback_cv_contrast_scores.csv,Nback_034,Source field Nback_034,"See result map, source variable name and analysis script; no additional unit assumptions",Empty CSV cells and NaN denote missing observations
data/figure2/Nback_cv_contrast_scores.csv,Nback_035,Source field Nback_035,"See result map, source variable name and analysis script; no additional unit assumptions",Empty CSV cells and NaN denote missing observations
data/figure2/Nback_cv_contrast_scores.csv,Nback_036,Source field Nback_036,"See result map, source variable name and analysis script; no additional unit assumptions",Empty CSV cells and NaN denote missing observations
data/figure2/Nback_cv_contrast_scores.csv,Nback_037,Source field Nback_037,"See result map, source variable name and analysis script; no additional unit assumptions",Empty CSV cells and NaN denote missing observations
data/figure2/Nback_cv_contrast_scores.csv,Nback_038,Source field Nback_038,"See result map, source variable name and analysis script; no additional unit assumptions",Empty CSV cells and NaN denote missing observations
data/figure2/Nback_cv_contrast_scores.csv,Nback_039,Source field Nback_039,"See result map, source variable name and analysis script; no additional unit assumptions",Empty CSV cells and NaN denote missing observations
data/figure2/Nback_cv_contrast_scores.csv,Nback_040,Source field Nback_040,"See result map, source variable name and analysis script; no additional unit assumptions",Empty CSV cells and NaN denote missing observations
data/figure2/Nback_cv_contrast_scores.csv,Nback_041,Source field Nback_041,"See result map, source variable name and analysis script; no additional unit assumptions",Empty CSV cells and NaN denote missing observations
data/figure2/Nback_cv_contrast_scores.csv,Nback_042,Source field Nback_042,"See result map, source variable name and analysis script; no additional unit assumptions",Empty CSV cells and NaN denote missing observations
data/figure2/Nback_cv_contrast_scores.csv,Nback_043,Source field Nback_043,"See result map, source variable name and analysis script; no additional unit assumptions",Empty CSV cells and NaN denote missing observations
data/figure2/Nback_cv_contrast_scores.csv,Nback_044,Source field Nback_044,"See result map, source variable name and analysis script; no additional unit assumptions",Empty CSV cells and NaN denote missing observations
data/figure2/Nback_cv_contrast_scores.csv,Nback_045,Source field Nback_045,"See result map, source variable name and analysis script; no additional unit assumptions",Empty CSV cells and NaN denote missing observations
data/figure2/Nback_cv_contrast_scores.csv,Nback_046,Source field Nback_046,"See result map, source variable name and analysis script; no additional unit assumptions",Empty CSV cells and NaN denote missing observations
data/figure2/Nback_cv_contrast_scores.csv,Nback_047,Source field Nback_047,"See result map, source variable name and analysis script; no additional unit assumptions",Empty CSV cells and NaN denote missing observations
data/figure2/Nback_cv_contrast_scores.csv,Nback_048,Source field Nback_048,"See result map, source variable name and analysis script; no additional unit assumptions",Empty CSV cells and NaN denote missing observations
data/figure2/Nback_cv_contrast_scores.csv,Nback_049,Source field Nback_049,"See result map, source variable name and analysis script; no additional unit assumptions",Empty CSV cells and NaN denote missing observations
data/figure2/Nback_cv_contrast_scores.csv,Nback_050,Source field Nback_050,"See result map, source variable name and analysis script; no additional unit assumptions",Empty CSV cells and NaN denote missing observations
data/figure2/Nback_cv_contrast_scores.csv,Nback_051,Source field Nback_051,"See result map, source variable name and analysis script; no additional unit assumptions",Empty CSV cells and NaN denote missing observations
data/figure2/Nback_cv_contrast_scores.csv,Nback_052,Source field Nback_052,"See result map, source variable name and analysis script; no additional unit assumptions",Empty CSV cells and NaN denote missing observations
data/figure2/Nback_cv_contrast_scores.csv,Nback_053,Source field Nback_053,"See result map, source variable name and analysis script; no additional unit assumptions",Empty CSV cells and NaN denote missing observations
data/figure2/Nback_cv_contrast_scores.csv,Nback_054,Source field Nback_054,"See result map, source variable name and analysis script; no additional unit assumptions",Empty CSV cells and NaN denote missing observations
data/figure2/Nback_cv_contrast_scores.csv,Nback_055,Source field Nback_055,"See result map, source variable name and analysis script; no additional unit assumptions",Empty CSV cells and NaN denote missing observations
data/figure2/Nback_cv_contrast_scores.csv,Nback_056,Source field Nback_056,"See result map, source variable name and analysis script; no additional unit assumptions",Empty CSV cells and NaN denote missing observations
data/figure2/Nback_cv_contrast_scores.csv,Nback_057,Source field Nback_057,"See result map, source variable name and analysis script; no additional unit assumptions",Empty CSV cells and NaN denote missing observations
data/figure2/Nback_cv_contrast_scores.csv,Nback_058,Source field Nback_058,"See result map, source variable name and analysis script; no additional unit assumptions",Empty CSV cells and NaN denote missing observations
data/figure2/Nback_cv_contrast_scores.csv,Nback_059,Source field Nback_059,"See result map, source variable name and analysis script; no additional unit assumptions",Empty CSV cells and NaN denote missing observations
data/figure2/Nback_cv_contrast_scores.csv,Nback_060,Source field Nback_060,"See result map, source variable name and analysis script; no additional unit assumptions",Empty CSV cells and NaN denote missing observations
data/figure2/Nback_cv_contrast_scores.csv,Nback_061,Source field Nback_061,"See result map, source variable name and analysis script; no additional unit assumptions",Empty CSV cells and NaN denote missing observations
data/figure2/Nback_cv_contrast_scores.csv,Nback_062,Source field Nback_062,"See result map, source variable name and analysis script; no additional unit assumptions",Empty CSV cells and NaN denote missing observations
data/figure2/Nback_cv_contrast_scores.csv,Nback_063,Source field Nback_063,"See result map, source variable name and analysis script; no additional unit assumptions",Empty CSV cells and NaN denote missing observations
data/figure2/Nback_cv_contrast_scores.csv,Nback_064,Source field Nback_064,"See result map, source variable name and analysis script; no additional unit assumptions",Empty CSV cells and NaN denote missing observations
data/figure2/Nback_cv_contrast_scores.csv,Nback_065,Source field Nback_065,"See result map, source variable name and analysis script; no additional unit assumptions",Empty CSV cells and NaN denote missing observations
data/figure2/Nback_cv_contrast_scores.csv,Nback_066,Source field Nback_066,"See result map, source variable name and analysis script; no additional unit assumptions",Empty CSV cells and NaN denote missing observations
data/figure2/Nback_cv_contrast_scores.csv,Nback_067,Source field Nback_067,"See result map, source variable name and analysis script; no additional unit assumptions",Empty CSV cells and NaN denote missing observations
data/figure2/Nback_cv_contrast_scores.csv,Nback_068,Source field Nback_068,"See result map, source variable name and analysis script; no additional unit assumptions",Empty CSV cells and NaN denote missing observations
data/figure2/Nback_cv_contrast_scores.csv,Nback_069,Source field Nback_069,"See result map, source variable name and analysis script; no additional unit assumptions",Empty CSV cells and NaN denote missing observations
data/figure2/Nback_cv_contrast_scores.csv,Nback_070,Source field Nback_070,"See result map, source variable name and analysis script; no additional unit assumptions",Empty CSV cells and NaN denote missing observations
data/figure2/Nback_cv_contrast_scores.csv,Nback_071,Source field Nback_071,"See result map, source variable name and analysis script; no additional unit assumptions",Empty CSV cells and NaN denote missing observations
data/figure2/Nback_cv_contrast_scores.csv,Nback_072,Source field Nback_072,"See result map, source variable name and analysis script; no additional unit assumptions",Empty CSV cells and NaN denote missing observations
data/figure2/Nback_cv_contrast_scores.csv,Nback_073,Source field Nback_073,"See result map, source variable name and analysis script; no additional unit assumptions",Empty CSV cells and NaN denote missing observations
data/figure2/Nback_cv_contrast_scores.csv,Nback_074,Source field Nback_074,"See result map, source variable name and analysis script; no additional unit assumptions",Empty CSV cells and NaN denote missing observations
data/figure2/Nback_cv_contrast_scores.csv,Nback_075,Source field Nback_075,"See result map, source variable name and analysis script; no additional unit assumptions",Empty CSV cells and NaN denote missing observations
data/figure2/Nback_cv_contrast_scores.csv,Nback_076,Source field Nback_076,"See result map, source variable name and analysis script; no additional unit assumptions",Empty CSV cells and NaN denote missing observations
data/figure2/Nback_cv_contrast_scores.csv,Nback_077,Source field Nback_077,"See result map, source variable name and analysis script; no additional unit assumptions",Empty CSV cells and NaN denote missing observations
data/figure2/Nback_cv_contrast_scores.csv,Nback_078,Source field Nback_078,"See result map, source variable name and analysis script; no additional unit assumptions",Empty CSV cells and NaN denote missing observations
data/figure2/Nback_cv_contrast_scores.csv,Nback_079,Source field Nback_079,"See result map, source variable name and analysis script; no additional unit assumptions",Empty CSV cells and NaN denote missing observations
data/figure2/Nback_cv_contrast_scores.csv,Nback_080,Source field Nback_080,"See result map, source variable name and analysis script; no additional unit assumptions",Empty CSV cells and NaN denote missing observations
data/figure2/Nback_cv_contrast_scores.csv,Nback_081,Source field Nback_081,"See result map, source variable name and analysis script; no additional unit assumptions",Empty CSV cells and NaN denote missing observations
data/figure2/Nback_cv_contrast_scores.csv,Nback_082,Source field Nback_082,"See result map, source variable name and analysis script; no additional unit assumptions",Empty CSV cells and NaN denote missing observations
data/figure2/Nback_cv_contrast_scores.csv,Nback_083,Source field Nback_083,"See result map, source variable name and analysis script; no additional unit assumptions",Empty CSV cells and NaN denote missing observations
data/figure2/Nback_cv_contrast_scores.csv,Nback_084,Source field Nback_084,"See result map, source variable name and analysis script; no additional unit assumptions",Empty CSV cells and NaN denote missing observations
data/figure2/Nback_cv_contrast_scores.csv,Nback_085,Source field Nback_085,"See result map, source variable name and analysis script; no additional unit assumptions",Empty CSV cells and NaN denote missing observations
data/figure2/Nback_cv_contrast_scores.csv,Nback_086,Source field Nback_086,"See result map, source variable name and analysis script; no additional unit assumptions",Empty CSV cells and NaN denote missing observations
data/figure2/Nback_cv_contrast_scores.csv,Nback_087,Source field Nback_087,"See result map, source variable name and analysis script; no additional unit assumptions",Empty CSV cells and NaN denote missing observations
data/figure2/Nback_cv_contrast_scores.csv,Nback_088,Source field Nback_088,"See result map, source variable name and analysis script; no additional unit assumptions",Empty CSV cells and NaN denote missing observations
data/figure2/Nback_paired_scores.csv,PairID,Source field PairID,"See result map, source variable name and analysis script; no additional unit assumptions",Empty CSV cells and NaN denote missing observations
data/figure2/Nback_paired_scores.csv,Control,Source field Control,"See result map, source variable name and analysis script; no additional unit assumptions",Empty CSV cells and NaN denote missing observations
data/figure2/Nback_paired_scores.csv,Task,Source field Task,"See result map, source variable name and analysis script; no additional unit assumptions",Empty CSV cells and NaN denote missing observations
data/figure2/Nback_paired_scores.csv,Difference,Source field Difference,"See result map, source variable name and analysis script; no additional unit assumptions",Empty CSV cells and NaN denote missing observations
data/participants/analysis_data.csv,ReleaseID,Random pseudonymous release identifier shared across participant CSV files,Not the original study identifier,Empty CSV cells and NaN denote missing observations
data/participants/analysis_data.csv,Multisensory,Multisensory task contrast SVM pattern response averaged over saved CV repetitions,Arbitrary pattern-expression units,Empty CSV cells and NaN denote missing observations
data/participants/analysis_data.csv,Cold,Cold-pain task contrast SVM pattern response averaged over saved CV repetitions,Arbitrary pattern-expression units,Empty CSV cells and NaN denote missing observations
data/participants/analysis_data.csv,Stress,"Archived stress-task pattern response, not a main task result in this manuscript",Arbitrary pattern-expression units,Empty CSV cells and NaN denote missing observations
data/participants/analysis_data.csv,Nback,N-back task contrast SVM pattern response averaged over saved CV repetitions,Arbitrary pattern-expression units,Empty CSV cells and NaN denote missing observations
data/participants/analysis_data.csv,Age,Age in the imaging analysis workbook,Years,Empty CSV cells and NaN denote missing observations
data/participants/analysis_data.csv,GroupID,Diagnostic group indicator,0 MitoD; 1 control; missing preserved where unavailable in imaging workbook,Empty CSV cells and NaN denote missing observations
data/participants/analysis_data.csv,NMDAS,Newcastle Mitochondrial Disease Adult Scale total used in imaging analyses,Score; missing values are not zero,Empty CSV cells and NaN denote missing observations
data/participants/analysis_data.csv,Nback_ACC,N-back behavioral accuracy,Proportion from 0 to 1,Empty CSV cells and NaN denote missing observations
data/participants/analysis_data.csv,Behavioral_Available,Recorded original N-back behavioral eligibility flag,1 included; 0 not included; do not recompute from accuracy,Empty CSV cells and NaN denote missing observations
data/participants/analysis_data.csv,GeneticDiagnosis,Original genetic-diagnosis category,Original category labels retained,Empty CSV cells and NaN denote missing observations
data/participants/analysis_data.csv,Sex,Sex category from the analysis workbook,Original categorical coding retained,Empty CSV cells and NaN denote missing observations
data/participants/analysis_data.csv,Race,Race category from the analysis workbook,Original categorical coding retained,Empty CSV cells and NaN denote missing observations
data/participants/analysis_data.csv,CNS_Eyes,CNS eye finding used as a covariate,Original scale coding,Empty CSV cells and NaN denote missing observations
data/participants/analysis_data.csv,PhysicalFatigability,Physical fatigability score,Original PFS score,Empty CSV cells and NaN denote missing observations
data/participants/analysis_data.csv,MentalFatigability,Mental fatigability score,Original PFS score,Empty CSV cells and NaN denote missing observations
data/participants/analysis_data.csv,NMDAS_Vision,NMDAS current-function vision item,Original clinical item coding,Empty CSV cells and NaN denote missing observations
data/participants/analysis_data.csv,NMDAS_Psychiatric,NMDAS self-reported psychiatric item,Original clinical item coding,Empty CSV cells and NaN denote missing observations
data/participants/analysis_data.csv,Multisensory_meanFD,Mean framewise displacement,Original preprocessing units,Empty CSV cells and NaN denote missing observations
data/participants/analysis_data.csv,Multisensory_meanDVARS,Mean DVARS,Original preprocessing units,Empty CSV cells and NaN denote missing observations
data/participants/analysis_data.csv,Cold_meanFD,Mean framewise displacement,Original preprocessing units,Empty CSV cells and NaN denote missing observations
data/participants/analysis_data.csv,Cold_meanDVARS,Mean DVARS,Original preprocessing units,Empty CSV cells and NaN denote missing observations
data/participants/analysis_data.csv,Nback_meanFD,Mean framewise displacement,Original preprocessing units,Empty CSV cells and NaN denote missing observations
data/participants/analysis_data.csv,Nback_meanDVARS,Mean DVARS,Original preprocessing units,Empty CSV cells and NaN denote missing observations
data/participants/analysis_data.csv,Patient_Group,Archived patient subgroup label,Current scripts refit ordered k=2 NMDAS clusters rather than relying on this column,Empty CSV cells and NaN denote missing observations
data/participants/analysis_data.csv,GDF15,Fasting plasma GDF15 concentration from t_fasting_plasma,Original source concentration units; log10 used in analyses; assay unit metadata not supplied,Empty CSV cells and NaN denote missing observations
data/participants/cohort_groups.csv,ReleaseID,Random pseudonymous release identifier shared across participant CSV files,Not the original study identifier,Empty CSV cells and NaN denote missing observations
data/participants/cohort_groups.csv,GroupID,Diagnostic group indicator,0 MitoD; 1 control; missing preserved where unavailable in imaging workbook,Empty CSV cells and NaN denote missing observations
data/participants/demographics.csv,ReleaseID,Random pseudonymous release identifier shared across participant CSV files,Not the original study identifier,Empty CSV cells and NaN denote missing observations
data/participants/demographics.csv,dcf_age,Age,,Empty CSV cells and NaN denote missing observations
data/participants/demographics.csv,pi_sex,"What sex were you assigned at birth, meaning on your original birth certificate?","1, Male | 2, Female",Empty CSV cells and NaN denote missing observations
data/participants/demographics.csv,pi_income,What is the yearly income of your household?,"1, Less than $20,000 | 2, Between $20,000 and $59,999 | 3, Between $60,000 and $99,999 | 4, Between $100,000and $149,999 | 5, Between $150,000 and $199,999 | 6, Between $200,000 and $249,999 | 7, Over $250,000",Empty CSV cells and NaN denote missing observations
data/participants/demographics.csv,dcf_bmi,BMI,,Empty CSV cells and NaN denote missing observations
data/participants/demographics.csv,dcg_adj_wgt,Adjusted Weight,,Empty CSV cells and NaN denote missing observations
data/participants/demographics.csv,l_cat,"During the past month, which statement best describes the kinds of physical activity you usually did? Do not include the time you spent working at a job. Please read all six statements before selecting one.","1, I did not do much physical activity. I mostly did things like watching television, reading, playing cards, or playing computer games. Only occasionally, <u><b>no more than once or twice a month, </u></b>did I do anything more active such as going for a walk or playing tennis. | 2, <u><b>Once or twice a week</u></b>, I did <u><b>light activities</u></b> such as getting outdoors on the weekends for an easy walk or stroll. Or once or twice a week, I did chores around the house such as sweeping floors or vacuuming. | 3, <u><b>About three times a week</u></b>, I did <u><b>moderate activities</u></b> such as brisk walking, swimming, or riding a bike <u><b>for about 15-20 minutes each time.</u></b> Or about once a week, I did moderately difficult chores such as raking or mowing the lawn for about 45-60 minutes. Or about once a week, I played sports such as softball, basketball, or soccer for about 45-60 minutes. | 4, <u><b>Almost daily, that is five or more times a week</u></b>, I did moderate activities such as brisk walking, swimming, or riding a bike <u><b>for 30 minutes or more each time.</u></b> Or about once a week, I did moderately difficult chores or played sports for 2 hours or more. | 5, <u><b>About three times a week,</u></b> I did <u><b>vigorous activities</u></b> such as running or riding hard on a bike <u><b>for 30 minutes or more each time.</u></b> | 6, Almost daily, that is five or more times a week, I did vigorous activities such as running or riding hard on a bike for 30 minutes or more each time.",Empty CSV cells and NaN denote missing observations
data/participants/demographics.csv,pi_geneticdiagnosistype,If yes:,"0, Control | 1, 3243 A>G | 2, Single Deletion | 3, MELAS | 4, Other",Empty CSV cells and NaN denote missing observations
data/participants/structural_summaries.csv,ReleaseID,Random pseudonymous release identifier shared across participant CSV files,Not the original study identifier,Empty CSV cells and NaN denote missing observations
data/participants/structural_summaries.csv,ValsCT_1,"Derived structural summary, column index retained from archived MAT file",CT column 1 and FA column 2 are the original sensitivity covariates; other columns retained without inferred relabeling,Empty CSV cells and NaN denote missing observations
data/participants/structural_summaries.csv,ValsCT_2,"Derived structural summary, column index retained from archived MAT file",CT column 1 and FA column 2 are the original sensitivity covariates; other columns retained without inferred relabeling,Empty CSV cells and NaN denote missing observations
data/participants/structural_summaries.csv,ValsCT_3,"Derived structural summary, column index retained from archived MAT file",CT column 1 and FA column 2 are the original sensitivity covariates; other columns retained without inferred relabeling,Empty CSV cells and NaN denote missing observations
data/participants/structural_summaries.csv,ValsFA_1,"Derived structural summary, column index retained from archived MAT file",CT column 1 and FA column 2 are the original sensitivity covariates; other columns retained without inferred relabeling,Empty CSV cells and NaN denote missing observations
data/participants/structural_summaries.csv,ValsFA_2,"Derived structural summary, column index retained from archived MAT file",CT column 1 and FA column 2 are the original sensitivity covariates; other columns retained without inferred relabeling,Empty CSV cells and NaN denote missing observations
data/participants/structural_summaries.csv,ValsFA_3,"Derived structural summary, column index retained from archived MAT file",CT column 1 and FA column 2 are the original sensitivity covariates; other columns retained without inferred relabeling,Empty CSV cells and NaN denote missing observations
data/participants/structural_summaries.csv,ValsGrey_1,"Derived structural summary, column index retained from archived MAT file",CT column 1 and FA column 2 are the original sensitivity covariates; other columns retained without inferred relabeling,Empty CSV cells and NaN denote missing observations
data/participants/structural_summaries.csv,ValsGrey_2,"Derived structural summary, column index retained from archived MAT file",CT column 1 and FA column 2 are the original sensitivity covariates; other columns retained without inferred relabeling,Empty CSV cells and NaN denote missing observations
data/participants/structural_summaries.csv,ValsGrey_3,"Derived structural summary, column index retained from archived MAT file",CT column 1 and FA column 2 are the original sensitivity covariates; other columns retained without inferred relabeling,Empty CSV cells and NaN denote missing observations
data/participants/structural_summaries.csv,ValsWhite_1,"Derived structural summary, column index retained from archived MAT file",CT column 1 and FA column 2 are the original sensitivity covariates; other columns retained without inferred relabeling,Empty CSV cells and NaN denote missing observations
data/participants/structural_summaries.csv,ValsWhite_2,"Derived structural summary, column index retained from archived MAT file",CT column 1 and FA column 2 are the original sensitivity covariates; other columns retained without inferred relabeling,Empty CSV cells and NaN denote missing observations
data/participants/structural_summaries.csv,ValsWhite_3,"Derived structural summary, column index retained from archived MAT file",CT column 1 and FA column 2 are the original sensitivity covariates; other columns retained without inferred relabeling,Empty CSV cells and NaN denote missing observations
data/phenotype/clinical_items.csv,ReleaseID,Random pseudonymous release identifier shared across participant CSV files,Not the original study identifier,Empty CSV cells and NaN denote missing observations
data/phenotype/clinical_items.csv,adj_wgt_perc,Adjusted Weight Percentile,,Empty CSV cells and NaN denote missing observations
data/phenotype/clinical_items.csv,hgt_perc,Height Percentile,,Empty CSV cells and NaN denote missing observations
data/phenotype/clinical_items.csv,cns_weight,Weight at visit,,Empty CSV cells and NaN denote missing observations
data/phenotype/clinical_items.csv,cns_height,Height at visit,,Empty CSV cells and NaN denote missing observations
data/phenotype/clinical_items.csv,cns_hc,Head Circumference,,Empty CSV cells and NaN denote missing observations
data/phenotype/clinical_items.csv,cns_eyes,Eyes,"0, Abnormal/Present |1, Normal/absent",Empty CSV cells and NaN denote missing observations
data/phenotype/clinical_items.csv,cns_ears,Ears,"0, Abnormal/Present |1, Normal/absent",Empty CSV cells and NaN denote missing observations
data/phenotype/clinical_items.csv,cns_nasopharynx,Nasopharynx,"0, Abnormal/Present |1, Normal/absent",Empty CSV cells and NaN denote missing observations
data/phenotype/clinical_items.csv,cns_lymphnodes,Lymph nodes,"0, Abnormal/Present |1, Normal/absent",Empty CSV cells and NaN denote missing observations
data/phenotype/clinical_items.csv,cns_heart,Heart,"0, Abnormal/Present |1, Normal/absent",Empty CSV cells and NaN denote missing observations
data/phenotype/clinical_items.csv,cns_lungs,Lungs,"0, Abnormal/Present |1, Normal/absent",Empty CSV cells and NaN denote missing observations
data/phenotype/clinical_items.csv,cns_abdomen,Abdomen,"0, Abnormal/Present |1, Normal/absent",Empty CSV cells and NaN denote missing observations
data/phenotype/clinical_items.csv,cns_skeletal,Skeletal,"0, Abnormal/Present |1, Normal/absent",Empty CSV cells and NaN denote missing observations
data/phenotype/clinical_items.csv,cns_skin,Skin,"0, Abnormal/Present |1, Normal/absent",Empty CSV cells and NaN denote missing observations
data/phenotype/clinical_items.csv,cns_vascular,Vascular,"0, Abnormal/Present |1, Normal/absent",Empty CSV cells and NaN denote missing observations
data/phenotype/clinical_items.csv,cns_carotid_artry,Carotid artery,"0, Abnormal/Present |1, Normal/absent",Empty CSV cells and NaN denote missing observations
data/phenotype/clinical_items.csv,cns_temporal_artry,Temporal artery,"0, Abnormal/Present |1, Normal/absent",Empty CSV cells and NaN denote missing observations
data/phenotype/clinical_items.csv,cns_bruits,Bruits,"0, Abnormal/Present |1, Normal/absent",Empty CSV cells and NaN denote missing observations
data/phenotype/clinical_items.csv,cns_ocular_fundi,Ocular Fundi,"0, Abnormal/Present |1, Normal/absent",Empty CSV cells and NaN denote missing observations
data/phenotype/clinical_items.csv,cns_retinal_vssls,Retinal vessels,"0, Abnormal/Present |1, Normal/absent",Empty CSV cells and NaN denote missing observations
data/phenotype/clinical_items.csv,cns_optic_ppll,Optic papilla,"0, Abnormal/Present |1, Normal/absent",Empty CSV cells and NaN denote missing observations
data/phenotype/clinical_items.csv,cns_macula_regn,Macula region,"0, Abnormal/Present |1, Normal/absent",Empty CSV cells and NaN denote missing observations
data/phenotype/clinical_items.csv,cns_peripheral_rtn,Peripheral retina,"0, Abnormal/Present |1, Normal/absent",Empty CSV cells and NaN denote missing observations
data/phenotype/clinical_items.csv,cns_crnl_nrv_i,Cranial nerve I,"0, Abnormal/Present |1, Normal/absent",Empty CSV cells and NaN denote missing observations
data/phenotype/clinical_items.csv,cns_crnl_nrv_ii,Cranial nerve II,"0, Abnormal/Present |1, Normal/absent",Empty CSV cells and NaN denote missing observations
data/phenotype/clinical_items.csv,cns_crnl_nrv_iii,Cranial nerve III,"0, Abnormal/Present |1, Normal/absent",Empty CSV cells and NaN denote missing observations
data/phenotype/clinical_items.csv,cns_crnl_nrv_iv,Cranial nerve IV,"0, Abnormal/Present |1, Normal/absent",Empty CSV cells and NaN denote missing observations
data/phenotype/clinical_items.csv,cns_crnl_nrv_v,Cranial nerve V,"0, Abnormal/Present |1, Normal/absent",Empty CSV cells and NaN denote missing observations
data/phenotype/clinical_items.csv,cns_crnl_nrv_vi,Cranial nerve VI,"0, Abnormal/Present |1, Normal/absent",Empty CSV cells and NaN denote missing observations
data/phenotype/clinical_items.csv,cns_crnl_nrv_vii,Cranial nerve VII,"0, Abnormal/Present |1, Normal/absent",Empty CSV cells and NaN denote missing observations
data/phenotype/clinical_items.csv,cns_crnl_nrv_viii,Cranial nerve VIII,"0, Abnormal/Present |1, Normal/absent",Empty CSV cells and NaN denote missing observations
data/phenotype/clinical_items.csv,cns_crnl_nrv_ix,Cranial nerve IX,"0, Abnormal/Present |1, Normal/absent",Empty CSV cells and NaN denote missing observations
data/phenotype/clinical_items.csv,cns_crnl_nrv_x,Cranial nerve X,"0, Abnormal/Present |1, Normal/absent",Empty CSV cells and NaN denote missing observations
data/phenotype/clinical_items.csv,cns_crnl_nrv_xi,Cranial nerve XI,"0, Abnormal/Present |1, Normal/absent",Empty CSV cells and NaN denote missing observations
data/phenotype/clinical_items.csv,cns_crnl_nrv_xii,Cranial nerve XII,"0, Abnormal/Present |1, Normal/absent",Empty CSV cells and NaN denote missing observations
data/phenotype/clinical_items.csv,cns_gait_statn,Gait and station,"0, Abnormal/Present |1, Normal/absent",Empty CSV cells and NaN denote missing observations
data/phenotype/clinical_items.csv,cns_reg_wlk_tst,Regular walking test,"0, Abnormal/Present |1, Normal/absent",Empty CSV cells and NaN denote missing observations
data/phenotype/clinical_items.csv,cns_toe_wlk_tst,Toe walking test,"0, Abnormal/Present |1, Normal/absent",Empty CSV cells and NaN denote missing observations
data/phenotype/clinical_items.csv,cns_heel_wlk_tst,Heel walking test,"0, Abnormal/Present |1, Normal/absent",Empty CSV cells and NaN denote missing observations
data/phenotype/clinical_items.csv,cns_tndm_wlk_tst,Tandem walking test,"0, Abnormal/Present |1, Normal/absent",Empty CSV cells and NaN denote missing observations
data/phenotype/clinical_items.csv,cns_hp_tst,Hopping test,"0, Abnormal/Present |1, Normal/absent",Empty CSV cells and NaN denote missing observations
data/phenotype/clinical_items.csv,cns_romberg_tst,Romberg test,"0, Abnormal/Present |1, Normal/absent",Empty CSV cells and NaN denote missing observations
data/phenotype/clinical_items.csv,cns_chorea,Chorea,"0, Abnormal/Present |1, Normal/absent",Empty CSV cells and NaN denote missing observations
data/phenotype/clinical_items.csv,cns_dystonia,Dystonia,"0, Abnormal/Present |1, Normal/absent",Empty CSV cells and NaN denote missing observations
data/phenotype/clinical_items.csv,cns_myoclonus,Myoclonus,"0, Abnormal/Present |1, Normal/absent",Empty CSV cells and NaN denote missing observations
data/phenotype/clinical_items.csv,cns_choreoathetosis,Choreoathetosis,"0, Abnormal/Present |1, Normal/absent",Empty CSV cells and NaN denote missing observations
data/phenotype/clinical_items.csv,cns_ballismus,Ballismus,"0, Abnormal/Present |1, Normal/absent",Empty CSV cells and NaN denote missing observations
data/phenotype/clinical_items.csv,cns_tremor,Tremor,"0, Abnormal/Present |1, Normal/absent",Empty CSV cells and NaN denote missing observations
data/phenotype/clinical_items.csv,cns_im_other,Other:,"0, Abnormal/Present |1, Normal/absent",Empty CSV cells and NaN denote missing observations
data/phenotype/clinical_items.csv,cns_superficial,Superficial,"0, Abnormal/Present |1, Normal/absent",Empty CSV cells and NaN denote missing observations
data/phenotype/clinical_items.csv,cns_deep,Deep,"0, Abnormal/Present |1, Normal/absent",Empty CSV cells and NaN denote missing observations
data/phenotype/clinical_items.csv,cns_cortical,Cortical,"0, Abnormal/Present |1, Normal/absent",Empty CSV cells and NaN denote missing observations
data/phenotype/clinical_items.csv,cns_chcking_rebnd,Checking and rebound,"0, Abnormal/Present |1, Normal/absent",Empty CSV cells and NaN denote missing observations
data/phenotype/clinical_items.csv,cns_speech_coord,Speech coordination,"0, Abnormal/Present |1, Normal/absent",Empty CSV cells and NaN denote missing observations
data/phenotype/clinical_items.csv,cns_alt_supin_pron,Alternate supination-pronation,"0, Abnormal/Present |1, Normal/absent",Empty CSV cells and NaN denote missing observations
data/phenotype/clinical_items.csv,cns_fng_ns_fng,Finger-nose-finger,"0, Abnormal/Present |1, Normal/absent",Empty CSV cells and NaN denote missing observations
data/phenotype/clinical_items.csv,cns_pendular_refl,Pendular reflexes,"0, Abnormal/Present |1, Normal/absent",Empty CSV cells and NaN denote missing observations
data/phenotype/clinical_items.csv,cns_eye_mvt,Eye movements,"0, Abnormal/Present |1, Normal/absent",Empty CSV cells and NaN denote missing observations
data/phenotype/clinical_items.csv,cns_truncal_coord,Truncal coordination,"0, Abnormal/Present |1, Normal/absent",Empty CSV cells and NaN denote missing observations
data/phenotype/clinical_items.csv,cns_head_coord,Head coordination,"0, Abnormal/Present |1, Normal/absent",Empty CSV cells and NaN denote missing observations
data/phenotype/clinical_items.csv,cns_distalbulk_r,Distal bulk Right,"0, Abnormal/Present |1, Normal/absent",Empty CSV cells and NaN denote missing observations
data/phenotype/clinical_items.csv,cns_distalbulk_l,Distal bulk Left,"0, Abnormal/Present |1, Normal/absent",Empty CSV cells and NaN denote missing observations
data/phenotype/clinical_items.csv,cns_distaltone_r,Distal tone Right,"0, Abnormal/Present |1, Normal/absent",Empty CSV cells and NaN denote missing observations
data/phenotype/clinical_items.csv,cns_distaltone_l,Distal tone Left,"0, Abnormal/Present |1, Normal/absent",Empty CSV cells and NaN denote missing observations
data/phenotype/clinical_items.csv,cns_distalstrength_r,Distal strength Right,"0, Abnormal/Present |1, Normal/absent",Empty CSV cells and NaN denote missing observations
data/phenotype/clinical_items.csv,cns_distalstrength_l,Distal strength Left,"0, Abnormal/Present |1, Normal/absent",Empty CSV cells and NaN denote missing observations
data/phenotype/clinical_items.csv,cns_proximalbulk_r,Proximal bulk Right,"0, Abnormal/Present |1, Normal/absent",Empty CSV cells and NaN denote missing observations
data/phenotype/clinical_items.csv,cns_proximalbulk_l,Proximal bulk Left,"0, Abnormal/Present |1, Normal/absent",Empty CSV cells and NaN denote missing observations
data/phenotype/clinical_items.csv,cns_proximaltone_r,Proximal tone Right,"0, Abnormal/Present |1, Normal/absent",Empty CSV cells and NaN denote missing observations
data/phenotype/clinical_items.csv,cns_proximaltone_l,Proximal tone Left,"0, Abnormal/Present |1, Normal/absent",Empty CSV cells and NaN denote missing observations
data/phenotype/clinical_items.csv,cns_proximalstr_r,Proximal strength Right,"0, Abnormal/Present |1, Normal/absent",Empty CSV cells and NaN denote missing observations
data/phenotype/clinical_items.csv,cns_proximalstr_l,Proximal strength Left,"0, Abnormal/Present |1, Normal/absent",Empty CSV cells and NaN denote missing observations
data/phenotype/clinical_items.csv,cns_aj_reflex_l,AJ_reflex: left,"0,0 |1,1 |2,2 |1.001,3 |0.001,4",Empty CSV cells and NaN denote missing observations
data/phenotype/clinical_items.csv,cns_aj_reflex_r,AJ_reflex: Right,"0,0 |1,1 |2,2 |1.001,3 |0.001,4",Empty CSV cells and NaN denote missing observations
data/phenotype/clinical_items.csv,cns_kj_reflex_l,KJ_reflex: left,"0,0 |1,1 |2,2 |1.001,3 |0.001,4",Empty CSV cells and NaN denote missing observations
data/phenotype/clinical_items.csv,cns_kj_reflex_r,KJ_reflex:Right,"0,0 |1,1 |2,2 |1.001,3 |0.001,4",Empty CSV cells and NaN denote missing observations
data/phenotype/clinical_items.csv,cns_wj_reflex_l,WJ_reflex left,"0,0 |1,1 |2,2 |1.001,3 |0.001,4",Empty CSV cells and NaN denote missing observations
data/phenotype/clinical_items.csv,cns_wj_reflex_r,WJ_reflex: Right,"0,0 |1,1 |2,2 |1.001,3 |0.001,4",Empty CSV cells and NaN denote missing observations
data/phenotype/clinical_items.csv,cns_bj_reflex_l,BJ_reflex: left,"0,0 |1,1 |2,2 |1.001,3 |0.001,4",Empty CSV cells and NaN denote missing observations
data/phenotype/clinical_items.csv,cns_bj_reflex_r,BJ_reflex: Right,"0,0 |1,1 |2,2 |1.001,3 |0.001,4",Empty CSV cells and NaN denote missing observations
data/phenotype/clinical_items.csv,cns_tj_reflex_l,TJ_reflex: Left,"0,0 |1,1 |2,2 |1.001,3 |0.001,4",Empty CSV cells and NaN denote missing observations
data/phenotype/clinical_items.csv,cns_tj_reflex_r,TJ_reflex: Right,"0,0 |1,1 |2,2 |1.001,3 |0.001,4",Empty CSV cells and NaN denote missing observations
data/phenotype/clinical_items.csv,cns_right_toe,Right toe,"0, Abnormal/Present |1, Normal/absent",Empty CSV cells and NaN denote missing observations
data/phenotype/clinical_items.csv,cns_left_toe,Left toe,"0, Abnormal/Present |1, Normal/absent",Empty CSV cells and NaN denote missing observations
data/phenotype/clinical_items.csv,cns_other,other Findings,"0, Abnormal/Present |1, Normal/absent",Empty CSV cells and NaN denote missing observations
data/phenotype/clinical_items.csv,cns_score_weight,Weight,"1, 1. greater than 3%ile|0, 0 less than 3%ile",Empty CSV cells and NaN denote missing observations
data/phenotype/clinical_items.csv,cns_score_height,Height,"1, 1. greater than 3%ile|0, 0 less than 3%ile",Empty CSV cells and NaN denote missing observations
data/phenotype/clinical_items.csv,cns_score_headcircumference,Head Circumference,"1, 1.within 3-97%ile|0, 0 less than 3%ile",Empty CSV cells and NaN denote missing observations
data/phenotype/clinical_items.csv,cns_score_generalmedical,General Medical Exam,,Empty CSV cells and NaN denote missing observations
data/phenotype/clinical_items.csv,cns_score_ocularfundi,Ocular Fundi,,Empty CSV cells and NaN denote missing observations
data/phenotype/clinical_items.csv,cns_score_cranialnerves,Cranial Nerves,,Empty CSV cells and NaN denote missing observations
data/phenotype/clinical_items.csv,cns_score_stancegait,Stance&Gait,,Empty CSV cells and NaN denote missing observations
data/phenotype/clinical_items.csv,cns_score_involuntarymovements,Involuntary Movements,,Empty CSV cells and NaN denote missing observations
data/phenotype/clinical_items.csv,cns_score_sensation,Sensation,,Empty CSV cells and NaN denote missing observations
data/phenotype/clinical_items.csv,cns_score_cerebellarfunction,Cerebellar Function,,Empty CSV cells and NaN denote missing observations
data/phenotype/clinical_items.csv,cns_score_musclebulk,"Muscle Bulk,Tone&Strength",,Empty CSV cells and NaN denote missing observations
data/phenotype/clinical_items.csv,cns_score_myotaticreflexes,Myotatic Reflexes,,Empty CSV cells and NaN denote missing observations
data/phenotype/clinical_items.csv,cns_score_toesign,Toe Sign,,Empty CSV cells and NaN denote missing observations
data/phenotype/clinical_items.csv,cns_score_otherfindings,Other Findings,,Empty CSV cells and NaN denote missing observations
data/phenotype/clinical_items.csv,cns_score_total_1,Columbia Neurologic Score: (duplicate source column retained with MATLAB suffix),,Empty CSV cells and NaN denote missing observations
data/phenotype/clinical_items.csv,general_medical_and_neurological_examination_complete,Source field general_medical_and_neurological_examination_complete,"See result map, source variable name and analysis script; no additional unit assumptions",Empty CSV cells and NaN denote missing observations
data/phenotype/clinical_items.csv,nmdas_cf_1,1. Vision with usual glasses or contact leases,"0, Normal | 1, No functional impairment but aware of worsened acuities. | 2, Mild - difficulty with small print or text on television. | 3, Moderate - difficulty outside the home (e.g. bus numbers, road signs or shopping). | 4, Severe - difficulty recognizing faces. | 5, Unable to navigate without help (e.g. carer, dog, cane).",Empty CSV cells and NaN denote missing observations
data/phenotype/clinical_items.csv,nmdas_cf_2,"2, Hearing with or without hearing aid","0, Normal | 1, No communication problems but aware of tinnitus or deterioration from prior ""normal hearing. | 2, Mid deafness (e.g. missing words in presence of background noise). Fully corrected with hearing aid. | 3, Moderate deafness (e.g. regularly requiring repetition). Not fully corrected with hearing aid. | 4, Severe deafness - poor hearing even with aid (see 3 above). | 5, End stage - virtually no hearing despite aid. Relies heavily on non-verbal communication (e.g. lip reading) or has cochlear implant.",Empty CSV cells and NaN denote missing observations
data/phenotype/clinical_items.csv,nmdas_cf_3,"3, Speech","0, Normal | 1, Communication unaffected but patient or others aware of changes in speech patterns or quality. | 2, Mild difficulties - usually understood and rarely asked to repeat things. | 3, Moderate difficulties - poorly understood by strangers and frequently asked to repeat things. | 4, Severe difficulties - poorly understood by family or friends. | 5, Not understood by family or friends. Requires communication aid.",Empty CSV cells and NaN denote missing observations
data/phenotype/clinical_items.csv,nmdas_cf_4,"4, Swallowing","0, Normal | 1, Mild-sensation of solids sticking (occasional). | 2, Sensation of Solids sticking (most meals) or need to modify diet (e.g. avoidance of steak/salad) | 3, Difficulty Swallowing solids - affecting meal size or duration. Coughing, choking or nasal regurgitation infrequent (1 to 4 times per month) but more than peers. | 4, Requires adapted diet - regular coughing, choking, or nasal regurgitation (more than once per week) | 5, Requiring enteral feeding (e.g. PEG).",Empty CSV cells and NaN denote missing observations
data/phenotype/clinical_items.csv,nmdas_cf_5,"5, Handwriting","0, Normal | 1, Writing speed unaffected but aware of increasing untidiness. | 2, Mild - Has to write slower to maintain tidiness/legibility. | 3, Moderate - Handwriting takes at least twice as long or resorts to printing (must previously have used joined writing). | 4, Severe - Handwriting mostly illegible. Printing very slow and untidy (e.g. ""THE BLACKCAT Takes in excess of 30 seconds). | 5, Unable to write. No legible words.",Empty CSV cells and NaN denote missing observations
data/phenotype/clinical_items.csv,nmdas_cf_6,"6. Cutting food and handling utensils (irrespective of contributory factors. e.g. weakness, coordination, cognitive function etc. This is also true for questions 7-10)","0, Normal | 1, Slightly slow and/or clumsy but minimal effect on meal duration. | 2, Slow and/or clumsy with extended mea duration, but o help required. | 3, Difficulty cutting lip food and inaccuracy of transfer pronounced. Can manage alone but avoids problem foods (e.g. peas) or carer typically offers minor assistance (e.g. cutting up steak). | 4, Unable to cut up food. Can pass food to mouth with great effort or inaccuracy. Resultant intake minimal. Requires major assistance. | 5, Needs to be fed.",Empty CSV cells and NaN denote missing observations
data/phenotype/clinical_items.csv,nmdas_cf_7,7. Dressing,"0, Normal | 1, Occasional difficulties (e.g. shoe laces, buttons etc.) but no real impact on time or effort. Carer typically helps with difficult tasks such as shoe laces or buttons. | 2, Mild - dressing takes longer and requires more effort than expected at the patient's age. No help required. | 3, Moderate - Can dress unaided but takes at least twice as long and is a major effort. Carer typically helps with difficult tasks such as shoe laces or buttons. | 4, Severe - Unable to dress without help but some tasks completed unaided. | 5, Needs to be dressed.",Empty CSV cells and NaN denote missing observations
data/phenotype/clinical_items.csv,nmdas_cf_8,8. Hygiene,"0, Normal | 1, Occasional difficulties only but no real impact on time or effort required. | 2, Mild- hygienic care takes longer but quality unaffected. | 3, Moderate - bathes and showers alone with difficulty or needs bath chair/modifications. Dexterous tasks (e.g. brushing teeth, combing hair) performed poorly. | 4, Severe - unable to bathe or shower without help. Major difficulty using toilet alone. Dexterous tasks require help. | 5, Dependent on carers to wash, bathe and toilet",Empty CSV cells and NaN denote missing observations
data/phenotype/clinical_items.csv,nmdas_cf_9,9. Exercise Tolerance.,"0, Normal | 1, Unlimited on flat - symptomatic on inclines or stairs. | 2, Able to walk < 1000m on the flat. Restricted on inclines or stairs-rest needed after flight (12 steps). | 3, Able to walk < 500m on the flat, Rest needed after 8 steps on stairs. | 4, Able to walk < 100m on the flat. Rest needed after 4 steps on stairs. | 5, Able to walk < 25m on the fat, Unable to do stairs alone.",Empty CSV cells and NaN denote missing observations
data/phenotype/clinical_items.csv,nmdas_cf_10,"10, Gait Stability","0, Normal | 1, Normal gait - occasional difficulties on turns, uneven ground, or if required to balance on narrow base. | 2, Gait reasonably steady. Aware of impaired balance. Occasionally off balance when walking. | 3, Unsteady gait. Always off balance when walking. Occasional falls. Gait steady with support of stick or person. | 4, Gait grossly unsteady without support. High likelihood of falls. Can only walk short distances (<10m) without support. | 5, Unable to walk without support. Falls on standing",Empty CSV cells and NaN denote missing observations
data/phenotype/clinical_items.csv,nmdas_ssi_1,"1, Psychiatric","0, None. | 1, Mild & transient (e.g. reactive depression) - lasting less than 3 months | 2, Mild & persistent (lasting more than 3 months) or recurrent. Patient has consulted GP. | 3, Moderate & warranting specialist treatment (e.g. from a psychiatrist) - e.g. bipolar disorder or depression with vegetative symptoms (insomnia, anorexia, abulia etc.) | 4, Severe (e.g. self-harm - psychosis etc.). | 5, Institutionalized or suicide attempt.",Empty CSV cells and NaN denote missing observations
data/phenotype/clinical_items.csv,nmdas_ssi_2,"2, Migraine Headaches during the last 3 months, how many days have headaches prevented the patient from functioning normally at school, work, or in the home?","0, No past history | 1, Asymptomatic but past history of migraines. | 2, One day per month. | 3, Two days per month. | 4, Three days per month. | 5, Four days per month or more.",Empty CSV cells and NaN denote missing observations
data/phenotype/clinical_items.csv,nmdas_ssi_3,"3, Seizures","0, No past history | 1, Asymptomatic but past history of epilepsy. | 2, Myoclonic or simple partial seizures only. | 3, Multiple absence, complex partial, or myoclonic seizures affecting function or single generalized Seizure. | 4, Multiple generalized seizures. | 5, Status epilepticus.",Empty CSV cells and NaN denote missing observations
data/phenotype/clinical_items.csv,nmdas_ssi_4,"4, Stroke - like episodes (exclude focal deficits felt to be of vascular etiology)","0, None. | 1, Transient focal sensory symptoms only (less than 24 hours). | 2, Transient focal motor symptoms only (less than 24 hours). | 3, Single stroke-like episode affecting one hemisphere (more than 24 hours). | 4, Single stroke-like episode affecting both hemispheres (more than 24 hours). | 5, Multiple stroke-like episodes (more than 24 hours each).",Empty CSV cells and NaN denote missing observations
data/phenotype/clinical_items.csv,nmdas_ssi_5,"5, Encephalopathic episodes","0, No past history. | 1, Asymptomatic but past history of encephalopathy. | 2, Mild - single episode of personality or behavioral change but retaining orientation in time/space/person. 3, Moderate - single episode of confusion or disorientation in time, place or person. | 4, Severe - multiple moderate episodes (as above) or emergency hospital admission due to encephalopathy without associated seizures or stroke-like episodes. | 5, Very severe - in association with seizures, strokes or gross lactic acidaemia.",Empty CSV cells and NaN denote missing observations
data/phenotype/clinical_items.csv,nmdas_ssi_6,6. Gastro-intestinal symptoms,"0, None | 1, Mild constipation only or past history of bowel resection for dysmotility. | 2, Occasional symptoms of ""irritable bowel (pain, bloating or diarrhea) with long spells of normality. | 3, Frequent symptoms (as above) most weeks or severe constipation with bowels open less than once week   or need for daily medications | 4, Dysmotility requiring admission or persistent and/or recurrent anorexia/vomiting/weight loss. | 5, Surgical procedures or resections for gastrointestinal dysmotility.",Empty CSV cells and NaN denote missing observations
data/phenotype/clinical_items.csv,nmdas_ssi_7,7. Diabetes mellitus,"0, None | 1, Past history of gestational diabetes or transient glucose intolerance related to intercurrent illness. | 2, Impaired glucose tolerance (in absence of intercurrent illness). | 3, NIDDM (Diet). | 4, NIDDM (Tablets). | 5, DM requiring insulin (irrespective of treatment at onset).",Empty CSV cells and NaN denote missing observations
data/phenotype/clinical_items.csv,nmdas_ssi_8,8. Respiratory muscle weakness,"0, FVC normal (>=85% predicted). | 1, FVC < 85% predicted. | 2, FVC < 75% predicted. | 3, FVC < 65% predicted | 4, FVC < 55% predicted. | 5, FVC < 45% predicted or ventilatory support for over 6 hours per 24 hr. period (not for OSA alone).",Empty CSV cells and NaN denote missing observations
data/phenotype/clinical_items.csv,nmdas_ssi_9,9. Cardiovascular system.,"0, None | 1, Asymptomatic ECG change. | 2, Asymptomatic LVH on echo or non-sustained brady/tachyarrhythmia on ECG. | 3, Sustained or symptomatic arrhythmia, LVH or cardiomyopathy. Dilated chambers Or reduced function on echo. Mobitz II AV black or greater. | 4, Requires pacemaker, defibrillator, arrhythmia ablation, or LVEF <35% on echocardiogram. | 5, Symptoms of left ventricular failure with clinical and/or X-ray evidence of pulmonary edema or LVEF < 30% on echocardiogram.",Empty CSV cells and NaN denote missing observations
data/phenotype/clinical_items.csv,nmdas_cca_1,"1, Visual acuity with usual glasses, contact lenses or pinhole.","0, CSD ≤ 12 				(i.e. normal vision - 676, 676 or better). | 1, CSD ≤ 18 				(eg 6/9, 6/9). | 2, CSD ≤ 36 				(eg 6/12, 6/24). | 3, CSD ≤ 60 				(eg 6/24, 6/36). | 4, CSD ≤ 96 				(eg 6/60, 6/36). | 5, CSD ≤ 120 				(eg 6/60, 6760 or worse)",Empty CSV cells and NaN denote missing observations
data/phenotype/clinical_items.csv,nmdas_cca_2,"2, Ptosis","0, None | 1, Mild ptosis -- not obscuring either pupil. | 2, Unilateral ptosis obscuring <1/3 of pupil | 3, Bilateral ptosis obscuring < 1/3 or unilateral ptosis obscuring > 1/3 of pupil or prior unilateral surgery. | 4, Bilateral ptosis obscuring > 1/3 of pupils or prior bilateral surgery. | 5, Bilateral ptosis obscuring >2/3 of pupils or > f3 of pupils despite prior bilateral surgery.",Empty CSV cells and NaN denote missing observations
data/phenotype/clinical_items.csv,nmdas_cca_3,"3, Chronic Progressive External Ophthalmoplegia","0, None | 1, Some restriction of eye movement (any direction). Abduction complete. | 2, Abduction of worst eye incomplete. | 3, Abduction of worst eye below 60% of normal. | 4, Abduction of worst eye below 30% of normal. | 5, Abduction of worst eye minimal (flicker).",Empty CSV cells and NaN denote missing observations
data/phenotype/clinical_items.csv,nmdas_cca_4,"4, Dysphonia/Dysarthria","0, None. | 1, Minimal - noted on examination only. | 2, Mild - Clear impairment buy easily understood. | 3, Moderate - some words poorly understood and its frequent repetition needed. | 4, Severe - many words poorly understood and frequent repetition needed. | 5, Not understood. Requires communication aid.",Empty CSV cells and NaN denote missing observations
data/phenotype/clinical_items.csv,nmdas_cca_5,"5, Myopathy","0, Normal | 1, Minimal reduction on hip flexion and/or shoulder abduction only (eg MRC 4+/5) | 2, Mild but clear proximal weakness in hip flexion and shoulder abduction (MRC 4/5).  Minimal weakness in elbow flexion and knee extension (MRC 4+/5 - both examined with joint at 90 degrees). | 3, Moderate proximal weakness including elbow flexion & knee extension (MRC 4/5/ OR 4-/5) or difficulty rising from a 90-degree squat. | 4, Waddling gait. Unable to rise from a 90 degree squat (=a chair) unaided. | 5, Wheelchair dependent primarily due to proximal weakness.",Empty CSV cells and NaN denote missing observations
data/phenotype/clinical_items.csv,nmdas_cca_6,6. Cerebellar ataxia,"0, None. | 1, Normal gait but hesitant heel-toe. | 2, Gait reasonably steady. Unable to maintain heel-toe walking or mild UL dysmetria. | 3, Ataxic gait (but walks unaided) or UL intention tremor & past-pointing. Unable to walk heel-toe - falls immediately. | 4, Severe-gait grossly unsteady without support or UL ataxia sufficient to affect feeding. | 5, Wheelchair dependent primarily due to ataxia or UL ataxia prevents feeding.",Empty CSV cells and NaN denote missing observations
data/phenotype/clinical_items.csv,nmdas_cca_7,7. Neuropathy,"0, None | 1, Subtle sensory symptoms or areflexia. | 2, Sensory impairment only (eg glove & stocking sensory loss). | 3, Motor impairment (distal weakness) or sensory ataxia. | 4, Sensory ataxia or motor effects severely limit ambulation. | 5, Wheelchair bound primarily due to sensory ataxia or neurogenic weakness.",Empty CSV cells and NaN denote missing observations
data/phenotype/clinical_items.csv,nmdas_cca_8,8. Pyramidal Involvement,"0, None. | 1, Focal or generalized increase in tone or reflexes only. | 2, Mild focal weakness, sensory loss or fine motor impairment (eg cortical hand). | 3, Moderate hemiplegia allowing unaided ambulation or dense UL monoplegia. | 4, Severe hemiplegia allowing ambulation with aids or moderate tetraplegia (ambulant). | 5, Wheelchair dependent primarily due to hemiplegia of tetraplegia.",Empty CSV cells and NaN denote missing observations
data/phenotype/clinical_items.csv,nmdas_cca_9,9. Extrapyramidal,"0, Normal. | 1, Mild and Unilateral. Not disabling (H&Y stage 1). | 2, Mild and bilateral. Minimal disability. Gait affected (H&Y stage 2). | 3, Moderate. Significant slowing of body movements (H&Y stage 3). | 4, Severe. Rigidity and bradykinesia. Unable to live alone. Can walk to limited extent, (H&Y stage 4). | 5, Cannot walk or Stand unaided. Requires constant nursing care (H&Y stage 5).",Empty CSV cells and NaN denote missing observations
data/phenotype/clinical_items.csv,nmdas_cca_10,"10, Cognition Patients undergo testing using WTAR, Symbol Search and Speed of comprehension test.","0, Combined centiles 100 or more. | 1, Combined centiles 60 - 99 | 2, Combined centiles 30 - 59 | 3, Combined centiles 15 - 29 | 4, Combined centiles 5 - 14 | 5, Combined centiles 4 or below.",Empty CSV cells and NaN denote missing observations
data/phenotype/clinical_items.csv,nmdas_i_ii_iii_score_1,Score: (duplicate source column retained with MATLAB suffix),,Empty CSV cells and NaN denote missing observations
data/phenotype/clinical_items.csv,nmdas_i_ii_iii_score_2,Score:,,Empty CSV cells and NaN denote missing observations
data/phenotype/clinical_items.csv,nmdas_complete,Source field nmdas_complete,"See result map, source variable name and analysis script; no additional unit assumptions",Empty CSV cells and NaN denote missing observations
data/phenotype/clinical_items.csv,nmdas_scoring_complete,Source field nmdas_scoring_complete,"See result map, source variable name and analysis script; no additional unit assumptions",Empty CSV cells and NaN denote missing observations
data/phenotype/phenotype_scores.csv,ReleaseID,Random pseudonymous release identifier shared across participant CSV files,Not the original study identifier,Empty CSV cells and NaN denote missing observations
data/phenotype/phenotype_scores.csv,stai_y1_state_total,STAY State Anxiety,,Empty CSV cells and NaN denote missing observations
data/phenotype/phenotype_scores.csv,stai_y1_trait_total,STAY Trait Anxiety Total,,Empty CSV cells and NaN denote missing observations
data/phenotype/phenotype_scores.csv,bdi_total,BDI,,Empty CSV cells and NaN denote missing observations
data/phenotype/phenotype_scores.csv,mbi_ineff,Source field mbi_ineff,"See result map, source variable name and analysis script; no additional unit assumptions",Empty CSV cells and NaN denote missing observations
data/phenotype/phenotype_scores.csv,mbi_cyn,MBI Cynicism,,Empty CSV cells and NaN denote missing observations
data/phenotype/phenotype_scores.csv,mbi_exhaus,MBI exhaustion,,Empty CSV cells and NaN denote missing observations
data/phenotype/phenotype_scores.csv,pcl_total,PCL-5 Score,,Empty CSV cells and NaN denote missing observations
data/phenotype/phenotype_scores.csv,dsm_5_psychoticism,psychoticism,,Empty CSV cells and NaN denote missing observations
data/phenotype/phenotype_scores.csv,pss_total,PSS,,Empty CSV cells and NaN denote missing observations
data/phenotype/phenotype_scores.csv,tics_total_score,TICS,,Empty CSV cells and NaN denote missing observations
data/phenotype/phenotype_scores.csv,dhs_score,Daily Hassles Scale,,Empty CSV cells and NaN denote missing observations
data/phenotype/phenotype_scores.csv,neo_neuro,NEO Neurotocism,,Empty CSV cells and NaN denote missing observations
data/phenotype/phenotype_scores.csv,neo_extra,NEO extraversion,,Empty CSV cells and NaN denote missing observations
data/phenotype/phenotype_scores.csv,neo_open,NEO Openess,,Empty CSV cells and NaN denote missing observations
data/phenotype/phenotype_scores.csv,neo_agree,NEO Agreeableness,,Empty CSV cells and NaN denote missing observations
data/phenotype/phenotype_scores.csv,neo_cons,NEO Conscientiousness,,Empty CSV cells and NaN denote missing observations
data/phenotype/phenotype_scores.csv,ssq_s,SSQ S,,Empty CSV cells and NaN denote missing observations
data/phenotype/phenotype_scores.csv,ssq_n,SSQ N,,Empty CSV cells and NaN denote missing observations
data/phenotype/phenotype_scores.csv,ctq_ea,CTQ 'Emotional Abuse' Subscale,,Empty CSV cells and NaN denote missing observations
data/phenotype/phenotype_scores.csv,ctq_pa,CTQ 'Physical Abuse' Subscale,,Empty CSV cells and NaN denote missing observations
data/phenotype/phenotype_scores.csv,ctq_sa,CTQ 'Sexual Abuse' Subscale,,Empty CSV cells and NaN denote missing observations
data/phenotype/phenotype_scores.csv,ctq_en,CTQ 'Emotional Neglect' Subscale,,Empty CSV cells and NaN denote missing observations
data/phenotype/phenotype_scores.csv,ctq_pn,CTQ 'Physical Neglect' Subscale,,Empty CSV cells and NaN denote missing observations
data/phenotype/phenotype_scores.csv,ctq_md,CTQ 'Minimization/Denial' Subscale,,Empty CSV cells and NaN denote missing observations
data/phenotype/phenotype_scores.csv,leq_positive_events_score,positive events score,,Empty CSV cells and NaN denote missing observations
data/phenotype/phenotype_scores.csv,leq_negative_events_score,negative events score,,Empty CSV cells and NaN denote missing observations
data/phenotype/phenotype_scores.csv,leq_total_events_score,Total events score,,Empty CSV cells and NaN denote missing observations
data/phenotype/phenotype_scores.csv,srh_score,Self rated health,,Empty CSV cells and NaN denote missing observations
data/phenotype/phenotype_scores.csv,mcc_score,Memory Complaints Total,,Empty CSV cells and NaN denote missing observations
data/phenotype/phenotype_scores.csv,dsm_5_cross_cutting_imputed,Cross-Cutting Symptom Measure Imputed,,Empty CSV cells and NaN denote missing observations
data/phenotype/phenotype_scores.csv,dsm_5_neg_aff_imputed,Negative Affect Imputed,,Empty CSV cells and NaN denote missing observations
data/phenotype/phenotype_scores.csv,dsm_5_detachment_imputed,Detachment,,Empty CSV cells and NaN denote missing observations
data/phenotype/phenotype_scores.csv,dsm_5_antagonism_imputed,Antagonism imputed,,Empty CSV cells and NaN denote missing observations
data/phenotype/phenotype_scores.csv,dsm_5_disinhibition_imputed,Disinhibition imputed,,Empty CSV cells and NaN denote missing observations
data/phenotype/phenotype_scores.csv,l_cat,"During the past month, which statement best describes the kinds of physical activity you usually did? Do not include the time you spent working at a job. Please read all six statements before selecting one.","1, I did not do much physical activity. I mostly did things like watching television, reading, playing cards, or playing computer games. Only occasionally, <u><b>no more than once or twice a month, </u></b>did I do anything more active such as going for a walk or playing tennis. | 2, <u><b>Once or twice a week</u></b>, I did <u><b>light activities</u></b> such as getting outdoors on the weekends for an easy walk or stroll. Or once or twice a week, I did chores around the house such as sweeping floors or vacuuming. | 3, <u><b>About three times a week</u></b>, I did <u><b>moderate activities</u></b> such as brisk walking, swimming, or riding a bike <u><b>for about 15-20 minutes each time.</u></b> Or about once a week, I did moderately difficult chores such as raking or mowing the lawn for about 45-60 minutes. Or about once a week, I played sports such as softball, basketball, or soccer for about 45-60 minutes. | 4, <u><b>Almost daily, that is five or more times a week</u></b>, I did moderate activities such as brisk walking, swimming, or riding a bike <u><b>for 30 minutes or more each time.</u></b> Or about once a week, I did moderately difficult chores or played sports for 2 hours or more. | 5, <u><b>About three times a week,</u></b> I did <u><b>vigorous activities</u></b> such as running or riding hard on a bike <u><b>for 30 minutes or more each time.</u></b> | 6, Almost daily, that is five or more times a week, I did vigorous activities such as running or riding hard on a bike for 30 minutes or more each time.",Empty CSV cells and NaN denote missing observations
data/phenotype/phenotype_scores.csv,scor_abp1_psqi_global,PSQI - Global Score,,Empty CSV cells and NaN denote missing observations
data/phenotype/phenotype_scores.csv,mfis_phy_sub,Physical Subscale:,,Empty CSV cells and NaN denote missing observations
data/phenotype/phenotype_scores.csv,mfis_cog_sub,Cognitive Subscale:,,Empty CSV cells and NaN denote missing observations
data/phenotype/phenotype_scores.csv,mfis_psy_sub,Psychosocial Subscale:,,Empty CSV cells and NaN denote missing observations
data/phenotype/phenotype_scores.csv,compass_orth_int,Orthosataic Intolerance,,Empty CSV cells and NaN denote missing observations
data/phenotype/phenotype_scores.csv,compass_vasomotor,Vasomotor,,Empty CSV cells and NaN denote missing observations
data/phenotype/phenotype_scores.csv,compass_secretomotor,Secretomotor,,Empty CSV cells and NaN denote missing observations
data/phenotype/phenotype_scores.csv,compass_gastrointest,Gastrointestinsl,,Empty CSV cells and NaN denote missing observations
data/phenotype/phenotype_scores.csv,compass_bladded,Bladder,,Empty CSV cells and NaN denote missing observations
data/phenotype/phenotype_scores.csv,compass_pupillomotor,Pupillomotor,,Empty CSV cells and NaN denote missing observations
data/phenotype/phenotype_scores.csv,compass_total,Compass Total,,Empty CSV cells and NaN denote missing observations
data/phenotype/phenotype_scores.csv,pfs_phys,Pittsburgh Fatiguability Scale Physical,,Empty CSV cells and NaN denote missing observations
data/phenotype/phenotype_scores.csv,pfs_mental,Pittsburgh Fatiguability Scale Mental,,Empty CSV cells and NaN denote missing observations
data/phenotype/phenotype_scores.csv,dcf_sit_stand_time,30 Sit-stand test Record number of sit-stands,,Empty CSV cells and NaN denote missing observations
data/phenotype/phenotype_scores.csv,dcf_bodyfat_avg,Average percentage of body fat,,Empty CSV cells and NaN denote missing observations
data/phenotype/phenotype_scores.csv,fat_free_mass,fat free mass,,Empty CSV cells and NaN denote missing observations
data/phenotype/phenotype_scores.csv,hip_waist_circum_ratio,Hip/Waist Circumference,,Empty CSV cells and NaN denote missing observations
data/phenotype/phenotype_scores.csv,dcg_adj_wgt,Adjusted Weight,,Empty CSV cells and NaN denote missing observations
data/phenotype/phenotype_scores.csv,fev1_average,FEV1 average,,Empty CSV cells and NaN denote missing observations
data/phenotype/phenotype_scores.csv,fev1_predicted_average,FEV1 Predicted % average,,Empty CSV cells and NaN denote missing observations
data/phenotype/phenotype_scores.csv,fvc_average,FVC average,,Empty CSV cells and NaN denote missing observations
data/phenotype/phenotype_scores.csv,fvc_predicted_average,FVC Predicted % average,,Empty CSV cells and NaN denote missing observations
data/phenotype/phenotype_scores.csv,fev1fvc_average,FEV1/FVC average,,Empty CSV cells and NaN denote missing observations
data/phenotype/phenotype_scores.csv,pi_geneticdiagnosistype,If yes:,"0, Control | 1, 3243 A>G | 2, Single Deletion | 3, MELAS | 4, Other",Empty CSV cells and NaN denote missing observations
data/phenotype/phenotype_scores.csv,met_ree_d1,Resting Energy Expenditure REE (kcal/day),,Empty CSV cells and NaN denote missing observations
data/phenotype/phenotype_scores.csv,met_ree_d2,Resting Energy Expenditure REE (kcal/day),,Empty CSV cells and NaN denote missing observations
data/phenotype/phenotype_scores.csv,met_vo2_d2,VO2 (mlO2/min),,Empty CSV cells and NaN denote missing observations
data/phenotype/phenotype_scores.csv,respiratory_rate_rr_breaths_min,Respiratory Rate RR (Breaths/min),,Empty CSV cells and NaN denote missing observations
data/phenotype/phenotype_scores.csv,met_feo2_d2,FeO2 (%),,Empty CSV cells and NaN denote missing observations
data/phenotype/phenotype_scores.csv,met_tidal_d2,Tidal volume (L),,Empty CSV cells and NaN denote missing observations
data/phenotype/phenotype_scores.csv,met_ve_d2,Minute Ventilation VE (L/min),,Empty CSV cells and NaN denote missing observations
data/phenotype/phenotype_scores.csv,met_vo2_kg_d2,VO2 (mLO2/min/kg),,Empty CSV cells and NaN denote missing observations
data/phenotype/phenotype_scores.csv,nmdas_i_ii_iii_score,Score:,,Empty CSV cells and NaN denote missing observations
data/phenotype/phenotype_scores.csv,cns_score_total,Columbia Neurologic Score:,,Empty CSV cells and NaN denote missing observations
data/phenotype/phenotype_scores.csv,karnofsky_100,,"100, 100 Normal no complaints; no evidence of disease. | 90, 90 Able to carry on normal activity; minor signs or symptoms of disease. | 80, 80 Normal activity with effort; some signs or symptoms of disease. | 70, 70 Cares for self; unable to carry on normal activity or to do active work.",Empty CSV cells and NaN denote missing observations
data/phenotype/phenotype_scores.csv,hr_avg_p5_300s,Average Heart Rate (bpm),,Empty CSV cells and NaN denote missing observations
data/phenotype/phenotype_scores.csv,hr_avg_p10_300s,Average Heart Rate (bpm),,Empty CSV cells and NaN denote missing observations
data/phenotype/phenotype_scores.csv,hr_avg_p5_60s_1,Average Heart Rate (bpm),,Empty CSV cells and NaN denote missing observations
data/phenotype/phenotype_scores.csv,hr_avg_p5_60s_2,Average Heart Rate (bpm),,Empty CSV cells and NaN denote missing observations
data/phenotype/phenotype_scores.csv,respr_count_p5_60s_1,resp rate,,Empty CSV cells and NaN denote missing observations
data/phenotype/phenotype_scores.csv,respr_count_p5_60s_2,resp rate,,Empty CSV cells and NaN denote missing observations
data/phenotype/phenotype_scores.csv,hr_avg_p10_60s_1,Average Heart Rate (bpm),,Empty CSV cells and NaN denote missing observations
data/phenotype/phenotype_scores.csv,hr_avg_p10_60s_2,Average Heart Rate (bpm),,Empty CSV cells and NaN denote missing observations
data/phenotype/phenotype_scores.csv,respr_count_p10_60s_1,resp rate,,Empty CSV cells and NaN denote missing observations
data/phenotype/phenotype_scores.csv,respr_count_p10_60s_2,resp rate,,Empty CSV cells and NaN denote missing observations
data/phenotype/phenotype_scores.csv,ln_nd1_copies_ul_saliva_m5,Natural log transformed nd1 copies/ul of sample (mtDNA)_saliva_m5,,Empty CSV cells and NaN denote missing observations
data/phenotype/phenotype_scores.csv,ln_b2m_copies_ul_saliva_m5,Natural log transformed b2m copies/ul of sample (nDNA)_saliva_m5,,Empty CSV cells and NaN denote missing observations
data/phenotype/phenotype_scores.csv,ln_nd1_copies_ul_saliva_5,Natural log transformed nd1 copies/ul of sample (mtDNA)_saliva_5,,Empty CSV cells and NaN denote missing observations
data/phenotype/phenotype_scores.csv,ln_b2m_copies_ul_saliva_5,Natural log transformed b2m copies/ul of sample (nDNA)_saliva_5,,Empty CSV cells and NaN denote missing observations
data/phenotype/phenotype_scores.csv,ln_nd1_copies_ul_saliva_10,Natural log transformed nd1 copies/ul of sample (mtDNA)_saliva_10,,Empty CSV cells and NaN denote missing observations
data/phenotype/phenotype_scores.csv,ln_b2m_copies_ul_saliva_10,Natural log transformed b2m copies/ul of sample (nDNA)_saliva_10,,Empty CSV cells and NaN denote missing observations
data/phenotype/phenotype_scores.csv,ln_nd1_copies_ul_saliva_20,Natural log transformed nd1 copies/ul of sample (mtDNA)_saliva_20,,Empty CSV cells and NaN denote missing observations
data/phenotype/phenotype_scores.csv,ln_b2m_copies_ul_saliva_20,Natural log transformed b2m copies/ul of sample (nDNA)_saliva_20,,Empty CSV cells and NaN denote missing observations
data/phenotype/phenotype_scores.csv,ln_nd1_copies_ul_saliva_30,Natural log transformed nd1 copies/ul of sample (mtDNA)_saliva_30,,Empty CSV cells and NaN denote missing observations
data/phenotype/phenotype_scores.csv,ln_b2m_copies_ul_saliva_30,Natural log transformed b2m copies/ul of sample (nDNA)_saliva_30,,Empty CSV cells and NaN denote missing observations
data/phenotype/phenotype_scores.csv,ln_nd1_copies_ul_saliva_60,Natural log transformed nd1 copies/ul of sample (mtDNA)_saliva_60,,Empty CSV cells and NaN denote missing observations
data/phenotype/phenotype_scores.csv,ln_b2m_copies_ul_saliva_60,Natural log transformed b2m copies/ul of sample (nDNA)_saliva_60,,Empty CSV cells and NaN denote missing observations
data/phenotype/phenotype_scores.csv,ln_nd1_copies_ul_saliva_90,Natural log transformed nd1 copies/ul of sample (mtDNA)_saliva_90,,Empty CSV cells and NaN denote missing observations
data/phenotype/phenotype_scores.csv,ln_b2m_copies_ul_saliva_90,Natural log transformed b2m copies/ul of sample (nDNA)_saliva_90,,Empty CSV cells and NaN denote missing observations
data/phenotype/phenotype_scores.csv,ln_nd1_copies_ul_saliva_120,Natural log transformed nd1 copies/ul of sample (mtDNA)_saliva_120,,Empty CSV cells and NaN denote missing observations
data/phenotype/phenotype_scores.csv,ln_b2m_copies_ul_saliva_120,Natural log transformed b2m copies/ul of sample (nDNA)_saliva_120,,Empty CSV cells and NaN denote missing observations
data/phenotype/phenotype_scores.csv,ln_nd1_copies_ul_serum_m5,Natural log transformed nd1 copies/ul of sample (mtDNA)_serum_m5,,Empty CSV cells and NaN denote missing observations
data/phenotype/phenotype_scores.csv,ln_b2m_copies_ul_serum_m5,Natural log transformed b2m copies/ul of sample (nDNA)_serum_m5,,Empty CSV cells and NaN denote missing observations
data/phenotype/phenotype_scores.csv,ln_nd1_copies_ul_serum_5,Natural log transformed nd1 copies/ul of sample (mtDNA)_serum_5,,Empty CSV cells and NaN denote missing observations
data/phenotype/phenotype_scores.csv,ln_b2m_copies_ul_serum_5,Natural log transformed b2m copies/ul of sample (nDNA)_serum_5,,Empty CSV cells and NaN denote missing observations
data/phenotype/phenotype_scores.csv,ln_nd1_copies_ul_serum_10,Natural log transformed nd1 copies/ul of sample (mtDNA)_serum_10,,Empty CSV cells and NaN denote missing observations
data/phenotype/phenotype_scores.csv,ln_b2m_copies_ul_serum_10,Natural log transformed b2m copies/ul of sample (nDNA)_serum_10,,Empty CSV cells and NaN denote missing observations
data/phenotype/phenotype_scores.csv,ln_nd1_copies_ul_serum_20,Natural log transformed nd1 copies/ul of sample (mtDNA)_serum_20,,Empty CSV cells and NaN denote missing observations
data/phenotype/phenotype_scores.csv,ln_b2m_copies_ul_serum_20,Natural log transformed b2m copies/ul of sample (nDNA)_serum_20,,Empty CSV cells and NaN denote missing observations
data/phenotype/phenotype_scores.csv,ln_nd1_copies_ul_serum_30,Natural log transformed nd1 copies/ul of sample (mtDNA)_serum_30,,Empty CSV cells and NaN denote missing observations
data/phenotype/phenotype_scores.csv,ln_b2m_copies_ul_serum_30,Natural log transformed b2m copies/ul of sample (nDNA)_serum_30,,Empty CSV cells and NaN denote missing observations
data/phenotype/phenotype_scores.csv,ln_nd1_copies_ul_serum_60,Natural log transformed nd1 copies/ul of sample (mtDNA)_serum_60,,Empty CSV cells and NaN denote missing observations
data/phenotype/phenotype_scores.csv,ln_b2m_copies_ul_serum_60,Natural log transformed b2m copies/ul of sample (nDNA)_serum_60,,Empty CSV cells and NaN denote missing observations
data/phenotype/phenotype_scores.csv,ln_nd1_copies_ul_serum_90,Natural log transformed nd1 copies/ul of sample (mtDNA)_serum_90,,Empty CSV cells and NaN denote missing observations
data/phenotype/phenotype_scores.csv,ln_b2m_copies_ul_serum_90,Natural log transformed b2m copies/ul of sample (nDNA)_serum_90,,Empty CSV cells and NaN denote missing observations
data/phenotype/phenotype_scores.csv,ln_b2m_copies_ul_serum_120,Natural log transformed b2m copies/ul of sample (nDNA)_serum_120,,Empty CSV cells and NaN denote missing observations
data/phenotype/phenotype_scores.csv,ln_nd1_copies_ul_serum_120,Natural log transformed nd1 copies/ul of sample (mtDNA)_serum_120,,Empty CSV cells and NaN denote missing observations
data/phenotype/phenotype_scores.csv,ln_nd1_copies_ul_plasma_m5,Natural log transformed nd1 copies/ul of sample (mtDNA)_plasma_m5,,Empty CSV cells and NaN denote missing observations
data/phenotype/phenotype_scores.csv,ln_b2m_copies_ul_plasma_m5,Natural log transformed b2m copies/ul of sample (nDNA)_plasma_m5,,Empty CSV cells and NaN denote missing observations
data/phenotype/phenotype_scores.csv,ln_nd1_copies_ul_plasma_5,Natural log transformed nd1 copies/ul of sample (mtDNA)_plasma_5,,Empty CSV cells and NaN denote missing observations
data/phenotype/phenotype_scores.csv,ln_b2m_copies_ul_plasma_5,Natural log transformed b2m copies/ul of sample (nDNA)_plasma_5,,Empty CSV cells and NaN denote missing observations
data/phenotype/phenotype_scores.csv,ln_nd1_copies_ul_plasma_10,Natural log transformed nd1 copies/ul of sample (mtDNA)_plasma_10,,Empty CSV cells and NaN denote missing observations
data/phenotype/phenotype_scores.csv,ln_b2m_copies_ul_plasma_10,Natural log transformed b2m copies/ul of sample (nDNA)_plasma_10,,Empty CSV cells and NaN denote missing observations
data/phenotype/phenotype_scores.csv,ln_nd1_copies_ul_plasma_20,Natural log transformed nd1 copies/ul of sample (mtDNA)_plasma_20,,Empty CSV cells and NaN denote missing observations
data/phenotype/phenotype_scores.csv,ln_b2m_copies_ul_plasma_20,Natural log transformed b2m copies/ul of sample (nDNA)_plasma_20,,Empty CSV cells and NaN denote missing observations
data/phenotype/phenotype_scores.csv,ln_nd1_copies_ul_plasma_30,Natural log transformed nd1 copies/ul of sample (mtDNA)_plasma_30,,Empty CSV cells and NaN denote missing observations
data/phenotype/phenotype_scores.csv,ln_b2m_copies_ul_plasma_30,Natural log transformed b2m copies/ul of sample (nDNA)_plasma_30,,Empty CSV cells and NaN denote missing observations
data/phenotype/phenotype_scores.csv,ln_nd1_copies_ul_plasma_60,Natural log transformed nd1 copies/ul of sample (mtDNA)_plasma_60,,Empty CSV cells and NaN denote missing observations
data/phenotype/phenotype_scores.csv,ln_b2m_copies_ul_plasma_60,Natural log transformed b2m copies/ul of sample (nDNA)_plasma_60,,Empty CSV cells and NaN denote missing observations
data/phenotype/phenotype_scores.csv,ln_nd1_copies_ul_plasma_90,Natural log transformed nd1 copies/ul of sample (mtDNA)_plasma_90,,Empty CSV cells and NaN denote missing observations
data/phenotype/phenotype_scores.csv,ln_b2m_copies_ul_plasma_90,Natural log transformed b2m copies/ul of sample (nDNA)_plasma_90,,Empty CSV cells and NaN denote missing observations
data/phenotype/phenotype_scores.csv,ln_nd1_copies_ul_plasma_120,Natural log transformed nd1 copies/ul of sample (mtDNA)_plasma_120,,Empty CSV cells and NaN denote missing observations
data/phenotype/phenotype_scores.csv,ln_b2m_copies_ul_plasma_120,Natural log transformed b2m copies/ul of sample (nDNA)_plasma_120,,Empty CSV cells and NaN denote missing observations
data/phenotype/phenotype_scores.csv,hgba1c_edta1,HgbA1C,,Empty CSV cells and NaN denote missing observations
data/phenotype/phenotype_scores.csv,glucose_serum,Glucose,,Empty CSV cells and NaN denote missing observations
data/phenotype/phenotype_scores.csv,cholesterol_serum,Cholesterol,,Empty CSV cells and NaN denote missing observations
data/phenotype/phenotype_scores.csv,insulin_serum,Insulin,,Empty CSV cells and NaN denote missing observations
data/phenotype/phenotype_scores.csv,sodium_serum,Sodium,,Empty CSV cells and NaN denote missing observations
data/phenotype/phenotype_scores.csv,potassium_serum,Potassium,,Empty CSV cells and NaN denote missing observations
data/phenotype/phenotype_scores.csv,chloride_serum,Chloride,,Empty CSV cells and NaN denote missing observations
data/phenotype/phenotype_scores.csv,co2_serum,CO2,,Empty CSV cells and NaN denote missing observations
data/phenotype/phenotype_scores.csv,bun_serum,BUN,,Empty CSV cells and NaN denote missing observations
data/phenotype/phenotype_scores.csv,creatinine_serum,Creatinine,,Empty CSV cells and NaN denote missing observations
data/phenotype/phenotype_scores.csv,albumin_serum,Albumin,,Empty CSV cells and NaN denote missing observations
data/phenotype/phenotype_scores.csv,calcium_serum,Calcium,,Empty CSV cells and NaN denote missing observations
data/phenotype/phenotype_scores.csv,triglycerides_serum,Triglycerides,,Empty CSV cells and NaN denote missing observations
data/phenotype/phenotype_scores.csv,hdl_serum,HDL,,Empty CSV cells and NaN denote missing observations
data/phenotype/phenotype_scores.csv,cpeptide_serum,C-Peptide,,Empty CSV cells and NaN denote missing observations
data/phenotype/phenotype_scores.csv,wbc_edta1,WBC,,Empty CSV cells and NaN denote missing observations
data/phenotype/phenotype_scores.csv,neutroabsolute_edta1,NeutroAbsolute,,Empty CSV cells and NaN denote missing observations
data/phenotype/phenotype_scores.csv,lymphabsolute_edta1,LymphAbsolute,,Empty CSV cells and NaN denote missing observations
data/phenotype/phenotype_scores.csv,monoabsolute_edta1,MonoAbsolute,,Empty CSV cells and NaN denote missing observations
data/phenotype/phenotype_scores.csv,eosabsolute_edta1,EosAbsolute,,Empty CSV cells and NaN denote missing observations
data/phenotype/phenotype_scores.csv,basoabsolute_edta1,BasoAbsolute,,Empty CSV cells and NaN denote missing observations
data/phenotype/phenotype_scores.csv,fibrinogen_blue,Fibrinogen,,Empty CSV cells and NaN denote missing observations
data/phenotype/phenotype_scores.csv,crp_serum,CRP,,Empty CSV cells and NaN denote missing observations
data/phenotype/phenotype_scores.csv,scr_max_sc_5_min,Skin Conductance Response Maximum Sc 5 Minutes,,Empty CSV cells and NaN denote missing observations
data/phenotype/phenotype_scores.csv,scr_max_sc_10_min,Skin Conductance Response Maximum Sc 10 Minutes,,Empty CSV cells and NaN denote missing observations
data/phenotype/phenotype_scores.csv,fgf21_fasting_pgml,fgf21_Fasting (pg/ml),,Empty CSV cells and NaN denote missing observations
data/phenotype/phenotype_scores.csv,fgf21_s1_pgml,fgf21_S.1 (pg/ml),,Empty CSV cells and NaN denote missing observations
data/phenotype/phenotype_scores.csv,fgf21_s2_pgml,fgf21_S.2 (pg/ml),,Empty CSV cells and NaN denote missing observations
data/phenotype/phenotype_scores.csv,fgf21_s3_pgml,fgf21_S.3 (pg/ml),,Empty CSV cells and NaN denote missing observations
data/phenotype/phenotype_scores.csv,fgf21_s4_pgml,fgf21_S.4 (pg/ml),,Empty CSV cells and NaN denote missing observations
data/phenotype/phenotype_scores.csv,fgf21_s5_pgml,fgf21_S.5 (pg/ml),,Empty CSV cells and NaN denote missing observations
data/phenotype/phenotype_scores.csv,fgf21_s6_pgml,fgf21_S.6 (pg/ml),,Empty CSV cells and NaN denote missing observations
data/phenotype/phenotype_scores.csv,fgf21_s7_pgml,fgf21_S.7 (pg/ml),,Empty CSV cells and NaN denote missing observations
data/phenotype/phenotype_scores.csv,fgf21_s8_pgml,fgf21_S.8 (pg/ml),,Empty CSV cells and NaN denote missing observations
data/phenotype/phenotype_scores.csv,gdf15_t_fasting1,gdf15_t_Fasting1,,Empty CSV cells and NaN denote missing observations
data/phenotype/phenotype_scores.csv,gdf15_t_minus5,gdf15_t_Minus5,,Empty CSV cells and NaN denote missing observations
data/phenotype/phenotype_scores.csv,gdf15_t_5,gdf15_t_5,,Empty CSV cells and NaN denote missing observations
data/phenotype/phenotype_scores.csv,gdf15_t_10,gdf15_t_10,,Empty CSV cells and NaN denote missing observations
data/phenotype/phenotype_scores.csv,gdf15_t_20,gdf15_t_20,,Empty CSV cells and NaN denote missing observations
data/phenotype/phenotype_scores.csv,gdf15_t_30,gdf15_t_30,,Empty CSV cells and NaN denote missing observations
data/phenotype/phenotype_scores.csv,gdf15_t_60,gdf15_t_60,,Empty CSV cells and NaN denote missing observations
data/phenotype/phenotype_scores.csv,gdf15_t_90,gdf15_t_90,,Empty CSV cells and NaN denote missing observations
data/phenotype/phenotype_scores.csv,gdf15_t_120,gdf15_t_120,,Empty CSV cells and NaN denote missing observations
data/phenotype/phenotype_scores.csv,lactate_nmolul__t_m5,Lactate Concentration (nmol/uL) - Time -5,,Empty CSV cells and NaN denote missing observations
data/phenotype/phenotype_scores.csv,lactate_nmolul__t_5,Lactate Concentration (nmol/uL) - Time 5,,Empty CSV cells and NaN denote missing observations
data/phenotype/phenotype_scores.csv,lactate_nmolul__t_10,Lactate Concentration (nmol/uL) - Time 10,,Empty CSV cells and NaN denote missing observations
data/phenotype/phenotype_scores.csv,lactate_nmolul__t_20,Lactate Concentration (nmol/uL) - Time 20,,Empty CSV cells and NaN denote missing observations
data/phenotype/phenotype_scores.csv,lactate_nmolul__t_30,Lactate Concentration (nmol/uL) - Time 30,,Empty CSV cells and NaN denote missing observations
data/phenotype/phenotype_scores.csv,lactate_nmolul__t_60,Lactate Concentration (nmol/uL) - Time 60,,Empty CSV cells and NaN denote missing observations
data/phenotype/phenotype_scores.csv,lactate_nmolul__t_90,Lactate Concentration (nmol/uL) - Time 90,,Empty CSV cells and NaN denote missing observations
data/phenotype/phenotype_scores.csv,lactate_nmolul__t_120,Lactate Concentration (nmol/uL) - Time 120,,Empty CSV cells and NaN denote missing observations
data/phenotype/phenotype_scores.csv,ipaq_total_met,Total Physical Activity Score,,Empty CSV cells and NaN denote missing observations
data/phenotype/phenotype_scores.csv,ipaq_intensity,Ipaq intensity Categorical score,,Empty CSV cells and NaN denote missing observations
data/phenotype/phenotype_scores.csv,vf_c1_lf_cor_scaled,Condition 1: Letter Fluency Total Correct Scaled Score,,Empty CSV cells and NaN denote missing observations
data/phenotype/phenotype_scores.csv,vf_c1_cf_cor_scaled,Condition 1: Category Fluency Total Correct Scaled Score,,Empty CSV cells and NaN denote missing observations
data/phenotype/phenotype_scores.csv,vf_c1_cs_cor_scaled,Condition 1: Category Switching Total Correct Scaled Score,,Empty CSV cells and NaN denote missing observations
data/phenotype/phenotype_scores.csv,vf_c1_cs_tsa_scaled,Condition 1: Category Switching Total Switching Accuracy Scaled Score,,Empty CSV cells and NaN denote missing observations
data/phenotype/phenotype_scores.csv,nab_shl_irg_perc,Screening Shape Learning Immediate Recognition Percentile,,Empty CSV cells and NaN denote missing observations
data/phenotype/phenotype_scores.csv,nab_shl_drg_perc,Screening Shape Learning Delayed Recognition Percentile,,Empty CSV cells and NaN denote missing observations
data/phenotype/phenotype_scores.csv,rbans_cd_scaled,coding naming scaled score,,Empty CSV cells and NaN denote missing observations
data/phenotype/phenotype_scores.csv,rbans_ll_scaled,list learning scaled score,,Empty CSV cells and NaN denote missing observations
data/phenotype/phenotype_scores.csv,nab_snl_spd_perc,Screening Numbers & Letters Part A Speed Percentile,,Empty CSV cells and NaN denote missing observations
data/phenotype/phenotype_scores.csv,tm_ns_scaled,Condition2: Number Sequencing Scaled Score,,Empty CSV cells and NaN denote missing observations
data/phenotype/phenotype_scores.csv,tm_ls_scaled,Condition3: Letter Sequencing Scaled Score,,Empty CSV cells and NaN denote missing observations
data/phenotype/phenotype_scores.csv,tm_nls_scaled,Condition4: Number-Letter Switching Scaled Score,,Empty CSV cells and NaN denote missing observations
data/phenotype/phenotype_scores.csv,nab_sdgf_perc,Screening Digital Forward Percentile,,Empty CSV cells and NaN denote missing observations
data/phenotype/phenotype_scores.csv,nab_sdgb_perc,Screening Digital Backward Percentile,,Empty CSV cells and NaN denote missing observations
data/phenotype/phenotype_scores.csv,cwi_cn_scaled,Condition1: Color Naming Scaled Score,,Empty CSV cells and NaN denote missing observations
data/phenotype/phenotype_scores.csv,cwi_wr_scaled,Condition2: Word Reading Scaled Score,,Empty CSV cells and NaN denote missing observations
data/phenotype/phenotype_scores.csv,cwi_inhib_scaled,Condition3: Inhibition Scaled Score,,Empty CSV cells and NaN denote missing observations
data/phenotype/phenotype_scores.csv,cwi_inh_cn_scaled,Inhibition vs. Color Naming Contrast Scaled Score,,Empty CSV cells and NaN denote missing observations
data/phenotype/phenotype_scores.csv,st_free_corsort_scaled,Confirmed Correct Sorts Scaled Score,,Empty CSV cells and NaN denote missing observations
data/phenotype/phenotype_scores.csv,topf_standrd_score,Standard Score,,Empty CSV cells and NaN denote missing observations
data/phenotype/phenotype_scores.csv,wasi_full_sum_c,Full Scaled-2 Composite Score,,Empty CSV cells and NaN denote missing observations
data/summary/archival_Hedgeg_Ke_Preprocessed_ItemLevel.csv,Variable,Source field Variable,"See result map, source variable name and analysis script; no additional unit assumptions",Empty CSV cells and NaN denote missing observations
data/summary/archival_Hedgeg_Ke_Preprocessed_ItemLevel.csv,Hedges_g,Source field Hedges_g,"See result map, source variable name and analysis script; no additional unit assumptions",Empty CSV cells and NaN denote missing observations
data/summary/archival_Hedgeg_Ke_Preprocessed_ItemLevel.csv,Subcategory,Source field Subcategory,"See result map, source variable name and analysis script; no additional unit assumptions",Empty CSV cells and NaN denote missing observations
data/summary/archival_Hedgeg_Ke_Preprocessed_ItemLevel.csv,P_Value,Source field P_Value,"See result map, source variable name and analysis script; no additional unit assumptions",Empty CSV cells and NaN denote missing observations
data/summary/archival_Hedgeg_Ke_Preprocessed_ItemLevel.csv,Mean_Group1,Source field Mean_Group1,"See result map, source variable name and analysis script; no additional unit assumptions",Empty CSV cells and NaN denote missing observations
data/summary/archival_Hedgeg_Ke_Preprocessed_ItemLevel.csv,Mean_Group2,Source field Mean_Group2,"See result map, source variable name and analysis script; no additional unit assumptions",Empty CSV cells and NaN denote missing observations
data/summary/archival_Hedgeg_Ke_Preprocessed_ItemLevel.csv,Std_Group1,Source field Std_Group1,"See result map, source variable name and analysis script; no additional unit assumptions",Empty CSV cells and NaN denote missing observations
data/summary/archival_Hedgeg_Ke_Preprocessed_ItemLevel.csv,Std_Group2,Source field Std_Group2,"See result map, source variable name and analysis script; no additional unit assumptions",Empty CSV cells and NaN denote missing observations
data/summary/archival_Hedgeg_Ke_Preprocessed_ItemLevel.csv,N_Group1,Source field N_Group1,"See result map, source variable name and analysis script; no additional unit assumptions",Empty CSV cells and NaN denote missing observations
data/summary/archival_Hedgeg_Ke_Preprocessed_ItemLevel.csv,N_Group2,Source field N_Group2,"See result map, source variable name and analysis script; no additional unit assumptions",Empty CSV cells and NaN denote missing observations
data/summary/archival_Hedgeg_Ke_Preprocessed_WedgePlot.csv,Variable,Source field Variable,"See result map, source variable name and analysis script; no additional unit assumptions",Empty CSV cells and NaN denote missing observations
data/summary/archival_Hedgeg_Ke_Preprocessed_WedgePlot.csv,Hedges_g,Source field Hedges_g,"See result map, source variable name and analysis script; no additional unit assumptions",Empty CSV cells and NaN denote missing observations
data/summary/archival_Hedgeg_Ke_Preprocessed_WedgePlot.csv,Subcategory,Source field Subcategory,"See result map, source variable name and analysis script; no additional unit assumptions",Empty CSV cells and NaN denote missing observations
data/summary/archival_Hedgeg_Ke_Preprocessed_WedgePlot.csv,P_Value,Source field P_Value,"See result map, source variable name and analysis script; no additional unit assumptions",Empty CSV cells and NaN denote missing observations
data/summary/archival_Hedgeg_Ke_Preprocessed_WedgePlot.csv,Mean_Control,Source field Mean_Control,"See result map, source variable name and analysis script; no additional unit assumptions",Empty CSV cells and NaN denote missing observations
data/summary/archival_Hedgeg_Ke_Preprocessed_WedgePlot.csv,Mean_Patient,Source field Mean_Patient,"See result map, source variable name and analysis script; no additional unit assumptions",Empty CSV cells and NaN denote missing observations
data/summary/archival_Hedgeg_Ke_Preprocessed_WedgePlot.csv,SD_Control,Source field SD_Control,"See result map, source variable name and analysis script; no additional unit assumptions",Empty CSV cells and NaN denote missing observations
data/summary/archival_Hedgeg_Ke_Preprocessed_WedgePlot.csv,SD_Patient,Source field SD_Patient,"See result map, source variable name and analysis script; no additional unit assumptions",Empty CSV cells and NaN denote missing observations
data/summary/archival_Hedgeg_Ke_Preprocessed_WedgePlot.csv,N_Control,Source field N_Control,"See result map, source variable name and analysis script; no additional unit assumptions",Empty CSV cells and NaN denote missing observations
data/summary/archival_Hedgeg_Ke_Preprocessed_WedgePlot.csv,N_Patient,Source field N_Patient,"See result map, source variable name and analysis script; no additional unit assumptions",Empty CSV cells and NaN denote missing observations
data/summary/archival_Hedgeg_Ke_Preprocessed_WedgePlot.csv,FDR_PValue,Source field FDR_PValue,"See result map, source variable name and analysis script; no additional unit assumptions",Empty CSV cells and NaN denote missing observations
data/summary/archival_Hedgeg_Ke_Preprocessed_WedgePlot.csv,PassFDR,Source field PassFDR,"See result map, source variable name and analysis script; no additional unit assumptions",Empty CSV cells and NaN denote missing observations
data/summary/archival_Hedgeg_Ke_Preprocessed_WithFDR.csv,Variable,Source field Variable,"See result map, source variable name and analysis script; no additional unit assumptions",Empty CSV cells and NaN denote missing observations
data/summary/archival_Hedgeg_Ke_Preprocessed_WithFDR.csv,Hedges_g,Source field Hedges_g,"See result map, source variable name and analysis script; no additional unit assumptions",Empty CSV cells and NaN denote missing observations
data/summary/archival_Hedgeg_Ke_Preprocessed_WithFDR.csv,Subcategory,Source field Subcategory,"See result map, source variable name and analysis script; no additional unit assumptions",Empty CSV cells and NaN denote missing observations
data/summary/archival_Hedgeg_Ke_Preprocessed_WithFDR.csv,P_Value,Source field P_Value,"See result map, source variable name and analysis script; no additional unit assumptions",Empty CSV cells and NaN denote missing observations
data/summary/archival_Hedgeg_Ke_Preprocessed_WithFDR.csv,Mean_Group1,Source field Mean_Group1,"See result map, source variable name and analysis script; no additional unit assumptions",Empty CSV cells and NaN denote missing observations
data/summary/archival_Hedgeg_Ke_Preprocessed_WithFDR.csv,Mean_Group2,Source field Mean_Group2,"See result map, source variable name and analysis script; no additional unit assumptions",Empty CSV cells and NaN denote missing observations
data/summary/archival_Hedgeg_Ke_Preprocessed_WithFDR.csv,Std_Group1,Source field Std_Group1,"See result map, source variable name and analysis script; no additional unit assumptions",Empty CSV cells and NaN denote missing observations
data/summary/archival_Hedgeg_Ke_Preprocessed_WithFDR.csv,Std_Group2,Source field Std_Group2,"See result map, source variable name and analysis script; no additional unit assumptions",Empty CSV cells and NaN denote missing observations
data/summary/archival_Hedgeg_Ke_Preprocessed_WithFDR.csv,N_Group1,Source field N_Group1,"See result map, source variable name and analysis script; no additional unit assumptions",Empty CSV cells and NaN denote missing observations
data/summary/archival_Hedgeg_Ke_Preprocessed_WithFDR.csv,N_Group2,Source field N_Group2,"See result map, source variable name and analysis script; no additional unit assumptions",Empty CSV cells and NaN denote missing observations
data/summary/archival_Hedgeg_Ke_Preprocessed_WithFDR.csv,FDR_PValue,Source field FDR_PValue,"See result map, source variable name and analysis script; no additional unit assumptions",Empty CSV cells and NaN denote missing observations
data/summary/archival_Hedgeg_Ke_Preprocessed_WithFDR.csv,PassFDR,Source field PassFDR,"See result map, source variable name and analysis script; no additional unit assumptions",Empty CSV cells and NaN denote missing observations
data/summary/archival_MISBIE_Behavior_Correlation_FDR_AgeCorrected.csv,Variable,Source field Variable,"See result map, source variable name and analysis script; no additional unit assumptions",Empty CSV cells and NaN denote missing observations
data/summary/archival_MISBIE_Behavior_Correlation_FDR_AgeCorrected.csv,R,Source field R,"See result map, source variable name and analysis script; no additional unit assumptions",Empty CSV cells and NaN denote missing observations
data/summary/archival_MISBIE_Behavior_Correlation_FDR_AgeCorrected.csv,p,Source field p,"See result map, source variable name and analysis script; no additional unit assumptions",Empty CSV cells and NaN denote missing observations
data/summary/archival_MISBIE_Behavior_Correlation_FDR_AgeCorrected.csv,p_FDR,Source field p_FDR,"See result map, source variable name and analysis script; no additional unit assumptions",Empty CSV cells and NaN denote missing observations
data/summary/archival_MISBIE_Behavior_Correlation_FDR_AgeCorrected.csv,Sig_FDR,Source field Sig_FDR,"See result map, source variable name and analysis script; no additional unit assumptions",Empty CSV cells and NaN denote missing observations
data/summary/archival_MISBIE_Behavior_Correlation_FDR_AgeCorrected.csv,N,Source field N,"See result map, source variable name and analysis script; no additional unit assumptions",Empty CSV cells and NaN denote missing observations
data/summary/archival_MISBIE_Brain_Correlation_FDR_AgeCorrected.csv,Variable,Source field Variable,"See result map, source variable name and analysis script; no additional unit assumptions",Empty CSV cells and NaN denote missing observations
data/summary/archival_MISBIE_Brain_Correlation_FDR_AgeCorrected.csv,R,Source field R,"See result map, source variable name and analysis script; no additional unit assumptions",Empty CSV cells and NaN denote missing observations
data/summary/archival_MISBIE_Brain_Correlation_FDR_AgeCorrected.csv,p,Source field p,"See result map, source variable name and analysis script; no additional unit assumptions",Empty CSV cells and NaN denote missing observations
data/summary/archival_MISBIE_Brain_Correlation_FDR_AgeCorrected.csv,p_FDR,Source field p_FDR,"See result map, source variable name and analysis script; no additional unit assumptions",Empty CSV cells and NaN denote missing observations
data/summary/archival_MISBIE_Brain_Correlation_FDR_AgeCorrected.csv,Sig_FDR,Source field Sig_FDR,"See result map, source variable name and analysis script; no additional unit assumptions",Empty CSV cells and NaN denote missing observations
data/summary/archival_MISBIE_Brain_Correlation_FDR_AgeCorrected.csv,N,Source field N,"See result map, source variable name and analysis script; no additional unit assumptions",Empty CSV cells and NaN denote missing observations
data/summary/reported_Table_S1.csv,Variable,Source field Variable,"See result map, source variable name and analysis script; no additional unit assumptions",Empty CSV cells and NaN denote missing observations
data/summary/reported_Table_S1.csv,Category,Source field Category,"See result map, source variable name and analysis script; no additional unit assumptions",Empty CSV cells and NaN denote missing observations
data/summary/reported_Table_S1.csv,g,Source field g,"See result map, source variable name and analysis script; no additional unit assumptions",Empty CSV cells and NaN denote missing observations
data/summary/reported_Table_S1.csv,M (Controls),Source field M (Controls),"See result map, source variable name and analysis script; no additional unit assumptions",Empty CSV cells and NaN denote missing observations
data/summary/reported_Table_S1.csv,SD (Controls),Source field SD (Controls),"See result map, source variable name and analysis script; no additional unit assumptions",Empty CSV cells and NaN denote missing observations
data/summary/reported_Table_S1.csv,N (Controls),Source field N (Controls),"See result map, source variable name and analysis script; no additional unit assumptions",Empty CSV cells and NaN denote missing observations
data/summary/reported_Table_S1.csv,M (Patients),Source field M (Patients),"See result map, source variable name and analysis script; no additional unit assumptions",Empty CSV cells and NaN denote missing observations
data/summary/reported_Table_S1.csv,SD (Patients),Source field SD (Patients),"See result map, source variable name and analysis script; no additional unit assumptions",Empty CSV cells and NaN denote missing observations
data/summary/reported_Table_S1.csv,N (Patients),Source field N (Patients),"See result map, source variable name and analysis script; no additional unit assumptions",Empty CSV cells and NaN denote missing observations
data/summary/reported_Table_S1.csv,p,Source field p,"See result map, source variable name and analysis script; no additional unit assumptions",Empty CSV cells and NaN denote missing observations
data/summary/reported_Table_S1.csv,q (FDR),Source field q (FDR),"See result map, source variable name and analysis script; no additional unit assumptions",Empty CSV cells and NaN denote missing observations
data/summary/reported_Table_S2.csv,Variable,Source field Variable,"See result map, source variable name and analysis script; no additional unit assumptions",Empty CSV cells and NaN denote missing observations
data/summary/reported_Table_S2.csv,R,Source field R,"See result map, source variable name and analysis script; no additional unit assumptions",Empty CSV cells and NaN denote missing observations
data/summary/reported_Table_S2.csv,p,Source field p,"See result map, source variable name and analysis script; no additional unit assumptions",Empty CSV cells and NaN denote missing observations
data/summary/reported_Table_S2.csv,p_FDR,Source field p_FDR,"See result map, source variable name and analysis script; no additional unit assumptions",Empty CSV cells and NaN denote missing observations
data/summary/reported_Table_S2.csv,Sig_FDR,Source field Sig_FDR,"See result map, source variable name and analysis script; no additional unit assumptions",Empty CSV cells and NaN denote missing observations
data/summary/reported_Table_S2.csv,N,Source field N,"See result map, source variable name and analysis script; no additional unit assumptions",Empty CSV cells and NaN denote missing observations
data/summary/reported_Table_S3.csv,Variable,Source field Variable,"See result map, source variable name and analysis script; no additional unit assumptions",Empty CSV cells and NaN denote missing observations
data/summary/reported_Table_S3.csv,R,Source field R,"See result map, source variable name and analysis script; no additional unit assumptions",Empty CSV cells and NaN denote missing observations
data/summary/reported_Table_S3.csv,p,Source field p,"See result map, source variable name and analysis script; no additional unit assumptions",Empty CSV cells and NaN denote missing observations
data/summary/reported_Table_S3.csv,p_FDR,Source field p_FDR,"See result map, source variable name and analysis script; no additional unit assumptions",Empty CSV cells and NaN denote missing observations
data/summary/reported_Table_S3.csv,Sig_FDR,Source field Sig_FDR,"See result map, source variable name and analysis script; no additional unit assumptions",Empty CSV cells and NaN denote missing observations
data/summary/reported_Table_S3.csv,N,Source field N,"See result map, source variable name and analysis script; no additional unit assumptions",Empty CSV cells and NaN denote missing observations
data/summary/reported_Table_S4.csv,Covariate,Source field Covariate,"See result map, source variable name and analysis script; no additional unit assumptions",Empty CSV cells and NaN denote missing observations
data/summary/reported_Table_S4.csv,ρ with outcome,Source field ρ with outcome,"See result map, source variable name and analysis script; no additional unit assumptions",Empty CSV cells and NaN denote missing observations
data/summary/reported_Table_S4.csv,p,Source field p,"See result map, source variable name and analysis script; no additional unit assumptions",Empty CSV cells and NaN denote missing observations
data/summary/reported_Table_S4.csv,Adjusted ρ,Source field Adjusted ρ,"See result map, source variable name and analysis script; no additional unit assumptions",Empty CSV cells and NaN denote missing observations
data/summary/reported_Table_S4.csv,Adjusted p,Source field Adjusted p,"See result map, source variable name and analysis script; no additional unit assumptions",Empty CSV cells and NaN denote missing observations
data/summary/reported_Table_S4.csv,n,Source field n,"See result map, source variable name and analysis script; no additional unit assumptions",Empty CSV cells and NaN denote missing observations
data/summary/reported_Table_S5.csv,Covariate,Source field Covariate,"See result map, source variable name and analysis script; no additional unit assumptions",Empty CSV cells and NaN denote missing observations
data/summary/reported_Table_S5.csv,ρ with outcome,Source field ρ with outcome,"See result map, source variable name and analysis script; no additional unit assumptions",Empty CSV cells and NaN denote missing observations
data/summary/reported_Table_S5.csv,p,Source field p,"See result map, source variable name and analysis script; no additional unit assumptions",Empty CSV cells and NaN denote missing observations
data/summary/reported_Table_S5.csv,Adjusted ρ,Source field Adjusted ρ,"See result map, source variable name and analysis script; no additional unit assumptions",Empty CSV cells and NaN denote missing observations
data/summary/reported_Table_S5.csv,Adjusted p,Source field Adjusted p,"See result map, source variable name and analysis script; no additional unit assumptions",Empty CSV cells and NaN denote missing observations
data/summary/reported_Table_S5.csv,n,Source field n,"See result map, source variable name and analysis script; no additional unit assumptions",Empty CSV cells and NaN denote missing observations
data/summary/table_s1_original_summary.csv,Variable,Source field Variable,"See result map, source variable name and analysis script; no additional unit assumptions",Empty CSV cells and NaN denote missing observations
data/summary/table_s1_original_summary.csv,Hedges_g,Source field Hedges_g,"See result map, source variable name and analysis script; no additional unit assumptions",Empty CSV cells and NaN denote missing observations
data/summary/table_s1_original_summary.csv,Mean_Control,Source field Mean_Control,"See result map, source variable name and analysis script; no additional unit assumptions",Empty CSV cells and NaN denote missing observations
data/summary/table_s1_original_summary.csv,Mean_Patient,Source field Mean_Patient,"See result map, source variable name and analysis script; no additional unit assumptions",Empty CSV cells and NaN denote missing observations
data/summary/table_s1_original_summary.csv,SD_Control,Source field SD_Control,"See result map, source variable name and analysis script; no additional unit assumptions",Empty CSV cells and NaN denote missing observations
data/summary/table_s1_original_summary.csv,SD_Patient,Source field SD_Patient,"See result map, source variable name and analysis script; no additional unit assumptions",Empty CSV cells and NaN denote missing observations
data/summary/table_s1_original_summary.csv,N_Control,Source field N_Control,"See result map, source variable name and analysis script; no additional unit assumptions",Empty CSV cells and NaN denote missing observations
data/summary/table_s1_original_summary.csv,N_Patient,Source field N_Patient,"See result map, source variable name and analysis script; no additional unit assumptions",Empty CSV cells and NaN denote missing observations
data/summary/table_s1_original_summary.csv,P_Original,Source field P_Original,"See result map, source variable name and analysis script; no additional unit assumptions",Empty CSV cells and NaN denote missing observations
data/summary/table_s1_reconciled.csv,variable,Source field variable,"See result map, source variable name and analysis script; no additional unit assumptions",Empty CSV cells and NaN denote missing observations
data/summary/table_s1_reconciled.csv,category,Source field category,"See result map, source variable name and analysis script; no additional unit assumptions",Empty CSV cells and NaN denote missing observations
data/summary/table_s1_reconciled.csv,n_control,Source field n_control,"See result map, source variable name and analysis script; no additional unit assumptions",Empty CSV cells and NaN denote missing observations
data/summary/table_s1_reconciled.csv,n_patient,Source field n_patient,"See result map, source variable name and analysis script; no additional unit assumptions",Empty CSV cells and NaN denote missing observations
data/summary/table_s1_reconciled.csv,mean_control,Source field mean_control,"See result map, source variable name and analysis script; no additional unit assumptions",Empty CSV cells and NaN denote missing observations
data/summary/table_s1_reconciled.csv,mean_patient,Source field mean_patient,"See result map, source variable name and analysis script; no additional unit assumptions",Empty CSV cells and NaN denote missing observations
data/summary/table_s1_reconciled.csv,sd_control,Source field sd_control,"See result map, source variable name and analysis script; no additional unit assumptions",Empty CSV cells and NaN denote missing observations
data/summary/table_s1_reconciled.csv,sd_patient,Source field sd_patient,"See result map, source variable name and analysis script; no additional unit assumptions",Empty CSV cells and NaN denote missing observations
data/summary/table_s1_reconciled.csv,g,Source field g,"See result map, source variable name and analysis script; no additional unit assumptions",Empty CSV cells and NaN denote missing observations
data/summary/table_s1_reconciled.csv,p_welch,Source field p_welch,"See result map, source variable name and analysis script; no additional unit assumptions",Empty CSV cells and NaN denote missing observations
data/summary/table_s1_reconciled.csv,q,Source field q,"See result map, source variable name and analysis script; no additional unit assumptions",Empty CSV cells and NaN denote missing observations
data/summary/table_s1_reconciled.csv,validation,Source field validation,"See result map, source variable name and analysis script; no additional unit assumptions",Empty CSV cells and NaN denote missing observations
